dealerId,dealerName,city,district,mandal,pincode,rta_office,brand_inferred,dealer_type,region_cluster,dup_group_size
46,SRI VINAYAKA MOBIKES PVT LTD,HYDERABAD,HYDERABAD,AMBERPET,500027,RTA-HYDERABAD-CZ,Bajaj,Two-wheeler dealer,Hyderabad metro,1
47,SRI VINAYAKA AUTOMOBILES PVT LTD,HYDERABAD,HYDERABAD,AMBERPET,500027,RTA-HYDERABAD-CZ,Bajaj,Two-wheeler dealer,Hyderabad metro,1
72,SRI VINAYAKA MOBIKES PVT LTD,HYDERABAD,HYDERABAD,BAHADURPURA,500064,RTA-HYDERABAD-SZ,Bajaj,Two-wheeler dealer,Hyderabad metro,1
73,SRI VINAYAKA AUTOMOBILES PVT LTD,HYDERABAD,HYDERABAD,NAMPALLY,500001,RTA-HYDERABAD-CZ,Bajaj,Two-wheeler dealer,Hyderabad metro,1
74,SRI VINAYAKA MOBIKES PVT LTD,SECUNDERABAD,HYDERABAD,BEGUMPET,500003,RTA-HYDERABAD-NZ,Bajaj,Two-wheeler dealer,Hyderabad metro,1
104,ACER MOTORS,SECUNDERABAD,HYDERABAD,SECUNDRABAD,500015,RTA-HYDERABAD-NZ,,Automobile dealer (brand unknown),Hyderabad metro,1
108,M/S. R.K.S. MOTOR PVT. LTD.,HYDERABAD,HYDERABAD,KHAIRATABAD,500082,RTA-HYDERABAD-CZ,,Automobile dealer (brand unknown),Hyderabad metro,1
110,PHOENIX MOTORS(M/C DIV)PVT.LTD,HYDERABAD,MEDCHAL M-GIRI,UPPAL,500039,RTA UPPAL,,Automobile dealer (brand unknown),Hyderabad metro,1
112,KUNUNITEDCARTRAXPVTLTD,HYDERABAD,HYDERABAD,KHAIRATABAD,500082,RTA-HYDERABAD-CZ,,Automobile dealer (brand unknown),Hyderabad metro,1
125,SRI JAYLAKSHMI AUTOMOTIVES PVT LTD,HYDERABAD,HYDERABAD,HIMAYAT NAGAR,500029,RTA-HYDERABAD-CZ,,Automobile dealer (brand unknown),Hyderabad metro,1
192,KATAKAM AGRO SERVICES,KHAMMAM,KHAMMAM,KHAMMAM URBAN,507003,RTA KHAMMAM,,Tractor / farm equipment,Rest of Telangana,1
194,KATKAM MOTORS,KHAMMAM,KHAMMAM,KHAMMAM URBAN,507002,RTA KHAMMAM,,Automobile dealer (brand unknown),Rest of Telangana,1
209,AUTOFINLIMITED,SECUNDERABAD,HYDERABAD,CONTONMENT AREA,500011,RTA-HYDERABAD-NZ,,Automobile dealer (brand unknown),Hyderabad metro,1
232,JSP AUTOMOTIVE,RANGA REDDY,MEDCHAL M-GIRI,QUTHUBULLAPUR,500072,RTA MEDCHAL,,Automobile dealer (brand unknown),Hyderabad metro,1
233,FORTUNE MOTORS PVT. LTD.,SECUNDERABAD,HYDERABAD,SECUNDRABAD,500003,RTA-HYDERABAD-NZ,,Automobile dealer (brand unknown),Hyderabad metro,1
236,MAHAVIR AUTO DIAGNOSTICS PRIVATE LIMITED,HYDERABAD,HYDERABAD,KHAIRATABAD,500082,RTA-HYDERABAD-CZ,Skoda-VW,Car / CV dealer,Hyderabad metro,1
238,VARUN MOTORS PVT LTD,HYDERABAD,HYDERABAD,KHAIRATABAD,500016,RTA-HYDERABAD-CZ,Maruti Suzuki,Automobile dealer (brand unknown),Hyderabad metro,1
239,ADISHWAR AUTO DIAGNOSTICS PRIVATE LIMITED,RANGA REDDY DIST,RANGA REDDY,SERILINGAMPALLY,500081,RTA RANGAREDDY,,Automobile dealer (brand unknown),Hyderabad metro,1
248,M G SCOOTERS,HYDERABAD,HYDERABAD,AMEERPET,500018,RTA-HYDERABAD-CZ,,Two-wheeler dealer,Hyderabad metro,1
249,PRATHULAUTOMOBILES P LTD,HYDERABAD,HYDERABAD,KHAIRATABAD,500082,RTA-HYDERABAD-CZ,,Automobile dealer (brand unknown),Hyderabad metro,1
265,M/S.LAKSHMI MOTORS,HYDERABAD,HYDERABAD,KHAIRATABAD,500082,RTA-HYDERABAD-CZ,Honda,Two-wheeler dealer,Hyderabad metro,1
266,SRI LAKSHMI MOTORS,HYDERABAD,HYDERABAD,MALAKPET,500036,RTA-HYDERABAD-EZ,Honda,Two-wheeler dealer,Hyderabad metro,1
267,VENKATESHA MOTORS,SOMAJIGUDA,HYDERABAD,SOMAJIGUDA,500082,RTA-HYDERABAD-CZ,Yamaha,Two-wheeler dealer,Hyderabad metro,1
274,THE MITHRA AGENCIES,HYDERABAD,HYDERABAD,HIMAYAT NAGAR,500029,RTA-HYDERABAD-CZ,,Automobile dealer (brand unknown),Hyderabad metro,1
278,M/S SUSHEEL MOTORS PVT LTD.,KUKATPALLY,MEDCHAL M-GIRI,BALANAGAR,500072,UNIT OFFICE KUKATPALLY,,Automobile dealer (brand unknown),Hyderabad metro,1
291,SABOO MARKETING & SERVICES (P) LTD.,SECUNDERABAD,HYDERABAD,RP ROAD,500003,RTA-HYDERABAD-NZ,Maruti Suzuki,Automobile dealer (brand unknown),Hyderabad metro,1
300,ROYAL ENFIELD,HYDERABAD,HYDERABAD,ERRAGADDA,500038,RTA-HYDERABAD-CZ,Royal Enfield,Two-wheeler dealer,Hyderabad metro,1
305,PEARL MOTO,HYDERABAD,RANGA REDDY,SERILINGAMPALLY,500032,RTA RANGAREDDY,,Automobile dealer (brand unknown),Hyderabad metro,1
306,RAJYALAKSHMI MOTORS,KOTHAGUDEM,BHADRADRI,KOTHAGUDEM,507101,RTA BHADRADRI,,Automobile dealer (brand unknown),Rest of Telangana,1
321,M/S. AUTOMOTIVE MANUFACTURERS PRIVATE LIMITED,KODAD,SURYAPET,KODAD,508206,RTA SURYAPET,,Automobile dealer (brand unknown),Rest of Telangana,1
325,M/S JASPER INDUSTRIES PRIVATE LIMITED,"KHAIRATABAD CIRCLE, HYDERABAD",HYDERABAD,KHAIRATABAD,500004,RTA-HYDERABAD-CZ,,Body builder / fabricator,Hyderabad metro,1
339,AADI MOTORS (P) LTD,HYDERABAD,HYDERABAD,SAIDABAD,500036,RTA-HYDERABAD-EZ,Honda,Two-wheeler dealer,Hyderabad metro,1
345,AUTOMOTIVE MANUFACTURERS PVT LTD,SECUNDERABAD,HYDERABAD,SECUNDRABAD,500003,RTA-HYDERABAD-NZ,,Automobile dealer (brand unknown),Hyderabad metro,1
353,M/S. KUN UNITED CAR TRAX PVT LTD,HYDERABAD,RANGA REDDY,SERILINGAMPALLY,500084,RTA RANGAREDDY,,Automobile dealer (brand unknown),Hyderabad metro,1
359,HARSHA AUTOMOTIVE PVT LTD,HYDERABAD,RANGA REDDY,SERILINGAMPALLY,500084,RTA RANGAREDDY,,Automobile dealer (brand unknown),Hyderabad metro,1
367,SREE KRISHNA MOTORS,MIRYALGUDA,NALGONDA,MIRYALGUDA,508207,UNIT OFFICE MIRYALAGUDA,,Automobile dealer (brand unknown),Rest of Telangana,1
369,M/S VENKATARAMANA MOTORS,NALGONDA,NALGONDA,NALGONDA,508001,RTA NALGONDA,Honda,Two-wheeler dealer,Rest of Telangana,1
372,SREENIVASA MECHANICAL WORKS,KODAD,SURYAPET,KODAD,508206,UNIT OFFICE KODAD,,Body builder / fabricator,Rest of Telangana,1
373,SREE LV MOTORS LLP,NALGONDA,NALGONDA,NALGONDA,508001,RTA NALGONDA,,Automobile dealer (brand unknown),Rest of Telangana,1
399,GEM MOTORS (INDIA) PVT LTD,HYDERABAD,RANGA REDDY,SERILINGAMPALLY,500084,RTA RANGAREDDY,,Automobile dealer (brand unknown),Hyderabad metro,1
424,MAHI MOTORS,MANCHERIAL,MANCHERIYAL,MANCHERIAL,504208,RTA MANCHERIAL,,Automobile dealer (brand unknown),Rest of Telangana,1
428,SREE VAISHNAVI AUTOMOBILES,WARANGAL,HANUMAKONDA,HANAMKONDA,506001,RTA HANUMAKONDA,,Automobile dealer (brand unknown),Rest of Telangana,1
444,M/S ASHVINI AUTOMOBILES,MAHABUBNAGAR,MAHABOOBNAGAR,MAHBUBNAGAR,509001,RTA MAHABOOBNAGAR,Honda,Two-wheeler dealer,Rest of Telangana,1
450,NAGARJUNA AUTO AGENCY,WARANGAL,WARANGAL,WARANGAL,506007,RTA WARANGAL,Honda,Two-wheeler dealer,Rest of Telangana,1
465,HEMA MOTORS PRIVATE LIMITED,WARANGAL,WARANGAL,WARANGAL,506002,RTA WARANGAL,Hyundai,Car / CV dealer,Rest of Telangana,1
466,RAMCOR MARKETING PVT LTD,HYDERABAD,HYDERABAD,SECUNDRABAD,500036,RTA-HYDERABAD-EZ,,Automobile dealer (brand unknown),Hyderabad metro,1
468,SRI VINAYAKA AUTOMOBILES PVT LTD,MAHABOOBNAGAR,MAHABOOBNAGAR,MAHBUBNAGAR,509001,RTA MAHABOOBNAGAR,Bajaj,Two-wheeler dealer,Rest of Telangana,1
482,SRI SRI SRI AUTOMOBILES,WARANGAL,WARANGAL,WARANGAL,506002,RTA WARANGAL,,Automobile dealer (brand unknown),Rest of Telangana,1
483,SRI VENKANNA MOTORS PVT LTD,HYDERABAD,SANGAREDDY,PATANCHERU,502032,UNIT OFFICE PATANCHERUVU,Honda,Two-wheeler dealer,Hyderabad metro,1
501,VENKATESHWARA MOTORS,HYDERABAD,HYDERABAD,HIMAYAT NAGAR,500029,RTA-HYDERABAD-CZ,,Automobile dealer (brand unknown),Hyderabad metro,1
506,AUTOFIN LIMITED,HYDERABAD,HYDERABAD,HIMAYAT NAGAR,500029,RTA-HYDERABAD-CZ,,Automobile dealer (brand unknown),Hyderabad metro,1
508,VARIETY MOTORS,HYDERABAD,HYDERABAD,SANTOSHNAGAR,500059,RTA-HYDERABAD-EZ,Honda,Two-wheeler dealer,Hyderabad metro,1
523,BIJAY AUTOMOBILES,NIZAMABAD,NIZAMABAD,NIZAMABAD,503230,RTA NIZAMABAD,,Automobile dealer (brand unknown),Rest of Telangana,1
528,ADARSHA MOTOR SALES PRIVATE LTD,KARIMNAGAR,KARIMNAGAR,KARIMNAGAR URBAN,505001,RTA KARIMNAGAR,,Automobile dealer (brand unknown),Rest of Telangana,1
534,NARMADA ENGINEERING COMPANY,MAHABOOBNAGAR,MAHABOOBNAGAR,MAHBUBNAGAR,509001,RTA MAHABOOBNAGAR,Honda,Body builder / fabricator,Rest of Telangana,1
538,ADARSHA AUTOMOTIVES PRIVATE LIMITED,KARIMNAGAR,KARIMNAGAR,KARIMNAGAR URBAN,505001,RTA KARIMNAGAR,,Automobile dealer (brand unknown),Rest of Telangana,1
585,A.V.MOTORS,HYDERABAD,HYDERABAD,Towli Chowki,500004,RTA-HYDERABAD-WZ,,Automobile dealer (brand unknown),Hyderabad metro,1
592,VENKATESHWARA ENTERPRISES,NIZAMABAD,NIZAMABAD,NIZAMABAD,503002,RTA NIZAMABAD,Honda,Two-wheeler dealer,Rest of Telangana,1
634,SRI JAYARAMA AUTOMOITVES PVT.LTD.,MAHABUBNAGAR,MAHABOOBNAGAR,MAHBUBNAGAR,509002,RTA MAHABOOBNAGAR,,Automobile dealer (brand unknown),Rest of Telangana,1
658,ABHINANDAN MOTORS (P) LTD,HYDERABAD,HYDERABAD,KHAIRATABAD,500004,RTA-HYDERABAD-CZ,,Automobile dealer (brand unknown),Hyderabad metro,1
685,M/S. BHANU AUTOMOBILES PVT LTD,HYDERABAD,HYDERABAD,ERRAGADDA,500072,RTA-HYDERABAD-CZ,,Automobile dealer (brand unknown),Hyderabad metro,1
691,MAHALAXMI MOTORS,WARANGAL - 506 002,HANUMAKONDA,HANAMKONDA,506002,RTA HANUMAKONDA,,Automobile dealer (brand unknown),Rest of Telangana,1
731,HAECON EQUIPMENTS,KEESARA,MEDCHAL M-GIRI,GHATKESAR,501301,RTA UPPAL,,Automobile dealer (brand unknown),Hyderabad metro,1
738,CHANDRA MOTORS,ADILABAD,ADILABAD,ADILABAD,504001,RTA ADILABAD,,Automobile dealer (brand unknown),Rest of Telangana,1
740,M/S.M.VINOD KUMAR GEN.ENGG.WORKSHOP,KARIMNAGAR,KARIMNAGAR,KARIMNAGAR URBAN,505001,RTA KARIMNAGAR,,Body builder / fabricator,Rest of Telangana,1
767,SRI HANUMAN ENGINEERING WORKS,NIZAMABAD,KAMAREDDY,YELLAREDDY,503001,RTA KAMAREDDY,,Body builder / fabricator,Rest of Telangana,1
779,SRINIVASA AUTOMOTIVES,WARANGAL,WARANGAL,WARANGAL,506002,RTA WARANGAL,,Automobile dealer (brand unknown),Rest of Telangana,1
783,SRINIVASA ENTERPRISES,WARANGAL,WARANGAL,WARANGAL,506002,RTA WARANGAL,,Automobile dealer (brand unknown),Rest of Telangana,1
797,VENKAT AUTOMOTIVES,KARIMNAGAR,KARIMNAGAR,KARIMNAGAR URBAN,505001,RTA KARIMNAGAR,,Automobile dealer (brand unknown),Rest of Telangana,1
799,VANI MOTORS,WARANGAL,WARANGAL,WARANGAL,506002,RTA WARANGAL,,Automobile dealer (brand unknown),Rest of Telangana,1
800,M/S.COMBINED AUTOMOTIVES,NIRMAL,NIRMAL,SOAN,504105,RTA NIRMAL,,Automobile dealer (brand unknown),Rest of Telangana,1
807,SHANTI KANGAN MOTORS PVT LTD,HYDERABAD,HYDERABAD,HIMAYAT NAGAR,500029,RTA-HYDERABAD-CZ,,Two-wheeler dealer,Hyderabad metro,1
837,"BHANU AUTOMOBILES PVT LTD,ERRAGADA",HYDERABAD,HYDERABAD,AMEERPET,500038,RTA-HYDERABAD-CZ,,Automobile dealer (brand unknown),Hyderabad metro,1
861,VIJAYA LAXMI INDUSTRIES,ARMOOR,NIZAMABAD,ARMOOR,503224,UNIT OFFICE ARMOOR,,Body builder / fabricator,Rest of Telangana,1
888,SARANG AUTOMOTIVES PRIVATE LIMITED,NIZAMABAD,NIZAMABAD,NIZAMABAD,503003,RTA NIZAMABAD,,Automobile dealer (brand unknown),Rest of Telangana,1
910,RAYAPUDI AUTOMOBILES COMPANY PRIVATE LIMITED,KHAMMAM,KHAMMAM,KHAMMAM URBAN,507001,RTA KHAMMAM,Suzuki 2W,Two-wheeler dealer,Rest of Telangana,1
914,VENKATA RAMANA AUTOMOBILES,KHAMMAM,KHAMMAM,KHAMMAM URBAN,507002,RTA KHAMMAM,Bajaj,Two-wheeler dealer,Rest of Telangana,1
923,SAIRAM MOTORS,NIZAMABAD,NIZAMABAD,NIZAMABAD,503003,RTA NIZAMABAD,Honda,Two-wheeler dealer,Rest of Telangana,1
924,SRI RAMA ENGINEERING COMPANY,MAHABUBNAGAR,MAHABOOBNAGAR,MAHBUBNAGAR,509001,RTA MAHABOOBNAGAR,,Body builder / fabricator,Rest of Telangana,1
944,ANIKA BAJAJ,WARANGAL,WARANGAL,WARANGAL,506001,RTA WARANGAL,Bajaj,Two-wheeler dealer,Rest of Telangana,1
954,SATYAM FARM NEEDS,NIZAMABAD,NIZAMABAD,NIZAMABAD,503002,RTA NIZAMABAD,,Tractor / farm equipment,Rest of Telangana,1
986,SREE VENKATESWARA MOTORS (INDIA) PVT. LTD,NIZAMABAD,NIZAMABAD,NIZAMABAD,503230,RTA NIZAMABAD,,Automobile dealer (brand unknown),Rest of Telangana,1
989,VENKATA RAMANA AUTOMOBILES PRIVATE LIMITED,WYRA ROAD,KHAMMAM,KHAMMAM URBAN,507002,RTA KHAMMAM,Mahindra,Car / CV dealer,Rest of Telangana,1
993,VENKATA RAMANA AUTOMOBILES,KOTHAGUDEM,BHADRADRI,KOTHAGUDEM,507101,RTA BHADRADRI,,Automobile dealer (brand unknown),Rest of Telangana,1
996,SELECT MOTORS,WARANGAL,WARANGAL,WARANGAL,506007,RTA WARANGAL,,Automobile dealer (brand unknown),Rest of Telangana,1
999,VVC TRACTORS,KHAMMAM,KHAMMAM,KHAMMAM URBAN,507004,RTA KHAMMAM,,Tractor / farm equipment,Rest of Telangana,1
1012,SUDHA FORCE MOTORS,KARIMNAGAR,KARIMNAGAR,KARIMNAGAR URBAN,505001,RTA KARIMNAGAR,,Automobile dealer (brand unknown),Rest of Telangana,1
1013,M/S.MAHINDRA & MAHINDRA LTD,SECUNDERABAD,HYDERABAD,SECUNDRABAD,500003,RTA-HYDERABAD-NZ,Mahindra,Car / CV dealer,Hyderabad metro,1
1025,VENKATA RAMANA AUTOMOBILES,WARANGAL,WARANGAL,WARANGAL,506002,RTA WARANGAL,Bajaj,Two-wheeler dealer,Rest of Telangana,1
1031,SRI THIRUMALA ENGINEERING WORKS,MAHESHWARAM,RANGA REDDY,MAHESWARAM,501359,RTA IBRAHIMPATNAM,,Body builder / fabricator,Hyderabad metro,1
1032,THIRUMALA ENGINEERING WORKS,MAHESHWARAM,RANGA REDDY,MAHESWARAM,501359,RTA IBRAHIMPATNAM,,Body builder / fabricator,Hyderabad metro,1
1055,VIJAYA AGRO INDUSRIES,YADADRI,YADADRI,BOMMALARAMARAM,508126,RTA YADADRI,,Tractor / farm equipment,Rest of Telangana,1
1060,OM SHRI RAM MOTORS PVT LTD,MANCHERIAL,MANCHERIYAL,MANCHERIAL,504208,RTA MANCHERIAL,Suzuki 2W,Two-wheeler dealer,Rest of Telangana,1
1061,SRI SRI SRI AUTO MOBILES,KHAMMAM,KHAMMAM,KHAMMAM URBAN,507002,RTA KHAMMAM,,Automobile dealer (brand unknown),Rest of Telangana,1
1070,JAYALAXMI ENGINEERING WORKS,MAHABUBNAGAR,MAHABOOBNAGAR,MAHBUBNAGAR,509001,RTA MAHABOOBNAGAR,,Body builder / fabricator,Rest of Telangana,1
1099,STANDARD AUTOMOBILES,KARIMNAGAR,KARIMNAGAR,KARIMNAGAR URBAN,505001,RTA KARIMNAGAR,,Automobile dealer (brand unknown),Rest of Telangana,1
1110,SRI LAXMI NARSIMHA TROLLY WORKS,NIRMAL,NIRMAL,NIRMAL,504106,RTA NIRMAL,,Body builder / fabricator,Rest of Telangana,1
1112,SRI VENKATA RAGHAVA ENGINEERING WORKS,PEDDAPALLI,PEDDAPALLI,PEDDAPALLY,505172,RTA PEDDAPALLI,,Body builder / fabricator,Rest of Telangana,1
1124,M/S PRATHAP ENGG. COMPANY,MAHABUBNAGAR,MAHABOOBNAGAR,MAHBUBNAGAR,509002,RTA MAHABOOBNAGAR,,Body builder / fabricator,Rest of Telangana,1
1127,VENKAT SAI ENTERPRISES PRIVATE LIMI,KARIMNAGAR,KARIMNAGAR,KARIMNAGAR URBAN,505001,RTA KARIMNAGAR,,Automobile dealer (brand unknown),Rest of Telangana,1
1131,SAMRAT MOTORS,KARIMNAGAR,KARIMNAGAR,KARIMNAGAR URBAN,505001,RTA KARIMNAGAR,Honda,Two-wheeler dealer,Rest of Telangana,1
1135,PRAKASH AUTOMOTIVES,NIZAMABAD,NIZAMABAD,NIZAMABAD,503230,RTA NIZAMABAD,Hyundai,Car / CV dealer,Rest of Telangana,1
1159,ADARSHA AUTOMOTIVES PVT LTD,WARANGAL,WARANGAL,WARANGAL,506007,RTA WARANGAL,,Automobile dealer (brand unknown),Rest of Telangana,1
1175,SUN ENGINEERING AGRO INDUSTRIES,SIRCILLA,RAJANNA,SIRCILLA,505301,RTA RAJANNA,,Body builder / fabricator,Rest of Telangana,1
1212,PROVIDENCE AUTOMOBILE RANGE,MAHABOOBNAGAR,MAHABOOBNAGAR,MAHBUBNAGAR,509001,RTA MAHABOOBNAGAR,,Automobile dealer (brand unknown),Rest of Telangana,1
1219,M/S SRI BANDHESESWARA AGRO INDUSTRIES,MAHABOOBNAGAR,MAHABOOBNAGAR,JADCHERLA,509301,RTA MAHABOOBNAGAR,,Body builder / fabricator,Rest of Telangana,1
1220,SAI KISHORE ENGINEERING WORKS,PEDDAPALLY,PEDDAPALLI,PEDDAPALLY,505172,RTA PEDDAPALLI,,Body builder / fabricator,Rest of Telangana,1
1228,RYTHU TRACTORS,MANCHERIAL,MANCHERIYAL,MANCHERIAL,504208,RTA MANCHERIAL,,Tractor / farm equipment,Rest of Telangana,1
1251,VENKAT SAI MOTORS,NIZAMABAD,NIZAMABAD,NIZAMABAD,503230,RTA NIZAMABAD,,Automobile dealer (brand unknown),Rest of Telangana,1
1280,M/S SRI SHIVA AGRO INDUSTRIES,JADCHERLA,MAHABOOBNAGAR,JADCHERLA,509302,RTA MAHABOOBNAGAR,,Body builder / fabricator,Rest of Telangana,1
1283,RANGARAYA AUTO AGENCY,KHAMMAM,KHAMMAM,KHAMMAM URBAN,507002,RTA KHAMMAM,,Automobile dealer (brand unknown),Rest of Telangana,1
1302,SRI RAGHAVA ENGINEERING WORKS,MANCHERIAL,MANCHERIYAL,MANCHERIAL,504208,RTA MANCHERIAL,,Body builder / fabricator,Rest of Telangana,1
1332,RAJA RAJESHWARI AGENCIES,MANCHERIAL,MANCHERIYAL,MANCHERIAL,504208,RTA MANCHERIAL,,Automobile dealer (brand unknown),Rest of Telangana,1
1334,SANSAI MOTORS PVT LTD,NALGONDA,NALGONDA,NALGONDA,508001,RTA NALGONDA,Hyundai,Car / CV dealer,Rest of Telangana,1
1336,SRI SHIVA SAI INTERNATIONAL TRACTORS,JANGAON,JANGOAN,JANGAON,506167,RTA JANGOAN,,Tractor / farm equipment,Rest of Telangana,1
1364,SRI THIRUMALA ENGINEERING WORKS,MANCHERIAL,MANCHERIYAL,MANCHERIAL,504208,RTA MANCHERIAL,,Body builder / fabricator,Rest of Telangana,1
1380,SLN MOTORS,MAHABUBNAGAR,NARAYANPET,NARAYANPET,509208,RTA NARAYANPET,,Automobile dealer (brand unknown),Rest of Telangana,1
1393,VVC TRACTORS,NALGONDA,NALGONDA,NALGONDA,508001,RTA NALGONDA,,Tractor / farm equipment,Rest of Telangana,1
1411,CHILUPURI AUTOMOTIVES PVT LTD,WARANGAL,WARANGAL,WARANGAL,506002,RTA WARANGAL,,Automobile dealer (brand unknown),Rest of Telangana,1
1439,SRI BALAJI AGRO INDUSTRIES,NIZAMABAD,NIZAMABAD,ARMOOR,503002,UNIT OFFICE ARMOOR,,Body builder / fabricator,Rest of Telangana,1
1460,M/S SRI VENKATESHWARA ENGG WORKS,MALLIAL,JAGITYAL,MALLIAL,505452,RTA JAGITYAL,,Body builder / fabricator,Rest of Telangana,1
1504,SRI VENKATARAMANA,METPALLY,JAGITYAL,METPALLY,505325,UNIT OFFICE KORUTLA,,Automobile dealer (brand unknown),Rest of Telangana,1
1509,SRI SAI HARVESTERS SPARES,NIZAMABAD,NIZAMABAD,DICHPALLY,503230,RTA NIZAMABAD,,Tractor / farm equipment,Rest of Telangana,1
1524,SRINIVASA ENGENEERING WORKS,JAGTIAL,JAGITYAL,JAGTIAL,505327,RTA JAGITYAL,,Body builder / fabricator,Rest of Telangana,1
1525,M/S SRI RAGHAVENDRA WELDING WORKS,KARIMNAGAR,KARIMNAGAR,KARIMNAGAR URBAN,505001,RTA KARIMNAGAR,,Body builder / fabricator,Rest of Telangana,1
1528,SRIRAMATRALLYWORKS,NIRMAL,NIRMAL,NIRMAL,504106,RTA NIRMAL,,Body builder / fabricator,Rest of Telangana,1
1531,M/S SAIRAM ENGINEERING WORKS,KARIMNAGAR,KARIMNAGAR,KARIMNAGAR URBAN,505001,RTA KARIMNAGAR,,Body builder / fabricator,Rest of Telangana,1
1532,M/S.MANIKANTA ENGENEERING WORK SHOP,KARIMNAGAR,KARIMNAGAR,KARIMNAGAR URBAN,505001,RTA KARIMNAGAR,,Body builder / fabricator,Rest of Telangana,1
1534,SURYA ENGINEERING CO,KARIMNAGAR,KARIMNAGAR,KARIMNAGAR URBAN,505001,RTA KARIMNAGAR,,Body builder / fabricator,Rest of Telangana,1
1535,NAGARJUNA AGRO SERVICES,NALGONDA,NALGONDA,NALGONDA,508001,RTA NALGONDA,,Tractor / farm equipment,Rest of Telangana,1
1536,SRIVENKATESHWARA TRAILOR WORKS,TANDOOR,VIKARABAD,THANDUR,501141,UNIT OFFICE PARGI,,Body builder / fabricator,Rest of Telangana,1
1539,SRI HANUMAN ENG. WORKS,MANCHERIAL,MANCHERIYAL,MANCHERIAL,504208,RTA MANCHERIAL,,Body builder / fabricator,Rest of Telangana,1
1551,BHARATH ENGINEERING WORKS,WARANGAL,HANUMAKONDA,HANAMKONDA,506009,RTA HANUMAKONDA,,Body builder / fabricator,Rest of Telangana,1
1571,M/S BHARATH ENGINEERING WORKS,VKB,VIKARABAD,PARIGI,501501,RTA VIKARABAD,,Body builder / fabricator,Rest of Telangana,1
1578,M/S CHANDANA LAXMI TRALLY WORKS,NIZAMABAD,NIZAMABAD,NIZAMABAD,503002,RTA NIZAMABAD,,Body builder / fabricator,Rest of Telangana,1
1579,sri new venkateshwara eng.works.,mahabubabad,MAHABUBABAD,MAHABOOBABAD,500001,RTA MAHABUBABAD,,Body builder / fabricator,Rest of Telangana,1
1604,M/S SRI SAI NATH AGRO WORKS,MEDAK,SIDDIPET,GAJWEL,502103,RTA SIDDIPET,,Body builder / fabricator,Rest of Telangana,1
1609,NAGARJUNA AGRO AGENCIES,HUZURNAGAR,SURYAPET,HUZURNAGAR,508204,UNIT OFFICE KODAD,,Tractor / farm equipment,Rest of Telangana,1
1619,M/S RAJA ENGINEERING WORKS,BHUVANAGIRI,YADADRI,BHONGIRI,508116,RTA YADADRI,,Body builder / fabricator,Rest of Telangana,1
1631,M/S SUSHI SRI TRACTORS,BANSWADA,KAMAREDDY,BANSWADA,503187,RTA KAMAREDDY,,Tractor / farm equipment,Rest of Telangana,1
1655,SRISAIENGINEERINGWORKS,MARIKAL,NARAYANPET,DHANWADA,509001,RTA NARAYANPET,,Body builder / fabricator,Rest of Telangana,1
1662,PARAMESHWARA MECHANICAL WORKS,SURYAPET,SURYAPET,SURYAPET,508213,RTA SURYAPET,,Body builder / fabricator,Rest of Telangana,1
1663,SRI LAXMI ENGINEERING & MOTOR WORKS,SURYAPET,SURYAPET,SURYAPET,508213,RTA SURYAPET,,Body builder / fabricator,Rest of Telangana,1
1667,SHRAMAIKA ENGINEERING WORKS,NALGONDA,NALGONDA,NALGONDA,508001,RTA NALGONDA,,Body builder / fabricator,Rest of Telangana,1
1689,M/S.RAVI ENGINEERING WORKS,NALGONDA,NALGONDA,NALGONDA,508001,RTA NALGONDA,,Body builder / fabricator,Rest of Telangana,1
1695,R.R.AUTOMOBILES,PEDDAPALLI,PEDDAPALLI,PEDDAPALLY,505172,RTA PEDDAPALLI,,Automobile dealer (brand unknown),Rest of Telangana,1
1696,VE COMMERCIAL VEHICLES LTD,HYDERABAD,HYDERABAD,BEGUMPET,500016,RTA-HYDERABAD-CZ,,Automobile dealer (brand unknown),Hyderabad metro,1
1716,SRI MALLIKARJUNA ENGINEERING WORKS,NALGONDA,YADADRI,MOTHKUR,508277,RTA YADADRI,,Body builder / fabricator,Rest of Telangana,1
1746,SRI SRINIVASA ENGINEERING WORKS,SURYAPET,SURYAPET,SURYAPET,508213,RTA SURYAPET,,Body builder / fabricator,Rest of Telangana,1
1752,RAMA EXCAVATOR,HANUMAKONDA,HANUMAKONDA,HANAMKONDA,506001,RTA HANUMAKONDA,Bajaj,Two-wheeler dealer,Rest of Telangana,1
1759,SRI SAI KIRAN ENGENEERING WORKS,KHAMMAM,KHAMMAM,KUSUMANCHI,507159,RTA KHAMMAM,,Body builder / fabricator,Rest of Telangana,1
1764,sri PADMAVATHI ENGG WORKS,MIRYALAGUDA,NALGONDA,MIRYALGUDA,508207,UNIT OFFICE MIRYALAGUDA,,Body builder / fabricator,Rest of Telangana,1
1786,M/S SUPREME ENGINEERING WORKS,WARANGAL,WARANGAL,WARANGAL,506007,RTA WARANGAL,,Body builder / fabricator,Rest of Telangana,1
1809,SRI SAI ENGINEERING WORKS,NEREDUCHERLA,SURYAPET,NEREDUCHERLA,508218,RTA SURYAPET,,Body builder / fabricator,Rest of Telangana,1
1820,SRI RAMA ENGINEERING WORKS,PEDDAPALLY,PEDDAPALLI,PEDDAPALLY,505172,RTA PEDDAPALLI,,Body builder / fabricator,Rest of Telangana,1
1821,SRI HANUMAN MECHANICAL WORKS,KHAMMAM,KHAMMAM,KHAMMAM RURAL,507007,RTA KHAMMAM,,Body builder / fabricator,Rest of Telangana,1
1826,PRABHU ENGINEERING WORKS,NIZAMABAD,NIZAMABAD,VARNI,503003,UNIT OFFICE BHODAN,,Body builder / fabricator,Rest of Telangana,1
1828,KISAN AGRO SERVICES,HYDERABAD,YADADRI,CHOUTUPPAL,508252,RTA YADADRI,,Tractor / farm equipment,Rest of Telangana,1
1830,SRI NIRMALA INDUSTRIES,KHAMMAM,KHAMMAM,KHAMMAM URBAN,507003,RTA KHAMMAM,,Body builder / fabricator,Rest of Telangana,1
1832,SRI VENKATESHWARA ENGEERING WORKS,KARIMNAGAR,KARIMNAGAR,KARIMNAGAR URBAN,505001,RTA KARIMNAGAR,,Body builder / fabricator,Rest of Telangana,1
1848,SRI VIGHNESHWARA MOTORS,NALGONDA,NALGONDA,NALGONDA,508001,RTA NALGONDA,,Automobile dealer (brand unknown),Rest of Telangana,1
1855,SRI LAXMI ENGINEERING WORKS,NALGONDA,NALGONDA,NALGONDA,508001,RTA NALGONDA,,Body builder / fabricator,Rest of Telangana,1
1879,SRI LAXMI NARASIMHA INDUSTRIES,KHAMMAM,KHAMMAM,THALLADA,507167,UNIT OFFICE WYRA,,Body builder / fabricator,Rest of Telangana,1
1891,praveen engineering works,JANGAON,JANGOAN,JANGAON,506167,RTA JANGOAN,,Body builder / fabricator,Rest of Telangana,1
1895,M/S SRINIVAS ENGG. WORKS,BHUVANAGIRI,YADADRI,BHONGIRI,508116,RTA YADADRI,,Body builder / fabricator,Rest of Telangana,1
1900,SRI BALAGI ENGINEERING WORKS,SURYAPET,SURYAPET,SURYAPET,508213,RTA SURYAPET,,Body builder / fabricator,Rest of Telangana,1
1908,M/S SREE RAMA ENGINEERING WORKS,NALGONDA,YADADRI,MOTHKUR,508277,RTA YADADRI,,Body builder / fabricator,Rest of Telangana,1
1929,SRI KARTHEEK ENGINEERING WORKS,NAKREKAL,NALGONDA,NAKREKAL,508211,RTA NALGONDA,,Body builder / fabricator,Rest of Telangana,1
1938,BEULAH ENGINEERING WORKS,KODAD,SURYAPET,KODAD,508206,UNIT OFFICE KODAD,,Body builder / fabricator,Rest of Telangana,1
1939,VINEELA INDUSTRIES,NIZAMABAD,KAMAREDDY,KAMAREDDY,503111,RTA KAMAREDDY,,Body builder / fabricator,Rest of Telangana,1
1960,SRI MITHRA AGENCIES,MIRYALAGUDA,NALGONDA,MIRYALGUDA,508207,UNIT OFFICE MIRYALAGUDA,,Automobile dealer (brand unknown),Rest of Telangana,1
1974,SRI LAXMI AGRO INDUSTRIES,NALGONDA,NALGONDA,NALGONDA,508001,RTA NALGONDA,,Body builder / fabricator,Rest of Telangana,1
1983,M/S. NEW MALLIKARJUNA ENGINEERING WORKS,MOTHKUR,YADADRI,MOTHKUR,508277,RTA YADADRI,,Body builder / fabricator,Rest of Telangana,1
2003,M/S TIRUMALA ENGNEERING WORKS metpally,METPALLY,JAGITYAL,METPALLY,505325,UNIT OFFICE KORUTLA,,Body builder / fabricator,Rest of Telangana,1
2022,navadurga engineering wokrs,kodad,SURYAPET,KODAD,508206,UNIT OFFICE KODAD,,Body builder / fabricator,Rest of Telangana,1
2031,SRI LAXMI ENGINEERING WORKS,NALGONDA,SURYAPET,KODAD,508206,UNIT OFFICE KODAD,,Body builder / fabricator,Rest of Telangana,1
2045,REDDY AGRO ENGG WORKS,JOGIPET,SANGAREDDY,ANDOLE,502270,RTA SANGAREDDY,,Body builder / fabricator,Hyderabad metro,1
2046,SAI TIRUMALA ENGG WORKS,NARSAPUR,SANGAREDDY,JINNARAM,502313,UNIT OFFICE PATANCHERUVU,,Body builder / fabricator,Hyderabad metro,1
2080,M/S.SAI RAM ENGINEERING WORKS,MAILLAGUDEM,SURYAPET,MOTHE,508213,UNIT OFFICE KODAD,,Body builder / fabricator,Rest of Telangana,1
2174,SRI RAMA TRACTORS,GADWAL,JOGULAMBA,GADWAL,509125,RTA JOGULAMBA,,Tractor / farm equipment,Rest of Telangana,1
2228,SRI LAXMI NARSIMHA ENGINEERING WORKS,SADASIVPET,SANGAREDDY,SADASIVPET,502291,RTA SANGAREDDY,,Body builder / fabricator,Hyderabad metro,1
2317,M/S SRI VENKATA GANESH ENGINEERING WORKS,NIZAMABAD,NIZAMABAD,BODHAN,503002,UNIT OFFICE BHODAN,,Body builder / fabricator,Rest of Telangana,1
2318,M/S SRI SAIRAM GENERA ENGINEERING WORKS,KARIMNAGAR,KARIMNAGAR,KARIMNAGAR URBAN,505001,RTA KARIMNAGAR,,Body builder / fabricator,Rest of Telangana,1
2319,M/S RAVICHANDRA WELDING WORKS,JAGTIAL,JAGITYAL,JAGTIAL,505327,RTA JAGITYAL,,Body builder / fabricator,Rest of Telangana,1
2338,S K I ENGINEERING WORKS,MEDAK,MEDAK,MEDAK,502110,RTA MEDAK,,Body builder / fabricator,Rest of Telangana,1
2355,THIRUMALA EICHER AGENCIES,BHUVANAGIRI,YADADRI,BHONGIRI,508115,RTA YADADRI,Eicher,Car / CV dealer,Rest of Telangana,1
2380,VIJAY HI-TECH TROLLY WORKS,NIZAMABAD,NIZAMABAD,ARMOOR,503002,UNIT OFFICE ARMOOR,,Body builder / fabricator,Rest of Telangana,1
2422,SRI SAITEJA CONSTRUCTIONS,NEW PALONCHA,BHADRADRI,PALONCHA,507115,RTA BHADRADRI,,Automobile dealer (brand unknown),Rest of Telangana,1
2428,DHANALAKSHMI AUTOZONE INDIA PRIVATE LIMITED,HYDERABAD,HYDERABAD,BASHEERBAGH,500029,RTA-HYDERABAD-CZ,,Automobile dealer (brand unknown),Hyderabad metro,1
2436,M/S SAMEERI ENGINEERING WORKS,ATMAKUR,WANAPARTHY,ATMAKUR,509131,RTA WANAPARTHY,,Body builder / fabricator,Rest of Telangana,1
2442,SHIVA ENGINEERING WORKS,PUDUR,VIKARABAD,PUDUR,501101,RTA VIKARABAD,,Body builder / fabricator,Rest of Telangana,1
2478,ORANGE AUTO PVT LTD,HYDERABAD.,HYDERABAD,SHAIKPET,500008,RTA-HYDERABAD-CZ,Honda,Two-wheeler dealer,Hyderabad metro,1
2488,M/S.DANISH ENGINEERING,ADILABAD,ADILABAD,ADILABAD,504001,RTA ADILABAD,,Body builder / fabricator,Rest of Telangana,1
2598,M/S REDDY ENGINEERING WORKS,HYDERABAD,MAHABOOBNAGAR,BALANAGAR,509202,RTA MAHABOOBNAGAR,,Body builder / fabricator,Rest of Telangana,1
2643,"SRI RAGHAVA ENGINEERING WORKS,ASIFABAD",ASIFABAD,KOMRAMBHEEM,ASIFABAD,504293,RTA KOMRAMBHEEM,,Body builder / fabricator,Rest of Telangana,1
2706,MASTER MOTORS,SIDDIPET,SIDDIPET,SIDDIPET,502103,RTA SIDDIPET,Honda,Two-wheeler dealer,Rest of Telangana,1
2717,ATM MOTORS PRIVATE LIMITED,HYDERABAD,HYDERABAD,MALAKPET,500036,RTA-HYDERABAD-EZ,Suzuki 2W,Two-wheeler dealer,Hyderabad metro,1
2908,KUN MOTOREN PVT LTD,HYDERABAD,HYDERABAD,KHAIRATABAD,500004,RTA-HYDERABAD-CZ,,Automobile dealer (brand unknown),Hyderabad metro,1
2929,SRI VENKAT AUTOMOTIVES,SIDDIPET,SIDDIPET,SIDDIPET,502103,RTA SIDDIPET,,Automobile dealer (brand unknown),Rest of Telangana,1
2943,SRI SHIVA SAI TRACTORS,SURYAPET,SURYAPET,SURYAPET,508213,RTA SURYAPET,,Tractor / farm equipment,Rest of Telangana,1
3117,SHARATH,HYDERABAD,HYDERABAD,KHAIRATABAD,500000,RTA-HYDERABAD-CZ,,Automobile dealer (brand unknown),Hyderabad metro,1
3141,HARMONY MOTORS PRIVATE LIMITED,SANGAREDDY,SANGAREDDY,RAMACHANDHRAPURAM,502032,RTA SANGAREDDY,,Automobile dealer (brand unknown),Hyderabad metro,1
3152,ABHINANDAN MOTORS PVT LTD,SANGAREDDY,SANGAREDDY,SANGA REDDY,502001,RTA SANGAREDDY,,Automobile dealer (brand unknown),Hyderabad metro,1
3186,M/S SIRNIVASA TRAILEE WORK NIRMAL,NIRMAL,NIRMAL,NIRMAL,504601,RTA NIRMAL,,Automobile dealer (brand unknown),Rest of Telangana,1
3208,M/S SANA ENGINEERING WORKS,BANSWADA,KAMAREDDY,BANSWADA,509405,RTA KAMAREDDY,,Body builder / fabricator,Rest of Telangana,1
3235,SAI SERVICE PRIVATE LIMITED,HYDERABAD,HYDERABAD,ERRAGADDA,500018,RTA-HYDERABAD-CZ,,Automobile dealer (brand unknown),Hyderabad metro,1
3318,VVCMOTORS PVT LTD,HYDERABAD,HYDERABAD,HIMAYAT NAGAR,500048,RTA-HYDERABAD-CZ,,Automobile dealer (brand unknown),Hyderabad metro,1
3403,HAROON MOTORS B-2,MAHABOOB NAGAR,MAHABOOBNAGAR,MAHBUBNAGAR,509001,RTA MAHABOOBNAGAR,Bajaj,Two-wheeler dealer,Rest of Telangana,1
3465,ABHINANDAN MOTORS PVT LTD,HYDERABAD,HYDERABAD,Towli Chowki,500008,RTA-HYDERABAD-WZ,,Automobile dealer (brand unknown),Hyderabad metro,1
3536,SELECT AUTOMOBILES,HYDERABAD,MEDCHAL M-GIRI,UPPAL,500007,RTA UPPAL,,Automobile dealer (brand unknown),Hyderabad metro,1
3545,M/S SRI LAXMI TRACTORS,HYDERABAD,NAGARKURNOOL,KALWAKURTHY,509324,UNIT OFFICE KALWAKURTHY,,Tractor / farm equipment,Rest of Telangana,1
3573,ELEGANT AUTO INDIA PVT LTD,HYDERABAD,HYDERABAD,Towli Chowki,500008,RTA-HYDERABAD-CZ,,Automobile dealer (brand unknown),Hyderabad metro,1
3645,KAPIL MOTORS PRIVATE LIMITED,NAGOLE,RANGA REDDY,SAROORNAGAR,500035,RTA IBRAHIMPATNAM,,Automobile dealer (brand unknown),Hyderabad metro,1
3651,M/S SRI SAI SHRUTHI ENGINEERING WORKS,VARNI MDL,NIZAMABAD,VARNI,503206,UNIT OFFICE BHODAN,,Body builder / fabricator,Rest of Telangana,1
3820,SRIRAMA TRALLY INDUSTRIES,KARIMNAGAR,KARIMNAGAR,KARIMNAGAR URBAN,505001,RTA KARIMNAGAR,,Body builder / fabricator,Rest of Telangana,1
3827,M/S KALWA YUVARAJ ENGINEERING CO,MAHABUBNAGAR,MAHABOOBNAGAR,MAHBUBNAGAR,509001,RTA MAHABOOBNAGAR,,Body builder / fabricator,Rest of Telangana,1
3958,VIBRANT CARS PRIVATE LIMITED,SECUNDERABAD,HYDERABAD,SECUNDRABAD,500003,RTA-HYDERABAD-NZ,,Car / CV dealer,Hyderabad metro,1
4014,SRI VINAYAKA MOBIKES PVT LTD,HYDERABAD,HYDERABAD,BEGUMPET,500016,RTA-HYDERABAD-NZ,Bajaj,Two-wheeler dealer,Hyderabad metro,1
4039,SAI LAKSHMI TRACTORS,BOWENPALLY,MEDCHAL M-GIRI,BALANAGAR,500011,RTA MEDCHAL,,Tractor / farm equipment,Hyderabad metro,1
4140,SELECT BIKES,HANAMKONDA,HANUMAKONDA,HANAMKONDA,506001,RTA HANUMAKONDA,Bajaj,Two-wheeler dealer,Rest of Telangana,1
4161,LAXMMI SAI TRACTORS & IMPLEMENTS,SANGAREDDY,SANGAREDDY,SANGA REDDY,502001,RTA SANGAREDDY,,Tractor / farm equipment,Hyderabad metro,1
4185,SRI SAI ENGINEERING WORKS,JAGTIAL DISTRICT,JAGITYAL,METPALLY,505325,RTA JAGITYAL,,Body builder / fabricator,Rest of Telangana,1
4204,SAI ANJANA MOTORS,KOTHAGUDEM,BHADRADRI,KOTHAGUDEM,507101,RTA BHADRADRI,Bajaj,Two-wheeler dealer,Rest of Telangana,1
4209,VENKATARAMANA MOTORS,KHAMMAM,KHAMMAM,KHAMMAM URBAN,507001,RTA KHAMMAM,,Car / CV dealer,Rest of Telangana,1
4237,M/S VISHAL MOTORS,HYDERABAD,MEDCHAL M-GIRI,QUTHUBULLAPUR,500054,RTA MEDCHAL,,Two-wheeler dealer,Hyderabad metro,1
4342,GANGABHAVANI ENGNEER WORK SHOP,PEDDAPALLI,PEDDAPALLI,PEDDAPALLY,505172,RTA PEDDAPALLI,,Body builder / fabricator,Rest of Telangana,1
4374,ASHOKA MOTORS INDIA PRIVATE LIMITED,SECUNDERABAD,HYDERABAD,METTUGUDA,500017,RTA-HYDERABAD-NZ,,Automobile dealer (brand unknown),Hyderabad metro,1
4393,SRI VENU GOPALA ENGINEERING WORKS,KALLURU,KHAMMAM,KALLURU,507209,UNIT OFFICE SATTUPALLI,,Body builder / fabricator,Rest of Telangana,1
4402,SANSAI MOTORS PVT LTD,MIRYALAGUDA,NALGONDA,MIRYALGUDA,508207,UNIT OFFICE MIRYALAGUDA,Bajaj,Two-wheeler dealer,Rest of Telangana,1
4486,OLYMPUS MOTORS PVT LTD,RANGA REDDY DIST,RANGA REDDY,SERILINGAMPALLY,500081,RTA RANGAREDDY,,Automobile dealer (brand unknown),Hyderabad metro,1
4511,VOLKSWAGEN HYDERABAD (A DIV OF PPS MOTORS P LTD),HYDERABAD,HYDERABAD,BANJARAHILLS,500034,RTA-HYDERABAD-CZ,Skoda-VW,Automobile dealer (brand unknown),Hyderabad metro,1
4522,MODY AUTO(INDIA) PVT LTD,HYDERABAD,RANGA REDDY,SAROORNAGAR,500039,RTA IBRAHIMPATNAM,,Automobile dealer (brand unknown),Hyderabad metro,1
4544,M/S PADMA SRINIVASA CLUTCH ENGINEERING WORKS,SHADNAGAR,RANGA REDDY,FAROOQ NAGAR,509301,UNIT OFFICE SHADNAGAR,,Body builder / fabricator,Hyderabad metro,1
4559,BANDARI SHANKAR INDUSTRIES,ARMOOR,NIZAMABAD,ARMOOR,503224,UNIT OFFICE ARMOOR,,Body builder / fabricator,Rest of Telangana,1
4593,PAVAN MOTORS PVT LTD,NALGONDA,NALGONDA,NALGONDA,508001,RTA NALGONDA,,Automobile dealer (brand unknown),Rest of Telangana,1
4601,PHOENIX MOTORS PRIVATE LIMITED,HYDERABAD,RANGA REDDY,SERILINGAMPALLY,500081,RTA RANGAREDDY,,Two-wheeler dealer,Hyderabad metro,1
4613,BHARAT AUTO TECH,KHAMMAM,KHAMMAM,KHAMMAM URBAN,507002,RTA KHAMMAM,,Automobile dealer (brand unknown),Rest of Telangana,1
4640,M/S SABOO AUTO ZONE,RANGA REDDY,MEDCHAL M-GIRI,UPPAL,500039,RTA UPPAL,Maruti Suzuki,Automobile dealer (brand unknown),Hyderabad metro,1
4702,YLP TRACTORS,SECUNDRABAD,MEDCHAL M-GIRI,QUTHUBULLAPUR,500014,RTA MEDCHAL,,Tractor / farm equipment,Hyderabad metro,1
4741,N.R.AUTOMOBILES,HUZURABAD,KARIMNAGAR,HUZURABAD,505468,UNIT OFFICE HUZURABAD,,Automobile dealer (brand unknown),Rest of Telangana,1
4761,KISAN AGRO ENGG. CO.,KARIMNAGAR,KARIMNAGAR,KARIMNAGAR URBAN,505001,RTA KARIMNAGAR,,Body builder / fabricator,Rest of Telangana,1
4816,KUMARASWAMY AGRO INDUSTRIES,SIDDIPET,SIDDIPET,SIDDIPET,502103,RTA SIDDIPET,,Body builder / fabricator,Rest of Telangana,1
4911,VVC MOTORS PVT LTD,HYDERABAD,RANGA REDDY,SERILINGAMPALLY,500084,RTA RANGAREDDY,,Automobile dealer (brand unknown),Hyderabad metro,1
4924,M/S SAI KRISHNA AGENCIES,MEDAK,MEDAK,MEDAK,502110,RTA MEDAK,,Automobile dealer (brand unknown),Rest of Telangana,1
4927,SRI MANIKANTA ENGINEERING WORKS,NALGONDA,NALGONDA,NALGONDA,508001,RTA NALGONDA,,Body builder / fabricator,Rest of Telangana,1
4933,SRH MOTORS,KARIMNAGAR,KARIMNAGAR,KARIMNAGAR URBAN,505001,RTA KARIMNAGAR,,Automobile dealer (brand unknown),Rest of Telangana,1
4948,MALIK MOTORS PRIVATE LIMITED,RANGA REDDY,MEDCHAL M-GIRI,MEDCHAL,500011,RTA MEDCHAL,,Automobile dealer (brand unknown),Hyderabad metro,1
4954,RAAM TWO WHEELERS INDIA PRIVATE LIM,SECUNDERABAD,HYDERABAD,SECUNDRABAD,500009,RTA-HYDERABAD-NZ,,Automobile dealer (brand unknown),Hyderabad metro,1
5146,SRI SAI TRACTORS,NIRMAL,NIRMAL,NIRMAL,504106,RTA NIRMAL,,Tractor / farm equipment,Rest of Telangana,1
5155,SRI JAYARAMA MOTOR PVT LTD,MAHABOOB NAGAR,MAHABOOBNAGAR,MAHBUBNAGAR,509001,RTA MAHABOOBNAGAR,Maruti Suzuki,Car / CV dealer,Rest of Telangana,1
5204,RANGARAYA MOTORS,KOTHAGUDEM,BHADRADRI,KOTHAGUDEM,507101,RTA BHADRADRI,,Automobile dealer (brand unknown),Rest of Telangana,1
5235,MARVEL BIKES PRIVATE LIMITED,SECUNDERABAD,HYDERABAD,SECUNDRABAD,500015,RTA-HYDERABAD-NZ,,Two-wheeler dealer,Hyderabad metro,1
5262,THIRUMALA AGRO INDUSTRIES,MAHABOOBNAGAR,NAGARKURNOOL,KALWAKURTHY,509324,UNIT OFFICE KALWAKURTHY,,Body builder / fabricator,Rest of Telangana,1
5395,SHREY AUTOMOTIVES HYDERABAD PVT. LTD,SECUNDERABAD,HYDERABAD,SECUNDRABAD,500003,RTA-HYDERABAD-NZ,,Automobile dealer (brand unknown),Hyderabad metro,1
5770,"M/S SRI DURGA BHAVANI ENGINEERING WORKS, KODAD",KODAD,SURYAPET,KODAD,508206,UNIT OFFICE KODAD,,Body builder / fabricator,Rest of Telangana,1
6071,SRI BALAJI MOTOCORP PVT LTD,MAHABUBNAGAR,MAHABOOBNAGAR,MAHBUBNAGAR,509001,RTA MAHABOOBNAGAR,Hyundai,Car / CV dealer,Rest of Telangana,1
6088,VARUN MOTORS PRIVATE LIMITED,KONDAPUR,RANGA REDDY,SERILINGAMPALLY,500018,RTA RANGAREDDY,Maruti Suzuki,Automobile dealer (brand unknown),Hyderabad metro,1
6110,SRI HARSHA TRUCKING PVT LTD,RANGAREDDY DIST,RANGA REDDY,HAYATHNAGAR,501505,RTA IBRAHIMPATNAM,,Automobile dealer (brand unknown),Hyderabad metro,1
6115,MAXIMUS MOTORCYCLE AND SCOOTER PRIVATE LIMITED,HYDERABAD,HYDERABAD,BAHADURPURA,500064,RTA-HYDERABAD-SZ,Honda,Two-wheeler dealer,Hyderabad metro,1
6139,M/S SRI SAI BABA ENGINEERING WORKS,NIZAMABAD,NIZAMABAD,VARNI,503188,UNIT OFFICE BHODAN,,Body builder / fabricator,Rest of Telangana,1
6145,M/S R.R.ENTERPRISES,SIRICILLA,RAJANNA,SIRCILLA,505301,RTA RAJANNA,,Automobile dealer (brand unknown),Rest of Telangana,1
6150,DEALWEL AUTOMOBILES,NAMPALLY HYDERABD,HYDERABAD,NAMPALLY,500001,RTA-HYDERABAD-CZ,,Two-wheeler dealer,Hyderabad metro,1
6151,M/S ANIKA AUTOMOBILES,BALANAGAR,MEDCHAL M-GIRI,BALANAGAR,500072,UNIT OFFICE KUKATPALLY,,Automobile dealer (brand unknown),Hyderabad metro,1
6170,SHREE DURGA PARAMESHWARI MOTORS P L,RAJENDER NAGAR,RANGA REDDY,RAJENDRANAGAR,500048,RTA RANGAREDDY,,Automobile dealer (brand unknown),Hyderabad metro,1
6172,RAGHAVENDRA MOTORS,BEERAMGUDA,SANGAREDDY,PATANCHERU,502032,UNIT OFFICE PATANCHERUVU,,Automobile dealer (brand unknown),Hyderabad metro,1
6180,M/S MAHALAKSHMI MOTOR CYCLES INDIA,ADILABAD,ADILABAD,ADILABAD,504001,RTA ADILABAD,Honda,Two-wheeler dealer,Rest of Telangana,1
6181,RAVI ENGINEERING WORKS,KODAD,SURYAPET,KODAD,508206,UNIT OFFICE KODAD,,Body builder / fabricator,Rest of Telangana,1
6182,SAGAR ENGGINEERING WORKS,KODAD,SURYAPET,KODAD,508206,UNIT OFFICE KODAD,,Body builder / fabricator,Rest of Telangana,1
6191,MEREDDY MOTORS PRIVATE LIMITED,NALGONDA,NALGONDA,MIRYALGUDA,508207,UNIT OFFICE MIRYALAGUDA,,Automobile dealer (brand unknown),Rest of Telangana,1
6216,VVS BROTHERS,GAJWEL,SIDDIPET,GAJWEL,502278,RTA SIDDIPET,,Automobile dealer (brand unknown),Rest of Telangana,1
6220,MAHESHWARI TRACTORS,NALGONDA,YADADRI,BHONGIRI,508111,RTA YADADRI,,Tractor / farm equipment,Rest of Telangana,1
6225,JAYASREE AUTOMOTIVES,HIMAYATH NAGAR,HYDERABAD,HIMAYAT NAGAR,500029,RTA-HYDERABAD-CZ,,Automobile dealer (brand unknown),Hyderabad metro,1
6274,SRI KARTHEEK AGRO INDUSTRIES,NALGONDA,NALGONDA,NAKREKAL,508211,RTA NALGONDA,,Body builder / fabricator,Rest of Telangana,1
6275,SRI HARSHA TRUCKING PVT LTD,KODAD,SURYAPET,KODAD,508206,UNIT OFFICE KODAD,,Automobile dealer (brand unknown),Rest of Telangana,1
6292,VVC MOTORS PVT LTD,KHAMMAM,KHAMMAM,KHAMMAM URBAN,507002,RTA KHAMMAM,,Automobile dealer (brand unknown),Rest of Telangana,1
6330,QUALITY MOTORS,KARIMNAGAR,KARIMNAGAR,KARIMNAGAR URBAN,505001,RTA KARIMNAGAR,,Automobile dealer (brand unknown),Rest of Telangana,1
6334,SRI SRINIVASA AUTO AGENCY,"HANAMKONDA,WARANGAL",HANUMAKONDA,HANAMKONDA,506001,RTA HANUMAKONDA,Honda,Two-wheeler dealer,Rest of Telangana,1
6346,SNEHA KUMAR WELDING WORKS,WARANGAL,WARANGAL,NARSAMPET,506132,RTA WARANGAL,,Body builder / fabricator,Rest of Telangana,1
6347,SAI ANJANA AGENCY,KHAMMAM,KHAMMAM,KHAMMAM URBAN,507003,RTA KHAMMAM,,Automobile dealer (brand unknown),Rest of Telangana,1
6350,ORANGE INTERNATIONAL,SECUNDERABAD,MEDCHAL M-GIRI,MALKAJGIRI,500056,RTA UPPAL,,Automobile dealer (brand unknown),Hyderabad metro,1
6360,SANSAI MOBIKES PRIVATE LIMITED,NALGONDA,NALGONDA,NALGONDA,508001,RTA NALGONDA,Bajaj,Two-wheeler dealer,Rest of Telangana,1
6378,YUVIKHA AUTOMOTIVES,RC PURAM,SANGAREDDY,RAMACHANDHRAPURAM,502032,UNIT OFFICE PATANCHERUVU,,Automobile dealer (brand unknown),Hyderabad metro,1
6394,M/S SRI MURALIKRISHNA ENGG. WORKS,SADASHIVPET,SANGAREDDY,SADASIVPET,502102,RTA SANGAREDDY,,Body builder / fabricator,Hyderabad metro,1
6400,SRI VAISHNAOI AUTOMOBILES INDIA PVT,RANGA REDDY DIST,RANGA REDDY,SERILINGAMPALLY,500084,RTA RANGAREDDY,,Automobile dealer (brand unknown),Hyderabad metro,1
6407,RIDE AUTOMOBILES PVT LTD,UPPAL,MEDCHAL M-GIRI,UPPAL,500039,RTA UPPAL,,Automobile dealer (brand unknown),Hyderabad metro,1
6415,PRIYANKA MOTORS PVT LTD,SECUNDERABAD,HYDERABAD,TARANAKA,500017,RTA-HYDERABAD-NZ,,Automobile dealer (brand unknown),Hyderabad metro,1
6429,M/S NAGALAXMI ENGG. WORKS,WARANGAL RURAL,WARANGAL,NARSAMPET,506132,RTA WARANGAL,,Body builder / fabricator,Rest of Telangana,1
6445,M/S JAYA LAXMI ENGINEERING WORKS,WARANGAL,WARANGAL,WARANGAL,506001,RTA WARANGAL,,Body builder / fabricator,Rest of Telangana,1
6456,M/S DEEPTHI ENGINEERING AND WELDING WORKS,JANAGAON,JANGOAN,JANGAON,506167,RTA JANGOAN,,Body builder / fabricator,Rest of Telangana,1
6465,M/S OM BHARATH INDUSTRIES,HANAMKONDA,HANUMAKONDA,HANAMKONDA,506009,RTA HANUMAKONDA,,Body builder / fabricator,Rest of Telangana,1
6496,M/S SINDHU ENGINEERING WORKS,MOTHKUR,YADADRI,MOTHKUR,508277,RTA YADADRI,,Body builder / fabricator,Rest of Telangana,1
6497,SRI VIJAYA DURGA GENERAL ENGINEERING WORKS,KHAMMAM,BHADRADRI,BHADRACHALAM,507111,UNIT OFFICE BHADRACHALAM,,Body builder / fabricator,Rest of Telangana,1
6499,HARSHITHH AUTOMOTIVES,MAHABUBNAGAR,MAHABOOBNAGAR,MAHBUBNAGAR,509001,RTA MAHABOOBNAGAR,,Automobile dealer (brand unknown),Rest of Telangana,1
6523,M/S VENKATARAMANA GENERAL ENGINEERING WORKS,KHAMMAM,KHAMMAM,KHAMMAM URBAN,507002,RTA KHAMMAM,,Body builder / fabricator,Rest of Telangana,1
6525,M/S VENKATA RAMANA AUTOMOBILES PVT,KOTHAGUDEM,BHADRADRI,KOTHAGUDEM,507101,RTA BHADRADRI,,Automobile dealer (brand unknown),Rest of Telangana,1
6527,M/S SHAKTHI AGRO INDUSTRIES,NIZAMABAD,NIZAMABAD,NIZAMABAD,503186,RTA NIZAMABAD,,Body builder / fabricator,Rest of Telangana,1
6529,M/S VIJAYA GANAPATHI MOTORS,NIZAMABAD,NIZAMABAD,NIZAMABAD,503230,RTA NIZAMABAD,,Automobile dealer (brand unknown),Rest of Telangana,1
6533,M/S SRI SAI RAGHAVENDRA AGRO INDUSTRIES,MAHABOOBNAGAR,MAHABOOBNAGAR,JADCHERLA,509001,RTA MAHABOOBNAGAR,,Body builder / fabricator,Rest of Telangana,1
6535,M/S LAXMI ENGINEERING WORKS,NALGONDA,YADADRI,MOTHKUR,508277,RTA YADADRI,,Body builder / fabricator,Rest of Telangana,1
6536,SRI VENKATESHWARA ENGINEERING WORKS,NIZAMABAD,KAMAREDDY,GANDHARI,503114,RTA KAMAREDDY,,Body builder / fabricator,Rest of Telangana,1
6543,LAXMI SAI AUTO AGENCY,NALGONDA,SURYAPET,SURYAPET,508213,RTA SURYAPET,,Automobile dealer (brand unknown),Rest of Telangana,1
6546,M/S SRI LAKSHMI SRINIVASA ENGG WORKS,KARIMNAGAR,RAJANNA,YELLAREDDYPET,505001,RTA RAJANNA,,Body builder / fabricator,Rest of Telangana,1
6547,M/S MADHU GENERAL ENGINEERING WORKS,SIRICILLA,RAJANNA,SIRCILLA,505301,RTA RAJANNA,,Body builder / fabricator,Rest of Telangana,1
6549,MITHRA AUTO AGENCIES PVT LTD,KHAMMAM,KHAMMAM,KHAMMAM RURAL,507003,RTA KHAMMAM,,Automobile dealer (brand unknown),Rest of Telangana,1
6551,ELAN AUTOMOBILES PVT LTD,MAHABUBNAGAR,MAHABOOBNAGAR,MAHBUBNAGAR,509001,RTA MAHABOOBNAGAR,,Automobile dealer (brand unknown),Rest of Telangana,1
6563,M/S JAGITIAL AGRICULTURAL EQUIPMENT WORKS,JAGITIAL,JAGITYAL,JAGTIAL,505455,RTA JAGITYAL,,Body builder / fabricator,Rest of Telangana,1
6565,AUTOMOTIVE MANUFACTURERS PVT LTD,NIZAMABAD,NIZAMABAD,NIZAMABAD,503001,RTA NIZAMABAD,,Automobile dealer (brand unknown),Rest of Telangana,1
6579,M/S.MADHAVI ENGINEERING AND MEHANICAL WORKS,SURYAPET,SURYAPET,SURYAPET,508213,RTA SURYAPET,,Body builder / fabricator,Rest of Telangana,1
6584,"M/S RAMA SAI ENGINEERING WORKS, WARANGAL",WARANGAL,WARANGAL,WARANGAL,506005,RTA WARANGAL,,Body builder / fabricator,Rest of Telangana,1
6586,BHARAT MOTO CORP PVT LTD,KHAMMAM,KHAMMAM,KHAMMAM URBAN,507002,RTA KHAMMAM,,Automobile dealer (brand unknown),Rest of Telangana,1
6588,M/S SRI ASHWINI ENGINEERING WORKS,NIZAMABAD,KAMAREDDY,GANDHARI,503114,RTA KAMAREDDY,,Body builder / fabricator,Rest of Telangana,1
6591,KAKATIYA AUTOMOTIVES PVT LTD,WARANGAL,HANUMAKONDA,HANAMKONDA,506002,RTA HANUMAKONDA,Toyota,Car / CV dealer,Rest of Telangana,1
6594,SRI SAI DURGA MOTORS,NIZAMABAD,NIZAMABAD,NIZAMABAD,503001,RTA NIZAMABAD,,Two-wheeler dealer,Rest of Telangana,1
6595,MOTORLINE AUTO PVT LTD,HANAMKONDA,HANUMAKONDA,HANAMKONDA,506001,RTA HANUMAKONDA,,Automobile dealer (brand unknown),Rest of Telangana,1
6597,ADARSHA MOTORS PRIVATE LIMITED,WARANGAL,HANUMAKONDA,HANAMKONDA,506001,RTA HANUMAKONDA,,Two-wheeler dealer,Rest of Telangana,1
6604,M/S.SRI RAJA ENGINEERING WORKS,NALGONDA,SURYAPET,KODAD,508206,RTA SURYAPET,,Body builder / fabricator,Rest of Telangana,1
6607,M/S S.M.TRALLY WORKS,NIRMAL,NIRMAL,NIRMAL,504106,RTA NIRMAL,,Body builder / fabricator,Rest of Telangana,1
6617,"M/S V S N AUTOMOBILES PVT LTD., MET",OLD BOWENPALLY,MEDCHAL M-GIRI,BALANAGAR,500011,RTA MEDCHAL,,Automobile dealer (brand unknown),Hyderabad metro,1
6620,FORTUNE COMMERCIAL VEHICLES,NALGONDA,SURYAPET,KODAD,508206,UNIT OFFICE KODAD,,Automobile dealer (brand unknown),Rest of Telangana,1
6623,HARSHA CARS PVT LTD,"CHINTALKUNTA, LB NAGAR",RANGA REDDY,HAYATHNAGAR,501505,RTA IBRAHIMPATNAM,,Car / CV dealer,Hyderabad metro,1
6633,M/S SALAM ENGINEERING WORKS,WARANGAL,WARANGAL,WARANGAL,506002,RTA WARANGAL,,Body builder / fabricator,Rest of Telangana,1
6634,M/S DHANA SARI INDUSTRIES,WARANGAL,WARANGAL,WARANGAL,506007,RTA WARANGAL,,Body builder / fabricator,Rest of Telangana,1
6638,M/S STAR AGENCIES,KORUTLA,JAGITYAL,KORUTLA,505326,UNIT OFFICE KORUTLA,,Automobile dealer (brand unknown),Rest of Telangana,1
6640,"M/S SRI VENKATESHWARA ENGINEERING WORKS, KMNR",KATARAM,JAYASHANKAR,KATARAM,505172,RTA JAYASHANKAR,,Body builder / fabricator,Rest of Telangana,1
6642,J V ARYAN MOTORS,MANCHERIAL,MANCHERIYAL,MANCHERIAL,504208,RTA MANCHERIAL,Royal Enfield,Two-wheeler dealer,Rest of Telangana,1
6643,SVR MOTORS & ENGINEERING,QUTHBULLAPUR,MEDCHAL M-GIRI,QUTHUBULLAPUR,500055,RTA MEDCHAL,,Body builder / fabricator,Hyderabad metro,1
6647,SRI L V MOTORS LLP,VANASTHALIPURAM,RANGA REDDY,HAYATHNAGAR,500070,RTA IBRAHIMPATNAM,,Automobile dealer (brand unknown),Hyderabad metro,1
6651,M/S BISMILLAH ENGINEERING WORKS,KHAMMAM,KHAMMAM,PENUBALLY,507302,UNIT OFFICE SATTUPALLI,,Body builder / fabricator,Rest of Telangana,1
6656,M/S KUSHAL DEEP AUTOMOBILES (INDIA),NALGONDA,NALGONDA,NALGONDA,508001,RTA NALGONDA,,Automobile dealer (brand unknown),Rest of Telangana,1
6657,M/S NAGARJUNA AGRO TRADERS,HAYATHNAGAR,RANGA REDDY,HAYATHNAGAR,501505,RTA IBRAHIMPATNAM,,Tractor / farm equipment,Hyderabad metro,1
6669,M/S SRI BALAJI INDUSTRIES,ARMOOR,NIZAMABAD,ARMOOR,503224,UNIT OFFICE ARMOOR,,Body builder / fabricator,Rest of Telangana,1
6671,M/S VENKATARAMANA AGRO AGENCY,METPALLY,JAGITYAL,METPALLY,505325,UNIT OFFICE KORUTLA,,Tractor / farm equipment,Rest of Telangana,1
6672,HAPPY AUTOMOTIVES PVT LTD,WARANGAL,WARANGAL,WARANGAL,506001,RTA WARANGAL,,Automobile dealer (brand unknown),Rest of Telangana,1
6674,M/S MEGHANANTH AUTOMOBILES,MAHABUBNAGAR,JOGULAMBA,GADWAL,509125,RTA JOGULAMBA,,Automobile dealer (brand unknown),Rest of Telangana,1
6679,M/S KRISHNA SAI MOTORS,HYDERABAD,MEDCHAL M-GIRI,MALKAJGIRI,500047,RTA UPPAL,,Two-wheeler dealer,Hyderabad metro,1
6680,M/S SRI SAI KIRAN AGRI INDUSTRY,KHAMMAM,KHAMMAM,KUSUMANCHI,507159,RTA KHAMMAM,,Body builder / fabricator,Rest of Telangana,1
6683,M/S AL-KHADEER ENGINEERING WORKS,MAHABOOBNAGAR,JOGULAMBA,MANOPADU,509128,RTA JOGULAMBA,,Body builder / fabricator,Rest of Telangana,1
6686,M/S SRI SAI ENGINEERING WORKS,MIRYALAGUDA,NALGONDA,MIRYALGUDA,508207,UNIT OFFICE MIRYALAGUDA,,Body builder / fabricator,Rest of Telangana,1
6691,M/S MAHALAXMI ENGINEERING WORKS,KARIMNAGAR,KARIMNAGAR,KARIMNAGAR URBAN,505001,RTA KARIMNAGAR,,Body builder / fabricator,Rest of Telangana,1
6696,GEETHA AUTO AGENCY,WARANGAL,HANUMAKONDA,HANAMKONDA,506001,RTA HANUMAKONDA,,Automobile dealer (brand unknown),Rest of Telangana,1
6701,AMBEY MOTORS,ADILABAD,NIRMAL,NIRMAL,504106,RTA NIRMAL,,Automobile dealer (brand unknown),Rest of Telangana,1
6702,SRI VENKATESHWARA MOTORS,MEDAK,MEDAK,MEDAK,502110,RTA MEDAK,Honda,Two-wheeler dealer,Rest of Telangana,1
6711,SREE KRISHNA AUTOMOTIVES HYDERABAD,HYDERABAD,HYDERABAD,SHAIKPET,500081,RTA-HYDERABAD-CZ,,Automobile dealer (brand unknown),Hyderabad metro,1
6714,ADARSHA AUTOMOTIVES PVT LTD,HYDERABAD,HYDERABAD,CHANDRAYANGUTTA,50005,RTA-HYDERABAD-EZ,,Automobile dealer (brand unknown),Hyderabad metro,1
6716,M/S TAURUS MOTORS,HAYATHNAGAR,RANGA REDDY,HAYATHNAGAR,500070,RTA IBRAHIMPATNAM,,Automobile dealer (brand unknown),Hyderabad metro,1
6717,VENKATARAMANA MOTORS,GACHIBOWLI,RANGA REDDY,SERILINGAMPALLY,500084,RTA RANGAREDDY,Tata Motors,Car / CV dealer,Hyderabad metro,1
6718,M/S RECON TECHNOLOGIES (P) LTD.,MEDCHAL,MEDCHAL M-GIRI,Dundigal,500043,RTA MEDCHAL,,Automobile dealer (brand unknown),Hyderabad metro,1
6723,VVC AUTOMOBILES,HYDERABAD,HYDERABAD,BANJARAHILLS,500034,RTA-HYDERABAD-CZ,,Automobile dealer (brand unknown),Hyderabad metro,1
6724,SREE KRISHNA AND CO,SANGAREDDY,SANGAREDDY,SADASIVPET,502291,RTA SANGAREDDY,Honda,Two-wheeler dealer,Hyderabad metro,1
6727,M/S JAYA BHAVANI ENGINEERING WORKS,MAHABUBNAGAR,MAHABOOBNAGAR,JADCHERLA,509301,RTA MAHABOOBNAGAR,,Body builder / fabricator,Rest of Telangana,1
6733,QUALITY AUTOMOBILES PVT LTD,MAIN ROAD HANAMKONDA,HANUMAKONDA,HANAMKONDA,506001,RTA HANUMAKONDA,,Automobile dealer (brand unknown),Rest of Telangana,1
6739,SAI SRK MOTORS,NIZAMABAD,NIZAMABAD,NIZAMABAD,503002,RTA NIZAMABAD,Honda,Two-wheeler dealer,Rest of Telangana,1
6740,SRI JOGULAMBA BRAMARAMBA TRACTORS,"DOUDERPALLY, JOGULAMBA GADWAL",JOGULAMBA,GADWAL,509125,RTA JOGULAMBA,,Tractor / farm equipment,Rest of Telangana,1
6741,SASYA MOTORS PVT LIMITED,KARIMNAGAR,KARIMNAGAR,KARIMNAGAR URBAN,505001,RTA KARIMNAGAR,,Automobile dealer (brand unknown),Rest of Telangana,1
6742,JAYABHERI AUTOMOTIVES PVT LTD,SERILINGAMPALLY,RANGA REDDY,SERILINGAMPALLY,500084,RTA RANGAREDDY,,Automobile dealer (brand unknown),Hyderabad metro,1
6749,SRI MOTHUKURI MOTORS PRIVATE LIMITE,KARIMNAGAR,KARIMNAGAR,KARIMNAGAR URBAN,505001,RTA KARIMNAGAR,Renault,Car / CV dealer,Rest of Telangana,1
6755,M/S NVR ENGINEERING WORKS,WANAPARTHY,WANAPARTHY,KOTHAKOTA,509381,RTA WANAPARTHY,,Body builder / fabricator,Rest of Telangana,1
6756,M/S VAMSHI ENTERPRISES,NALGONDA,SURYAPET,SURYAPET,508213,RTA SURYAPET,,Automobile dealer (brand unknown),Rest of Telangana,1
6762,SAI RAM KRISHNA MOTORBIKES PRIVATE,"GODAVARIKHANI,RAMAGUNDAM",PEDDAPALLI,RAMAGUNDAM,505208,RTA PEDDAPALLI,,Two-wheeler dealer,Rest of Telangana,1
6763,S R MOTORS,VIKARABAD,VIKARABAD,VIKARABAD,501101,RTA VIKARABAD,,Automobile dealer (brand unknown),Rest of Telangana,1
6767,ANJALI MOTORS LLP,HYDERABAD,HYDERABAD,KHAIRATABAD,500082,RTA-HYDERABAD-CZ,,Two-wheeler dealer,Hyderabad metro,1
6769,SAI KATAKAM MOTORS,KOTHAGUDEM,BHADRADRI,KOTHAGUDEM,507101,RTA BHADRADRI,Honda,Two-wheeler dealer,Rest of Telangana,1
6771,M/S SRI TRINADH ENGINEERING WORKS,KHAMMAM,KHAMMAM,VEMSOOR,507164,UNIT OFFICE SATTUPALLI,,Body builder / fabricator,Rest of Telangana,1
6781,M/S.SRI RAMA ENGINEERING WORKS,NALGONDA,NALGONDA,NALGONDA,508001,RTA NALGONDA,,Body builder / fabricator,Rest of Telangana,1
6785,M/S S & S AUTOMOTIVES,QUTHBULLAPUR,MEDCHAL M-GIRI,QUTHUBULLAPUR,500014,RTA MEDCHAL,,Automobile dealer (brand unknown),Hyderabad metro,1
6789,M/S SRI SAI THIRUMALA ENGINEERING WORKS,MAHABUBNAGAR,MAHABOOBNAGAR,BHOOTHPUR,509382,RTA MAHABOOBNAGAR,,Body builder / fabricator,Rest of Telangana,1
6797,M/S SRI JAYA LAXMI ENGINEERING COMPANY,MAHABUBNAGAR,MAHABOOBNAGAR,MAHBUBNAGAR,509001,RTA MAHABOOBNAGAR,,Body builder / fabricator,Rest of Telangana,1
6799,M/S SRI HANUMAN AGRO INDUSTRIES,NALGONDA,YADADRI,BOMMALARAMARAM,508126,RTA YADADRI,,Body builder / fabricator,Rest of Telangana,1
6808,DURGA SREE AUTOMOBILES LLP,SANGAREDDY,SANGAREDDY,SANGA REDDY,502001,RTA SANGAREDDY,,Automobile dealer (brand unknown),Hyderabad metro,1
6811,VENKATA SAI MOTORS PVT LTD,SANGAREDDY,SANGAREDDY,SANGA REDDY,502001,RTA SANGAREDDY,Honda,Two-wheeler dealer,Hyderabad metro,1
6813,M/S SRI KHWAJA GHARIB NAWAZ ENGG WORKS,MEDAK,MEDAK,KOLCHARAM,950273,RTA MEDAK,,Body builder / fabricator,Rest of Telangana,1
6815,JAGADAMBA VAISHNO MOTORS PVT LIMITE,ADILABAD,MANCHERIYAL,MANCHERIAL,504208,RTA MANCHERIAL,,Automobile dealer (brand unknown),Rest of Telangana,1
6820,YUVIKHA AUTOMOBILES LLP,RAMACHANDRAPURAM,SANGAREDDY,RAMACHANDHRAPURAM,502032,RTA SANGAREDDY,,Automobile dealer (brand unknown),Hyderabad metro,1
6822,KALYANI MOTORS PVT. LTD,HYDERABAD,MEDCHAL M-GIRI,UPPAL,500076,RTA UPPAL,,Automobile dealer (brand unknown),Hyderabad metro,1
6828,M/S SREE KRISHNA AUTOMOTIVES HYD PV,SEERLINGAMPALLY R R DIST,RANGA REDDY,SERILINGAMPALLY,500081,RTA RANGAREDDY,,Automobile dealer (brand unknown),Hyderabad metro,1
6829,M/S RVAN VENTURES PRIVATE LIMITED,OLD BOWENPALLY,MEDCHAL M-GIRI,BALANAGAR,500011,RTA MEDCHAL,,Automobile dealer (brand unknown),Hyderabad metro,1
6832,M/S SAI BALAJI ENGG WORKS NIZAMABAD,NIZAMABAD,KAMAREDDY,YELLAREDDY,503122,RTA KAMAREDDY,,Body builder / fabricator,Rest of Telangana,1
6836,LAXMI SAI AGRO FARM MACHINERY,KARIMNAGAR,KARIMNAGAR,KARIMNAGAR URBAN,505001,RTA KARIMNAGAR,,Tractor / farm equipment,Rest of Telangana,1
6837,M/S TIRUMALA TRACTORS,PARIGI,VIKARABAD,PARIGI,501501,UNIT OFFICE PARGI,,Tractor / farm equipment,Rest of Telangana,1
6840,MITHRA AUTO LINES LLP,WARANGAL,HANUMAKONDA,HANAMKONDA,506001,RTA HANUMAKONDA,Suzuki 2W,Two-wheeler dealer,Rest of Telangana,1
6842,OM SAI MOTORS,NIZAMABAD,NIZAMABAD,NIZAMABAD,503002,RTA NIZAMABAD,,Automobile dealer (brand unknown),Rest of Telangana,1
6845,M/S LAXMI NARAYANA ENGINEERS WORKS,PALONCHA,BHADRADRI,PALONCHA,507115,RTA BHADRADRI,,Body builder / fabricator,Rest of Telangana,1
6847,M/S VIJAYASAI ENGINEERING WORKS,NIZMABAD,NIZAMABAD,BODHAN,503001,UNIT OFFICE BHODAN,,Body builder / fabricator,Rest of Telangana,1
6849,KONGARA AUTOMOTIVES,KHAMMAM,KHAMMAM,KHAMMAM URBAN,507001,RTA KHAMMAM,,Two-wheeler dealer,Rest of Telangana,1
6852,M/S SRI BEEMESHWARA ENGINEERING WORKS,YELLAREDDY,KAMAREDDY,YELLAREDDY,503122,RTA KAMAREDDY,,Body builder / fabricator,Rest of Telangana,1
6859,M/S SRI USHA ENGINEERING WORKS,KHAMMAM,KHAMMAM,WYRA,507165,UNIT OFFICE WYRA,,Body builder / fabricator,Rest of Telangana,1
6866,OM NAGENDRA MOTORS,KARIMNAGAR,KARIMNAGAR,KARIMNAGAR URBAN,505001,RTA KARIMNAGAR,,Automobile dealer (brand unknown),Rest of Telangana,1
6868,SCHWING STETTER INDIA PVT LTD,BANJARAHILLS,HYDERABAD,BANJARAHILLS,500034,RTA-HYDERABAD-CZ,,Automobile dealer (brand unknown),Hyderabad metro,1
6872,GEETHA AUTO COMMERCIALS,RAMPUR,HANUMAKONDA,HANAMKONDA,506001,RTA HANUMAKONDA,,Automobile dealer (brand unknown),Rest of Telangana,1
6876,M/S SRI KALA ENGINEERING INDUSTRIES,NEREDUCHARLA,SURYAPET,NEREDUCHERLA,508218,RTA SURYAPET,,Body builder / fabricator,Rest of Telangana,1
6877,S S MOTORS,SEERLINGAMPALLY,RANGA REDDY,SERILINGAMPALLY,500049,RTA RANGAREDDY,,Automobile dealer (brand unknown),Hyderabad metro,1
6887,M/S NEW HANUMAN ENGINEERING WORKS,KODAD,KHAMMAM,KHAMMAM RURAL,507101,RTA KHAMMAM,,Body builder / fabricator,Rest of Telangana,1
6895,GEM AUTOMOTIVES LLP,R R DIST,RANGA REDDY,SERILINGAMPALLY,500084,RTA RANGAREDDY,Suzuki 2W,Two-wheeler dealer,Hyderabad metro,1
6905,SRI KRISHNA AUTOMOBILES,KHAMMAM,KHAMMAM,KALLURU,507209,UNIT OFFICE SATTUPALLI,,Automobile dealer (brand unknown),Rest of Telangana,1
6906,GAYATRI AUTO AGENCIES,SATHUPALLY,KHAMMAM,SATHUPALLY,507303,UNIT OFFICE SATTUPALLI,,Two-wheeler dealer,Rest of Telangana,1
6908,OM NAGENDRA AUTOMOBILES,JAGTIAL,JAGITYAL,JAGTIAL,505327,RTA JAGITYAL,,Automobile dealer (brand unknown),Rest of Telangana,1
6909,M/S SRI VENKATA LAXMI MOTORS,NALGONDA,SURYAPET,SURYAPET,508213,RTA SURYAPET,Hero,Two-wheeler dealer,Rest of Telangana,1
6911,SRI KAKATIYA TRACTORS,WARANGAL,HANUMAKONDA,Khazipet,506002,RTA HANUMAKONDA,,Tractor / farm equipment,Rest of Telangana,1
6913,"M/S REDDY ENGINEERING WORKS,SURYAPET",SURYAPET,SURYAPET,SURYAPET,508001,RTA SURYAPET,,Body builder / fabricator,Rest of Telangana,1
6914,"M/S SRI RAJENDRA INDUSTRIES ,SURYAPET",SURYAPET,SURYAPET,SURYAPET,508001,RTA SURYAPET,,Body builder / fabricator,Rest of Telangana,1
6918,"M/S VENKATESHWARA ENGINEERING WORKS,MIRYAGUDA",MIRYAGUDA,NALGONDA,MIRYALGUDA,508207,UNIT OFFICE MIRYALAGUDA,,Body builder / fabricator,Rest of Telangana,1
6922,M/S BALAJI AGRO AGENCIES,KHAMMAM,KHAMMAM,KALLURU,507209,UNIT OFFICE SATTUPALLI,,Tractor / farm equipment,Rest of Telangana,1
6923,S V MOTORS,WARANGAL,WARANGAL,WARANGAL,506002,RTA WARANGAL,,Automobile dealer (brand unknown),Rest of Telangana,1
6924,M/S SRI BHAVANI ENGINEERING WORKS,RANGA REDDY DIST,RANGA REDDY,SHANKARPALLY,501203,RTA RANGAREDDY,,Body builder / fabricator,Hyderabad metro,1
6925,M/S HEADWAY MOTORS,BALANAGAR,MEDCHAL M-GIRI,BALANAGAR,500072,UNIT OFFICE KUKATPALLY,,Automobile dealer (brand unknown),Hyderabad metro,1
6926,"M/S SRI VENKATESWARA AGRO WORKS,MEDAK",GAJWAL,SIDDIPET,GAJWEL,502278,RTA SIDDIPET,,Body builder / fabricator,Rest of Telangana,1
6929,RAAM AUTOBAHN INDIA PRIVATE LIMITED,HYDERABAD,HYDERABAD,SOMAJIGUDA,500082,RTA-HYDERABAD-CZ,,Automobile dealer (brand unknown),Hyderabad metro,1
6931,VASUDHA AUTOMOBILES,SECUNDERABAD,MEDCHAL M-GIRI,MALKAJGIRI,500094,RTA UPPAL,,Automobile dealer (brand unknown),Hyderabad metro,1
6935,ASHWIK MOTORS,ADILABAD,ADILABAD,ADILABAD,504001,RTA ADILABAD,Royal Enfield,Two-wheeler dealer,Rest of Telangana,1
6936,SREE RAMA TRACTORS,MAHABUBNAGAR,NAGARKURNOOL,NAGAR KURNOOL,509209,RTA NAGARKURNOOL,,Tractor / farm equipment,Rest of Telangana,1
6939,M/S POORNA AUTO AGENCIES,KHAMMAM,BHADRADRI,ASHWARAOPETA,507301,RTA BHADRADRI,,Automobile dealer (brand unknown),Rest of Telangana,1
6941,J J MOTORS,MAHABUBNAGAR,NAGARKURNOOL,NAGAR KURNOOL,509209,RTA NAGARKURNOOL,,Automobile dealer (brand unknown),Rest of Telangana,1
6943,M/S LCGC MOTORS,NALGONDA,NALGONDA,MIRYALGUDA,508207,UNIT OFFICE MIRYALAGUDA,,Automobile dealer (brand unknown),Rest of Telangana,1
6945,M/S GOLDEN MOTORS,JAGATHGIRIGUTTA KUKATPALLY,MEDCHAL M-GIRI,BALANAGAR,500072,UNIT OFFICE KUKATPALLY,,Automobile dealer (brand unknown),Hyderabad metro,1
6950,SRI LAKSHM NARASIMHA TRACTORS,MAHABUBNAGAR,NARAYANPET,MAKTHAL,509208,RTA NARAYANPET,,Tractor / farm equipment,Rest of Telangana,1
6951,ADARSHA AUTO WORLD PVT LTD,KARIMNAGAR,KARIMNAGAR,KARIMNAGAR URBAN,505001,RTA KARIMNAGAR,,Automobile dealer (brand unknown),Rest of Telangana,1
6960,M/S KGN ENGG WORKS,PEDDAPALLI,PEDDAPALLI,PEDDAPALLY,505153,RTA PEDDAPALLI,,Body builder / fabricator,Rest of Telangana,1
6962,DARK MATTER MOTORCYCLES,HYD,HYDERABAD,MALAKPET,500036,RTA-HYDERABAD-EZ,,Two-wheeler dealer,Hyderabad metro,1
6966,M/S MAHMOOD ENGINEERING WORKS,ADILABAD,ADILABAD,ADILABAD,504001,RTA ADILABAD,,Body builder / fabricator,Rest of Telangana,1
6970,M/S VISHNUPRIYA AUTOMOTIVES,MIRYALGUDA,NALGONDA,MIRYALGUDA,508207,RTA NALGONDA,Bajaj,Two-wheeler dealer,Rest of Telangana,1
6972,M/S BALAJI ENGINEERING WORKS,SANGAREDDY,SANGAREDDY,SANGA REDDY,502294,RTA SANGAREDDY,,Body builder / fabricator,Hyderabad metro,1
6973,M/S SAI VENKATA DURGA ENGINEERING WORKS,NIZAMABAD,NIZAMABAD,NIZAMABAD,503001,RTA NIZAMABAD,,Body builder / fabricator,Rest of Telangana,1
6980,M/S SAI NAGARAJA ENGINEERING WORKS,NIZAMABAD,NIZAMABAD,VARNI,503201,RTA NIZAMABAD,,Body builder / fabricator,Rest of Telangana,1
6981,SRI LAXMI NARASIMHA TRACTORS,PARKAL,HANUMAKONDA,PARKAL,506164,RTA HANUMAKONDA,,Tractor / farm equipment,Rest of Telangana,1
6983,ANIKA AGRO ENGINEERING,WARAMHAL,WARANGAL,WARANGAL,506001,RTA WARANGAL,,Body builder / fabricator,Rest of Telangana,1
6992,M/S ADARSHA AUTO WORLD PVT LTD.,BALANAGAR,MEDCHAL M-GIRI,BALANAGAR,500072,RTA MEDCHAL,Maruti Suzuki,Automobile dealer (brand unknown),Hyderabad metro,1
6994,VENKATADRI EICHER TRACTORS,NAGARKURNOOL,NAGARKURNOOL,NAGAR KURNOOL,509209,RTA NAGARKURNOOL,Eicher,Tractor / farm equipment,Rest of Telangana,1
6995,"M/S RAVI ENGINEERING WORK SHOP,PARAKALA",WARANGAL RURAL,HANUMAKONDA,PARKAL,506164,RTA HANUMAKONDA,,Body builder / fabricator,Rest of Telangana,1
6996,M/S PASHA AGRO INDUSTRIES,NARSAMPET,WARANGAL,NARSAMPET,506132,RTA WARANGAL,,Body builder / fabricator,Rest of Telangana,1
7001,M/S SHAMBHAVI ENGINEERING WORKS,SIRCILLA,RAJANNA,SIRCILLA,505301,RTA RAJANNA,,Body builder / fabricator,Rest of Telangana,1
7008,M/S SANDEEP INDUSTRIES,NALGONDA,NALGONDA,NALGONDA,508001,RTA NALGONDA,,Body builder / fabricator,Rest of Telangana,1
7012,M/S TEJA MOTORS,NALGONDA,NALGONDA,DEVERKONDA,508248,RTA NALGONDA,,Automobile dealer (brand unknown),Rest of Telangana,1
7015,M/S SREE VEERANJANEYA WELDING WORKS,JAGITYLA,JAGITYAL,METPALLY,505325,RTA JAGITYAL,,Body builder / fabricator,Rest of Telangana,1
7016,SRISAITIRUMALAMOTORS,CHOUTUPPAL,YADADRI,CHOUTUPPAL,508252,RTA YADADRI,,Automobile dealer (brand unknown),Rest of Telangana,1
7025,THE MITHRA AGENCIES,BARKATPURA,HYDERABAD,BARKATPURA,500027,RTA-HYDERABAD-CZ,,Automobile dealer (brand unknown),Hyderabad metro,1
7029,M/S MAHENDRA ENGINEERING WORKS,NALGONDA,NALGONDA,MIRYALGUDA,508243,RTA NALGONDA,,Body builder / fabricator,Rest of Telangana,1
7031,M/S SRI VENKATESHWARA GENERAL ENGINEERING WORKS,MULUGU,MULUGU,GOVINDARAOPET,506344,RTA MULUGU,,Body builder / fabricator,Rest of Telangana,1
7036,A1 MOTORS,NARSAPUR,MEDAK,NARSAPUR,502313,RTA MEDAK,,Automobile dealer (brand unknown),Rest of Telangana,1
7044,M/S SRI HANUMAN GENERAL ENGINEERING WORKS,KHAMMAM,KHAMMAM,KUSUMANCHI,507159,RTA KHAMMAM,,Body builder / fabricator,Rest of Telangana,1
7046,M/S SRI VENKATESHWARA ENGINEERING WORKSHOP,KOMRAMBHEEM,KOMRAMBHEEM,SIRPUR (T),504299,RTA KOMRAMBHEEM,,Body builder / fabricator,Rest of Telangana,1
7047,M/S RAGHAVENDRA ENGINEERING WORKS,MAHABOOBNAGAR,RANGA REDDY,AMANGAL,509321,RTA RANGAREDDY,,Body builder / fabricator,Hyderabad metro,1
7049,RAMCOR MOTORS PVT LTD,HYDERABAD,HYDERABAD,MALAKPET,500036,RTA-HYDERABAD-EZ,,Automobile dealer (brand unknown),Hyderabad metro,1
7050,MYTHRI MOTORS,MANUGURU,BHADRADRI,MANUGURU,507117,RTA BHADRADRI,,Automobile dealer (brand unknown),Rest of Telangana,1
7055,SRI RAM AUTOMOBILES,BHADRACHALAM,BHADRADRI,BHADRACHALAM,507111,RTA BHADRADRI,,Two-wheeler dealer,Rest of Telangana,1
7063,SRR MOTORS,ADILABAD,ADILABAD,ADILABAD,504001,RTA ADILABAD,Bajaj,Two-wheeler dealer,Rest of Telangana,1
7065,SRI BHAVANI MOTORS,KORUTLA,JAGITYAL,KORUTLA,505326,RTA JAGITYAL,,Automobile dealer (brand unknown),Rest of Telangana,1
7066,NARASIMHA MOTORS,METPALLY,JAGITYAL,METPALLY,505325,RTA JAGITYAL,TVS,Two-wheeler dealer,Rest of Telangana,1
7071,HERSCEL MOTORS PRIATE LIMITED,GADWAL,JOGULAMBA,GADWAL,509125,RTA JOGULAMBA,,Automobile dealer (brand unknown),Rest of Telangana,1
7072,KIRAN MOTORS,GADWAL,JOGULAMBA,VADDEPALLY,509126,RTA JOGULAMBA,,Two-wheeler dealer,Rest of Telangana,1
7075,JGP MOTORS,KHAMMAM,KHAMMAM,KHAMMAM URBAN,507003,RTA KHAMMAM,,Automobile dealer (brand unknown),Rest of Telangana,1
7076,ORANGE AUTO PVT LTD,HYDERABAD,HYDERABAD,BANJARAHILLS,500034,RTA-HYDERABAD-CZ,,Automobile dealer (brand unknown),Hyderabad metro,1
7077,GEM MOTORS INDIA PVT LTD,HYDERABAD,HYDERABAD,MALAKPET,500036,RTA-HYDERABAD-EZ,,Automobile dealer (brand unknown),Hyderabad metro,1
7079,"M/S SRI RAMA ENGINEERING WORKS,YADADRI",YADADRI,YADADRI,ATMAKUR (M),508111,RTA YADADRI,,Body builder / fabricator,Rest of Telangana,1
7080,ADARSHA AUTOWORLD PVT LTD,WARANGAL,WARANGAL,WARANGAL,506002,RTA WARANGAL,,Automobile dealer (brand unknown),Rest of Telangana,1
7088,M/S MARUTHI ENGINEERING WORKS,PEDDAPALLI,PEDDAPALLI,PEDDAPALLY,505172,RTA PEDDAPALLI,Maruti Suzuki,Body builder / fabricator,Rest of Telangana,1
7090,M/S RAJASTHAN ENGINEERING,ADILABAD,ADILABAD,ADILABAD,504001,RTA ADILABAD,,Body builder / fabricator,Rest of Telangana,1
7091,M/S LAXMI SAI ENGINEERING WORKS,MEDAK,MEDAK,NARSAPUR,502110,RTA MEDAK,,Body builder / fabricator,Rest of Telangana,1
7098,SRR AUTOMOTIVES,KARIMNAGAR,KARIMNAGAR,HUZURABAD,505468,RTA KARIMNAGAR,,Automobile dealer (brand unknown),Rest of Telangana,1
7100,SRILATHA MOTORS,SIDDIPET,SIDDIPET,GAJWEL,502278,RTA SIDDIPET,TVS,Two-wheeler dealer,Rest of Telangana,1
7102,M/S SRI SAI KRISHNA INDUSTRIES,HYDERABAD,MEDCHAL M-GIRI,MEDCHAL,501401,RTA MEDCHAL,,Body builder / fabricator,Hyderabad metro,1
7104,M/S PADMA SHANTHI INDUSTRIES,BHADRADRI,BHADRADRI,BHADRACHALAM,507111,RTA BHADRADRI,,Body builder / fabricator,Rest of Telangana,1
7107,VISHAL AUTOMOBILES,HYDERABAD,HYDERABAD,SR NAGAR,500018,RTA-HYDERABAD-CZ,,Automobile dealer (brand unknown),Hyderabad metro,1
7118,M/S SREE KRISHNA AUTOMOTIVES HYD PV,HYDERABAD,HYDERABAD,JUBILEE HILLS,500033,RTA-HYDERABAD-CZ,,Automobile dealer (brand unknown),Hyderabad metro,1
7119,BORRA AUTO MARKETING PVT LTD,WARANGAL,WARANGAL,WARANGAL,506002,RTA WARANGAL,Honda,Two-wheeler dealer,Rest of Telangana,1
7121,SRI VENKATESWARA TRACTORS,BHADRACHALAM,BHADRADRI,BHADRACHALAM,507111,RTA BHADRADRI,,Tractor / farm equipment,Rest of Telangana,1
7122,M/S SWASTHIK ENGINEERING COMPANY,MAHABOOBNAGAR,NARAYANPET,DHANWADA,509205,RTA NARAYANPET,,Body builder / fabricator,Rest of Telangana,1
7123,M/S SRI SAI AUTOMOBILES,RAGNGA REDDY,RANGA REDDY,HAYATHNAGAR,501505,RTA IBRAHIMPATNAM,,Automobile dealer (brand unknown),Hyderabad metro,1
7125,VIJAYA GANAPATHI AUTOMOTIVES,NIZAMABAD,NIZAMABAD,NIZAMABAD,503003,RTA NIZAMABAD,,Automobile dealer (brand unknown),Rest of Telangana,1
7128,SRI LAXMI NARASIMHA MOTORS,RAMAYAMPET,MEDAK,RAMAYAMPET,502101,RTA MEDAK,,Automobile dealer (brand unknown),Rest of Telangana,1
7129,SRI SAIBABA TRACTORS,NIZAMABAD,NIZAMABAD,NIZAMABAD,503230,RTA NIZAMABAD,,Tractor / farm equipment,Rest of Telangana,1
7138,M/S ARJUN AUTO,DUNDIGAL,MEDCHAL M-GIRI,Dundigal,500014,RTA MEDCHAL,Yamaha,Two-wheeler dealer,Hyderabad metro,1
7143,SRI KARUNA MOTORS,SANGAREDDY,SANGAREDDY,SADASIVPET,502291,RTA SANGAREDDY,,Automobile dealer (brand unknown),Hyderabad metro,1
7148,ARKA AUTOTECH PRIVATE LIMITED,KHAMMAM,KHAMMAM,KHAMMAM URBAN,507002,RTA KHAMMAM,Renault,Car / CV dealer,Rest of Telangana,1
7152,ANIL MOTORS,SIDDIPET,SIDDIPET,SIDDIPET,502103,RTA SIDDIPET,,Automobile dealer (brand unknown),Rest of Telangana,1
7158,HARI HARA MOTORS,KARIMNAGAR,KARIMNAGAR,KARIMNAGAR URBAN,505001,RTA KARIMNAGAR,,Automobile dealer (brand unknown),Rest of Telangana,1
7164,M/S SAINATH AGRO ENGINEERING WORKS,KARIMNAGAR,KARIMNAGAR,KARIMNAGAR URBAN,505001,RTA KARIMNAGAR,,Body builder / fabricator,Rest of Telangana,1
7174,M/S SRI VENKATESHWARA ENGG WORKSHIP,KAGHAZNAGAR,KOMRAMBHEEM,KAGAZNAGAR,504296,RTA KOMRAMBHEEM,,Body builder / fabricator,Rest of Telangana,1
7175,VINAY AUTO TECH PVT LTD,MANCHERIAL,MANCHERIYAL,MANCHERIAL,504302,RTA MANCHERIAL,,Automobile dealer (brand unknown),Rest of Telangana,1
7179,VENKATESHWARA ENTERPRISES,HANAMKONDA,HANUMAKONDA,HANAMKONDA,506001,RTA HANUMAKONDA,,Automobile dealer (brand unknown),Rest of Telangana,1
7182,ANJALI AUTOMOBILES LLP,WANAPARTHY MANDAL,WANAPARTHY,WANAPARTHY,509103,RTA WANAPARTHY,,Two-wheeler dealer,Rest of Telangana,1
7183,ADAPT MOTORS PRIVATE LIMITED,VANASTHALIPURAM,RANGA REDDY,HAYATHNAGAR,500070,RTA IBRAHIMPATNAM,,Automobile dealer (brand unknown),Hyderabad metro,1
7184,SVR MOTORS,SECUNDERABAD,HYDERABAD,SECUNDRABAD,500003,RTA-HYDERABAD-NZ,,Automobile dealer (brand unknown),Hyderabad metro,1
7188,SREEMANI TVS,NARSAPUR,MEDAK,NARSAPUR,502313,RTA MEDAK,TVS,Two-wheeler dealer,Rest of Telangana,1
7197,M/S SRI VINAYA DURGA ENGINEERING WORKS,SANGAREDDY,SANGAREDDY,SANGA REDDY,502001,RTA SANGAREDDY,,Body builder / fabricator,Hyderabad metro,1
7198,M/S SRI SHIVA SAI ENGINEERING WORKS,SANGAREDDY,SANGAREDDY,HATHNOORA,502001,RTA SANGAREDDY,,Body builder / fabricator,Hyderabad metro,1
7206,M/S MANASA ENGINEERING WORKS,MAHABOOBNAGAR,MAHABOOBNAGAR,DEVARKADARA,509204,RTA MAHABOOBNAGAR,,Body builder / fabricator,Rest of Telangana,1
7208,ORANGE AUTO PVT LTD,EARRAGADDA,HYDERABAD,ERRAGADDA,500018,RTA-HYDERABAD-CZ,,Automobile dealer (brand unknown),Hyderabad metro,1
7209,M/S SRI RAGHAVA ENGINEERING WORKS,MANCHERIAL,MANCHERIYAL,Naspur,504302,RTA MANCHERIAL,,Body builder / fabricator,Rest of Telangana,1
7212,M/S SPEED TVS,MAHABUBNAGAR,NARAYANPET,NARAYANPET,509210,RTA NARAYANPET,TVS,Two-wheeler dealer,Rest of Telangana,1
7225,YUKTHA MOTORS PRIVATE LIMITED,MAHABUBNAGAR,MAHABOOBNAGAR,Mahabubnagar(R),509001,RTA MAHABOOBNAGAR,,Automobile dealer (brand unknown),Rest of Telangana,1
7233,M/S CHARANTEJA ENGINEERING WORKS,WARANGAL URBAN,HANUMAKONDA,Velair,506142,RTA HANUMAKONDA,,Body builder / fabricator,Rest of Telangana,1
7234,M/S VARMA ENGINEERING WORKS,BHADRADRI,BHADRADRI,BHADRACHALAM,507111,RTA BHADRADRI,,Body builder / fabricator,Rest of Telangana,1
7235,M/S A K ENGINEERING TRACTOR&TRAILER MANUF.WORKSHOP,ADILABAD,ADILABAD,ADILABAD,504001,RTA ADILABAD,,Body builder / fabricator,Rest of Telangana,1
7237,M/S THIRUMALA INDUSTRIES,SURYAPET,SURYAPET,SURYAPET,508204,RTA SURYAPET,,Body builder / fabricator,Rest of Telangana,1
7242,M/S VARALAXMI ENGINEERING WORKS,SIDDIPET,SIDDIPET,KOHEDA,505473,RTA SIDDIPET,,Body builder / fabricator,Rest of Telangana,1
7251,M/S SAI RAM ENGINEERING WORKS,NALGONDA,NALGONDA,NARKATPALLY,508254,RTA NALGONDA,,Body builder / fabricator,Rest of Telangana,1
7260,M/S SRI RAGHAVENDRA AGRO WORKS,SIDDIPET,SIDDIPET,GAJWEL,502278,RTA SIDDIPET,,Body builder / fabricator,Rest of Telangana,1
7272,SIDDHI SREE VINAYAKA MOTORS,RAMAGUNDAM,PEDDAPALLI,RAMAGUNDAM,505215,RTA PEDDAPALLI,,Automobile dealer (brand unknown),Rest of Telangana,1
7274,M/S KINGS AUTO,SAROORNAGAR,RANGA REDDY,SAROORNAGAR,500074,RTA IBRAHIMPATNAM,,Automobile dealer (brand unknown),Hyderabad metro,1
7281,M/S SRI RAGHAVA ENGINEERING WORKS,PEDDAPALLI,PEDDAPALLI,MANTHANI,505184,RTA PEDDAPALLI,,Body builder / fabricator,Rest of Telangana,1
7282,M/S SRI SAI ENGINEERING WORKS NALGONDA,NALGONDA,NALGONDA,NALGONDA,508001,RTA NALGONDA,,Body builder / fabricator,Rest of Telangana,1
7283,M/S SRI GVKR ENGINEERING WORKS,NAGARKURNOOL,NAGARKURNOOL,NAGAR KURNOOL,509209,RTA NAGARKURNOOL,,Body builder / fabricator,Rest of Telangana,1
7285,M/S SRI SAIRAM AUTOMOBILES,KUKATPALLY,MEDCHAL M-GIRI,KUKATPALLY,500072,RTA MEDCHAL,,Automobile dealer (brand unknown),Hyderabad metro,1
7288,WELCOME AUTOMOTIVES,KOMRAMBHEEM,KOMRAMBHEEM,KAGAZNAGAR,504296,RTA KOMRAMBHEEM,,Automobile dealer (brand unknown),Rest of Telangana,1
7292,PREMIER AUTOMOBILES,GACHIBOWLI,RANGA REDDY,SERILINGAMPALLY,500032,RTA RANGAREDDY,,Automobile dealer (brand unknown),Hyderabad metro,1
7294,SAANVI HONDA,JAGITIAL,JAGITYAL,METPALLY,505325,RTA JAGITYAL,Honda,Two-wheeler dealer,Rest of Telangana,1
7303,SRI SAI MOTORS & AGENCIES,JOGULAMBA,JOGULAMBA,GADWAL,509125,RTA JOGULAMBA,,Automobile dealer (brand unknown),Rest of Telangana,1
7307,CASA DINERO ENTERPRISES PRIVATE LIM,NALGONDA,NALGONDA,NALGONDA,508001,RTA NALGONDA,Suzuki 2W,Two-wheeler dealer,Rest of Telangana,1
7317,SHIVA SAI MOTORS,KHAMMAM,KHAMMAM,NELAKONDAPALLY,507160,RTA KHAMMAM,Honda,Two-wheeler dealer,Rest of Telangana,1
7318,B R REDDY MOTORS,JAGITIAL,JAGITYAL,METPALLY,505325,RTA JAGITYAL,,Automobile dealer (brand unknown),Rest of Telangana,1
7325,MAANYA MOTORCYCLES PRIVATE LIMITED,HYDERABAD,HYDERABAD,HIMAYAT NAGAR,500029,RTA-HYDERABAD-CZ,Suzuki 2W,Two-wheeler dealer,Hyderabad metro,1
7326,RADHA AUTOMOTIVES LLP,SECUNDERABAD,HYDERABAD,CONTONMENT AREA,50009,RTA-HYDERABAD-NZ,,Automobile dealer (brand unknown),Hyderabad metro,1
7327,M/S THIRUMALA ENGINEERING WORKS,NAGARKURNOOL,NAGARKURNOOL,KALWAKURTHY,509209,RTA NAGARKURNOOL,,Body builder / fabricator,Rest of Telangana,1
7331,SRI VANAMA AGENCIES,KHAMMAM,KHAMMAM,KHAMMAM URBAN,507165,RTA KHAMMAM,,Automobile dealer (brand unknown),Rest of Telangana,1
7338,M/S SRI LAKSHMI MOTORS,AMANGAL RANGA REDDY DISTT,RANGA REDDY,AMANGAL,509321,RTA RANGAREDDY,,Automobile dealer (brand unknown),Hyderabad metro,1
7339,SRI BALAJI AUTOMOTIVES,KAMAREDDY,KAMAREDDY,KAMAREDDY,503111,RTA KAMAREDDY,Mahindra,Car / CV dealer,Rest of Telangana,1
7341,LAXMI AUTOMOTIVES,NIZAMABAD,NIZAMABAD,NIZAMABAD,503002,RTA NIZAMABAD,,Automobile dealer (brand unknown),Rest of Telangana,1
7343,SOWJANYA AUTOMOBILES,HYDERABAD,HYDERABAD,BAHADURPURA,500064,RTA-HYDERABAD-SZ,,Automobile dealer (brand unknown),Hyderabad metro,1
7344,PINGALI HONDA,YELLANDU,BHADRADRI,YELLANDU,507123,RTA BHADRADRI,Honda,Two-wheeler dealer,Rest of Telangana,1
7352,AARUSH MOTORS PRIVATE LIMITED,HYDERABAD,HYDERABAD,MEHDHIPATNAM,500028,RTA-HYDERABAD-WZ,,Automobile dealer (brand unknown),Hyderabad metro,1
7354,VARUN MOTORS,ASWARAOPETA,BHADRADRI,ASHWARAOPETA,507301,RTA BHADRADRI,Maruti Suzuki,Automobile dealer (brand unknown),Rest of Telangana,1
7355,TEJASWI AUTOMOBILES,R R DIST,RANGA REDDY,SERILINGAMPALLY,500081,RTA RANGAREDDY,,Automobile dealer (brand unknown),Hyderabad metro,1
7361,MAHI AUTOMOBILES,MANCHERIAL,MANCHERIYAL,MANCHERIAL,504208,RTA MANCHERIAL,,Automobile dealer (brand unknown),Rest of Telangana,1
7363,M/S HANUMAN AGRO INDUSTRIES,HYDERABAD,RANGA REDDY,AMANGAL,509321,RTA RANGAREDDY,,Body builder / fabricator,Hyderabad metro,1
7367,HYDERABAD COACH BUILDERS PVT.LTD.,MEDCHAL DIST,MEDCHAL M-GIRI,QUTHUBULLAPUR,500043,RTA MEDCHAL,,Body builder / fabricator,Hyderabad metro,1
7369,SNEHA MOTORS,WARANGAL RURAL,WARANGAL,NARSAMPET,506132,RTA WARANGAL,,Automobile dealer (brand unknown),Rest of Telangana,1
7371,SRI ANANTHA PADMANABHA AGRO TRADERS,FAROOQNAGAR,RANGA REDDY,FAROOQ NAGAR,509216,RTA RANGAREDDY,,Tractor / farm equipment,Hyderabad metro,1
7372,VARDHAMAN MOTORS,BAIRAMAL GUDA SAROOR NAGAR,RANGA REDDY,SAROORNAGAR,500035,RTA IBRAHIMPATNAM,,Automobile dealer (brand unknown),Hyderabad metro,1
7380,ASHWIK MOTORS,NIRMAL,NIRMAL,NIRMAL,504106,RTA NIRMAL,,Automobile dealer (brand unknown),Rest of Telangana,1
7381,CMR AUTOMOBILES,HYDERABAD,HYDERABAD,ERRAGADDA,500018,RTA-HYDERABAD-CZ,,Automobile dealer (brand unknown),Hyderabad metro,1
7384,THIRUMALA AUTOMOBILES,TELANGANA,NAGARKURNOOL,KOLLAPUR,509102,RTA NAGARKURNOOL,,Two-wheeler dealer,Rest of Telangana,1
7386,MAARUTHI AUTOMOTIVES,KARIMNAGAR,KARIMNAGAR,KARIMNAGAR URBAN,505001,RTA KARIMNAGAR,,Automobile dealer (brand unknown),Rest of Telangana,1
7391,SRI MALLIKARJUNA AUTOMOTIVES,WANAPARTHY,WANAPARTHY,WANAPARTHY,509103,RTA WANAPARTHY,,Automobile dealer (brand unknown),Rest of Telangana,1
7395,SRIDHANALAKSHMI AUTO AGENCIES PRIVA,SANGAREDDY DISTRICT,SANGAREDDY,PATANCHERU,502319,RTA SANGAREDDY,,Automobile dealer (brand unknown),Hyderabad metro,1
7404,M/S ARAVIND ENGINEERING WORKS,NIZAMABAD,NIZAMABAD,NANDIPET,503212,RTA NIZAMABAD,,Body builder / fabricator,Rest of Telangana,1
7405,M/S KRUPA ENGINEERING WORKS,KAMAREDDY,KAMAREDDY,NIZAMSAGAR,503302,RTA KAMAREDDY,,Body builder / fabricator,Rest of Telangana,1
7411,JAYAN AUTO PVT LTD,"VILLAGE,HYDERABAD",MEDCHAL M-GIRI,KUKATPALLY,500072,RTA MEDCHAL,Suzuki 2W,Two-wheeler dealer,Hyderabad metro,1
7415,MANI MOTORS,KARIMNAGAR,KARIMNAGAR,KARIMNAGAR RURAL,505001,RTA KARIMNAGAR,,Automobile dealer (brand unknown),Rest of Telangana,1
7424,SRIVENKATESHWARA MOTORS,MEDAK DISRICT,MEDAK,MEDAK,502110,RTA MEDAK,,Automobile dealer (brand unknown),Rest of Telangana,1
7425,SRI KUBERA MOTORS,SURYAPET,SURYAPET,SURYAPET,508213,RTA SURYAPET,,Automobile dealer (brand unknown),Rest of Telangana,1
7432,JSP MOTORRAD HYD PVT. LTD.,HYDERABAD,HYDERABAD,BANJARAHILLS,500034,RTA-HYDERABAD-CZ,,Automobile dealer (brand unknown),Hyderabad metro,1
7452,M/S MODERN ENGINEERING WORKS,SANGAREEDY,SANGAREDDY,ANDOLE,502270,RTA SANGAREDDY,,Body builder / fabricator,Hyderabad metro,1
7453,M/ SRI LAXMI ENGINEERING WORKS,MAHABUBUNAGAR,NARAYANPET,Marikal,509351,RTA NARAYANPET,,Body builder / fabricator,Rest of Telangana,1
7455,M/S SURYA ENGINEERING COMPANY,RAJANNA,RAJANNA,YELLAREDDYPET,505301,RTA RAJANNA,,Body builder / fabricator,Rest of Telangana,1
7457,HYD AUTOFORTE PRIVATE LIMITED,MAHABOOBNAGAR,MAHABOOBNAGAR,MAHBUBNAGAR,509001,RTA MAHABOOBNAGAR,Yamaha,Two-wheeler dealer,Rest of Telangana,1
7465,M/S BALAJI INDUSTRIES,SURYPET,SURYAPET,SURYAPET,508213,RTA SURYAPET,,Body builder / fabricator,Rest of Telangana,1
7468,SRI BALAJIENGINEERING WORKS,RR DIST,RANGA REDDY,IBRAHIMPATAM,501506,RTA RANGAREDDY,,Body builder / fabricator,Hyderabad metro,1
7473,M/S SANSAI AUTO SERVICES PVT LTD,NALGONDA,NALGONDA,NALGONDA,508001,RTA NALGONDA,Mahindra,Car / CV dealer,Rest of Telangana,1
7474,M/S N.S ENTERPRISES,MANTHANI,PEDDAPALLI,MANTHANI,505184,RTA PEDDAPALLI,,Automobile dealer (brand unknown),Rest of Telangana,1
7477,SIMHAVAHINI ENGINEERING WORKS,NIZAMABAD,NIZAMABAD,KOTAGIRI,503207,RTA NIZAMABAD,,Body builder / fabricator,Rest of Telangana,1
7478,ANUBHAV MOTORS,JAGTIAL,JAGITYAL,JAGTIAL,505327,RTA JAGITYAL,,Automobile dealer (brand unknown),Rest of Telangana,1
7480,GEETHA AUTOMOBILES,"JEEDIMETLA,HYDERABAD",MEDCHAL M-GIRI,QUTHUBULLAPUR,500067,RTA MEDCHAL,,Automobile dealer (brand unknown),Hyderabad metro,1
7481,ARKA AUTOMOTIVES LLP,KHAMMAM,KHAMMAM,KHAMMAM URBAN,507002,RTA KHAMMAM,,Automobile dealer (brand unknown),Rest of Telangana,1
7495,RAVI ENGINEERING WORKS,SURYAPET,SURYAPET,THUNGATHURTHY,50001,RTA SURYAPET,,Body builder / fabricator,Rest of Telangana,1
7496,S & S AUTONATION,HYDERABAD,HYDERABAD,BANJARAHILLS,500034,RTA-HYDERABAD-CZ,,Automobile dealer (brand unknown),Hyderabad metro,1
7498,SRI BHARGAVA AUTOMOBILES,MANUGURU,BHADRADRI,MANUGURU,507117,RTA BHADRADRI,,Automobile dealer (brand unknown),Rest of Telangana,1
7500,ALMOND AUTOMOTIVES LLP,UPPAL,MEDCHAL M-GIRI,UPPAL,500039,RTA UPPAL,Suzuki 2W,Two-wheeler dealer,Hyderabad metro,1
7505,SAI DURGA AGRI MECHANISATION PRIVAT,WARANGAL URBAN,WARANGAL,WARANGAL,506002,RTA WARANGAL,,Automobile dealer (brand unknown),Rest of Telangana,1
7506,SREE TULASI MOTORS,HYDERABAD,MEDCHAL M-GIRI,KAPRA,500062,RTA UPPAL,,Automobile dealer (brand unknown),Hyderabad metro,1
7507,BHARATH ENGINEERING WORKS,NALGONDA,NALGONDA,NALGONDA,508001,RTA NALGONDA,,Body builder / fabricator,Rest of Telangana,1
7508,SRI SAI RAM ENGINEERING WORKS,KHAMMAM,KHAMMAM,KUSUMANCHI,507159,RTA KHAMMAM,,Body builder / fabricator,Rest of Telangana,1
7510,DEVI AUTOMOBILES,BHUPALPALLY,MULUGU,MULUG,506343,RTA JAYASHANKAR,,Automobile dealer (brand unknown),Rest of Telangana,1
7513,DEVESH MOTORS PVT LTD,KARIMNAGAR,KARIMNAGAR,KARIMNAGAR RURAL,505002,RTA KARIMNAGAR,,Automobile dealer (brand unknown),Rest of Telangana,1
7514,BRIGHT AUTOMOTIVE,HYDERABAD,MEDCHAL M-GIRI,KUKATPALLY,500072,RTA MEDCHAL,,Automobile dealer (brand unknown),Hyderabad metro,1
7516,ACTION CONSTRUCTION EQUIPMENT LTD,HYDERABAD,HYDERABAD,JUBILEE HILLS,500033,RTA-HYDERABAD-CZ,,Automobile dealer (brand unknown),Hyderabad metro,1
7521,JHABAKH AUTO PRIVATE LIMITED,HYDERABAD,MEDCHAL M-GIRI,KUKATPALLY,500072,RTA MEDCHAL,,Automobile dealer (brand unknown),Hyderabad metro,1
7527,CULT CLASSICS,SEERLINGAMPALLY,RANGA REDDY,SERILINGAMPALLY,500032,RTA RANGAREDDY,,Automobile dealer (brand unknown),Hyderabad metro,1
7529,OM DURA MOTORS,JAGTIAL,JAGITYAL,JAGTIAL,505327,RTA JAGITYAL,,Automobile dealer (brand unknown),Rest of Telangana,1
7530,M/S SAIDULU MOTORS,NALGONDA,NALGONDA,MARRIGUDA,508207,RTA NALGONDA,,Automobile dealer (brand unknown),Rest of Telangana,1
7531,RAAM 4 WHEELERS LLP,"BANJARAHILLS, HYDERABAD",HYDERABAD,BANJARAHILLS,500082,RTA-HYDERABAD-CZ,,Automobile dealer (brand unknown),Hyderabad metro,1
7532,SIRI AGRO ENGG WORKS,KARIMNAGAR,KARIMNAGAR,KARIMNAGAR URBAN,505001,RTA KARIMNAGAR,,Body builder / fabricator,Rest of Telangana,1
7534,SRI SAI RAM ENGG WORKS,NAKIREKAL,NALGONDA,NAKREKAL,500000,RTA NALGONDA,,Body builder / fabricator,Rest of Telangana,1
7547,V4 EQUIPMENTS,HYDERABAD,HYDERABAD,JUBILEE HILLS,500033,RTA-HYDERABAD-CZ,,Automobile dealer (brand unknown),Hyderabad metro,1
7553,CAR AUTOMOTIVE LLP,HYDERABAD,HYDERABAD,JUBILEE HILLS,500033,RTA-HYDERABAD-CZ,,Automobile dealer (brand unknown),Hyderabad metro,1
7554,VENKAT BAJAJ,KARIMNAGAR,KARIMNAGAR,KARIMNAGAR URBAN,505001,RTA KARIMNAGAR,Bajaj,Two-wheeler dealer,Rest of Telangana,1
7557,ATUOMOTIVE MANUFACTURERS PRIVATE LI,"NAGOLE, HYDERABAD",MEDCHAL M-GIRI,UPPAL,500068,RTA UPPAL,,Automobile dealer (brand unknown),Hyderabad metro,1
7558,AUTOMOTIVE MANUFACTURES PVT LTD,KONDAPUR SEERLINGAMPALLY,RANGA REDDY,SERILINGAMPALLY,500084,RTA RANGAREDDY,,Automobile dealer (brand unknown),Hyderabad metro,1
7559,SVR PULTRY EQUIPMENTS,HYDERABAD,RANGA REDDY,HAYATHNAGAR,500004,RTA IBRAHIMPATNAM,,Automobile dealer (brand unknown),Hyderabad metro,1
7561,PRAKSH AUTO PLAZA,NIRMAL,NIRMAL,NIRMAL,504106,RTA NIRMAL,,Automobile dealer (brand unknown),Rest of Telangana,1
7564,M/S ADARSHA AUTOMOTIVES PVT LTD,UPPERPALLY R R DIST,RANGA REDDY,RAJENDRANAGAR,500048,RTA RANGAREDDY,,Automobile dealer (brand unknown),Hyderabad metro,1
7565,SRI PARAMESWARA ENGINEERING WORKS,MAHABOOBANAGAR,NARAYANPET,KOSGI,509339,RTA NARAYANPET,,Body builder / fabricator,Rest of Telangana,1
7566,THAMMINENI MOTORS LLP,MAHBUBNAGAR,MAHABOOBNAGAR,Mahabubnagar(R),509001,RTA MAHABOOBNAGAR,,Automobile dealer (brand unknown),Rest of Telangana,1
7568,LAXMIGANPATI MOTORS PVT LTD,KARIMNAGAR,KARIMNAGAR,KARIMNAGAR URBAN,505001,RTA KARIMNAGAR,Suzuki 2W,Two-wheeler dealer,Rest of Telangana,1
7569,HARSHITH MOTORS,KODAD,SURYAPET,KODAD,508206,RTA SURYAPET,,Automobile dealer (brand unknown),Rest of Telangana,1
7570,KAUSHIK E-MARKETING ENTERPRISES,WARANGAL,HANUMAKONDA,HANAMKONDA,506001,RTA HANUMAKONDA,,Automobile dealer (brand unknown),Rest of Telangana,1
7571,M/S SATYAM FARM TECH,KHAMMAM,KHAMMAM,KHAMMAM RURAL,507003,RTA KHAMMAM,,Tractor / farm equipment,Rest of Telangana,1
7572,P V R AGRO AGENCIES,RANGA REDDY DISTRICT,RANGA REDDY,KOTHUR,509325,RTA RANGAREDDY,,Tractor / farm equipment,Hyderabad metro,1
7573,M/S SRI TIRUMALA AGRO INDUSTRIES,MAHABOOBNAGAR,MAHABOOBNAGAR,Mahabubnagar(R),509001,RTA MAHABOOBNAGAR,,Body builder / fabricator,Rest of Telangana,1
7574,SRI SAI VISHAL COMBINE HARVESTERS S,NIZAMABAD,NIZAMABAD,VARNI,503201,RTA NIZAMABAD,,Tractor / farm equipment,Rest of Telangana,1
7575,SRI RAJARAJESWARA ENGINEERING WORKS,JAGITYAL,JAGITYAL,RAIKAL,505460,RTA JAGITYAL,,Body builder / fabricator,Rest of Telangana,1
7589,HARI SAI MANIKANTA AGRO TRACTORS,KHAMMAM,KHAMMAM,PENUBALLY,507302,RTA KHAMMAM,,Tractor / farm equipment,Rest of Telangana,1
7595,M/S COMBINED AUTOMOTIVES PVT LTD,NIRMAL,NIRMAL,SOAN,504105,RTA NIRMAL,,Automobile dealer (brand unknown),Rest of Telangana,1
7597,BDR ENGINEERING WORKS,NAGARKURNOOL,NAGARKURNOOL,NAGAR KURNOOL,509209,RTA NAGARKURNOOL,,Body builder / fabricator,Rest of Telangana,1
7600,SRI SAI SURESH ENGINEERING WORKS,KHAMMAM,KHAMMAM,SATHUPALLY,507803,RTA KHAMMAM,,Body builder / fabricator,Rest of Telangana,1
7603,M/S SRI SANDHYA MOTORS,KHAMMAM,KHAMMAM,MADHIRA,507203,RTA KHAMMAM,,Automobile dealer (brand unknown),Rest of Telangana,1
7609,SRI RAJA RAJESHWARI TRACTORS,JANGAON,JANGOAN,JANGAON,506167,RTA JANGOAN,,Tractor / farm equipment,Rest of Telangana,1
7611,HANUMAN GREEN E BIKES,MANCHERIAL,MANCHERIYAL,MANDAMARRY,504301,RTA MANCHERIAL,,EV dealer,Rest of Telangana,1
7614,SRI SAI RAM ENGINEERING WORKS,MEDAK,MEDAK,MEDAK,534275,RTA MEDAK,,Body builder / fabricator,Rest of Telangana,1
7629,SRI LAXMI ENGINEERING WORKS,WARANGAL URBAN,HANUMAKONDA,WARANGAL,506002,RTA HANUMAKONDA,,Body builder / fabricator,Rest of Telangana,1
7630,M/S M.VINODKUMAR GENERAL ENGINEERING WORKS,KARIMNAGAR,KARIMNAGAR,KARIMNAGAR RURAL,505001,RTA KARIMNAGAR,,Body builder / fabricator,Rest of Telangana,1
7631,M/S SHIVAA AUTOMOBILES,HYDERABAD,MEDCHAL M-GIRI,KUKATPALLY,500085,RTA MEDCHAL,,Automobile dealer (brand unknown),Hyderabad metro,1
7632,KARTHIKEYA E MOTORS,SHAMSHABAD,RANGA REDDY,SHAMSHABAD,509325,RTA RANGAREDDY,,Automobile dealer (brand unknown),Hyderabad metro,1
7633,DEEPTHI ENGINEERING & WIELDING WORKS,JANGAON,JANGOAN,JANGAON,506167,RTA JANGOAN,,Body builder / fabricator,Rest of Telangana,1
7635,M/S PARAMASHIVA MOTORS PVT LTD,KHAMMAM,KHAMMAM,KHAMMAM URBAN,507318,RTA KHAMMAM,,Automobile dealer (brand unknown),Rest of Telangana,1
7636,VANIL AUTOMOTIVES PRIVATE LIMITED,NIZAMABAD,NIZAMABAD,NIZAMABAD,503003,RTA NIZAMABAD,,Automobile dealer (brand unknown),Rest of Telangana,1
7639,ROHITH ENGINEERING WORKS,NAGARKURNOOL,NAGARKURNOOL,KALWAKURTHY,509324,RTA NAGARKURNOOL,,Body builder / fabricator,Rest of Telangana,1
7643,VENNELA MOTORS PVT LTD,JAGTIAL,JAGITYAL,JAGTIAL,505327,RTA JAGITYAL,,Automobile dealer (brand unknown),Rest of Telangana,1
7646,M/S MANIKANTA TRACTORS,NARAYANPET,NARAYANPET,MAKTHAL,509127,RTA NARAYANPET,,Tractor / farm equipment,Rest of Telangana,1
7655,M/S SRI RAGHAVENDRA AGRO INDUSTRIES,NAGARKURNOOL,NAGARKURNOOL,KALWAKURTHY,509324,RTA NAGARKURNOOL,,Body builder / fabricator,Rest of Telangana,1
7656,SAI GENERAL ENGINEERING WORKS,KHAMAM,KHAMMAM,KHAMMAM RURAL,507318,RTA KHAMMAM,,Body builder / fabricator,Rest of Telangana,1
7657,RETRO MOTORCYCLES LLP,HYDERABAD,HYDERABAD,BANJARAHILLS,500034,RTA-HYDERABAD-CZ,,Two-wheeler dealer,Hyderabad metro,1
7658,PUR ENERGY PRIVATE LIMITED,KANDI,SANGAREDDY,KANDI,502285,RTA SANGAREDDY,,Automobile dealer (brand unknown),Hyderabad metro,1
7659,M/S SAI DURGA AUTOCRAFT PVT LTD (DE,MANSOORABAD,RANGA REDDY,SAROORNAGAR,500074,RTA IBRAHIMPATNAM,,Automobile dealer (brand unknown),Hyderabad metro,1
7675,J.N. MOTORS,NIZAMABAD,NIZAMABAD,ARMOOR,503224,RTA NIZAMABAD,,Automobile dealer (brand unknown),Rest of Telangana,1
7676,RAMANAND POWER SYSTEMS PVT LTD,HYDERABAD,HYDERABAD,BANJARAHILLS,500034,RTA-HYDERABAD-CZ,,Automobile dealer (brand unknown),Hyderabad metro,1
7677,SELECT CARS,HYDERABAD,HYDERABAD,BEGUMPET,500016,RTA-HYDERABAD-CZ,,Car / CV dealer,Hyderabad metro,1
7678,PRIYANKA AGRO AGENCIES,NIZAMABAD,NIZAMABAD,ARMOOR,503223,RTA NIZAMABAD,,Tractor / farm equipment,Rest of Telangana,1
7680,SAI RAJA ENGINEERING WORKS,KARMINAGAR,KARIMNAGAR,KARIMNAGAR RURAL,505001,RTA KARIMNAGAR,,Body builder / fabricator,Rest of Telangana,1
7681,SRI RAJA RAJESHWARA ENGINEERING WORKSHOP,KARIMNAGAR,KARIMNAGAR,KARIMNAGAR URBAN,505001,RTA KARIMNAGAR,,Body builder / fabricator,Rest of Telangana,1
7682,CHAKRAPANI INDUSTRIES SIDDIPET,SIDDIPET,SIDDIPET,SIDDIPET,502103,RTA SIDDIPET,,Body builder / fabricator,Rest of Telangana,1
7684,M/S VARUN MOTORS PVT LTD,NIZAMABAD,NIZAMABAD,NIZAMABAD,503230,RTA NIZAMABAD,Maruti Suzuki,Automobile dealer (brand unknown),Rest of Telangana,1
7686,SRI LAXMI NARASIMHA ENGINEERING WORKS,JAGITYAL,JAGITYAL,METPALLY,505325,RTA JAGITYAL,,Body builder / fabricator,Rest of Telangana,1
7696,KRISHNA EXCLUSIVE PRIVATE LIMITED,HYDERABAD,HYDERABAD,BANJARAHILLS,500034,RTA-HYDERABAD-CZ,,Automobile dealer (brand unknown),Hyderabad metro,1
7700,SRI RAJA RAJESHWARA TRACTORS,SIDDIPET,SIDDIPET,HUSNABAD,505467,RTA SIDDIPET,,Tractor / farm equipment,Rest of Telangana,1
7704,SHIVA BALAJI ENTERPRISES,STATION GHANPUR,JANGOAN,GHANPUR (STN),506143,RTA JANGOAN,,Automobile dealer (brand unknown),Rest of Telangana,1
7706,RAVI TEJA MOTORS,JAGITYAL,JAGITYAL,JAGTIAL,505327,RTA JAGITYAL,,Automobile dealer (brand unknown),Rest of Telangana,1
7708,NANESH AUTOMOTIVES PVT LTD,SECUNDERABAD,HYDERABAD,CONTONMENT AREA,500009,RTA-HYDERABAD-NZ,,Automobile dealer (brand unknown),Hyderabad metro,1
7710,SRI POOJA MOTORS,RANGA REDDY DIST,RANGA REDDY,KOTHUR,509228,RTA RANGAREDDY,,Automobile dealer (brand unknown),Hyderabad metro,1
7713,NEW MANIKANTA ENGINEERING WORKS,CHITYALA,NALGONDA,CHITYAL,508114,RTA NALGONDA,,Body builder / fabricator,Rest of Telangana,1
7717,SHIVA SAI ENGINEERING WORKS,NIZAMABAD,NIZAMABAD,DICHPALLY,503175,RTA NIZAMABAD,,Body builder / fabricator,Rest of Telangana,1
7718,TRIGUNA ENGINEERING WORKS,KAMAREDDY,KAMAREDDY,KAMAREDDY,503111,RTA KAMAREDDY,,Body builder / fabricator,Rest of Telangana,1
7719,MANISH MOTORS,SIRPUR KAGHAZNAGAR,KOMRAMBHEEM,KAGAZNAGAR,504296,RTA KOMRAMBHEEM,,Two-wheeler dealer,Rest of Telangana,1
7721,SRI MALLIKARJUNA TRACTORS,GADWAL,JOGULAMBA,GADWAL,509125,RTA JOGULAMBA,,Tractor / farm equipment,Rest of Telangana,1
7724,VVC MOTORS,HYDERABAD,HYDERABAD,MALAKPET,500036,RTA-HYDERABAD-EZ,,Automobile dealer (brand unknown),Hyderabad metro,1
7726,SRI LAXMI GANAPATHI ENGINEERING WORKS,NALGONDA,NALGONDA,NAKREKAL,508211,RTA NALGONDA,,Body builder / fabricator,Rest of Telangana,1
7728,MOKSHA MOTORS,KHAMMAM,KHAMMAM,KHAMMAM RURAL,507003,RTA KHAMMAM,,Automobile dealer (brand unknown),Rest of Telangana,1
7737,LAXMI GANAPATHI ENGINEERING WORKS NALGONDA,NALGONDA,NALGONDA,DEVERKONDA,508001,RTA NALGONDA,,Body builder / fabricator,Rest of Telangana,1
7741,M/S SRI KRISHNA ENGINEERING WORKS WANAPARTHY,WANAPARTHY,WANAPARTHY,ATMAKUR,509131,RTA WANAPARTHY,,Body builder / fabricator,Rest of Telangana,1
7746,LAKSHMI AGRO INDUSTRIES NIZAMABAD,NIZAMABAD,NIZAMABAD,JAKRANPALLI,503175,RTA NIZAMABAD,,Body builder / fabricator,Rest of Telangana,1
7749,M/S MOTHUKURI AUTOMOBILES,MAHABUBABAD,MAHABUBABAD,MAHABOOBABAD,506101,RTA MAHABUBABAD,,Two-wheeler dealer,Rest of Telangana,1
7754,LAXMI AUTOMOBILES,WARANGAL RURAL,HANUMAKONDA,PARKAL,506164,RTA HANUMAKONDA,,Automobile dealer (brand unknown),Rest of Telangana,1
7756,SREE VENKATESHWARA AUTOMOBILES,JANGAON,JANGOAN,JANGAON,506167,RTA JANGOAN,,Automobile dealer (brand unknown),Rest of Telangana,1
7758,KAPISHWARA TRACTORS,SIDDIPET,SIDDIPET,CHERIAL,506223,RTA SIDDIPET,,Tractor / farm equipment,Rest of Telangana,1
7763,M/S RRR MOTORS,NIZAMABAD,NIZAMABAD,NIZAMABAD,503001,RTA NIZAMABAD,,Automobile dealer (brand unknown),Rest of Telangana,1
7767,MARURTHI TRACTORS,THIRUMALGIRI,SURYAPET,THIRUMALAGIRI,508223,RTA SURYAPET,Maruti Suzuki,Tractor / farm equipment,Rest of Telangana,1
7771,BHARAT MOTO CORP PVT LTD,SEERLINGAMPALLY,RANGA REDDY,SERILINGAMPALLY,500046,RTA RANGAREDDY,,Automobile dealer (brand unknown),Hyderabad metro,1
7776,DURGA TRACTORS,MAHABUBABAD,MAHABUBABAD,THORRUR,506163,RTA MAHABUBABAD,Eicher,Tractor / farm equipment,Rest of Telangana,1
7777,M/S SRI LAKSHMI TRACTORS,R R DIST,RANGA REDDY,HAYATHNAGAR,501510,RTA IBRAHIMPATNAM,,Tractor / farm equipment,Hyderabad metro,1
7782,KISAN ENGINEERING WORKS,VIKARABAD,VIKARABAD,KODANGAL,501141,RTA VIKARABAD,,Body builder / fabricator,Rest of Telangana,1
7783,SYLN TRACTORS,PARGI,VIKARABAD,PARIGI,501501,RTA VIKARABAD,,Tractor / farm equipment,Rest of Telangana,1
7785,SRI SIVA SAI MOTORS,"PULLUR ,UNDAVELLY",JOGULAMBA,UNDAVELLY,509153,RTA JOGULAMBA,,Automobile dealer (brand unknown),Rest of Telangana,1
7786,SHREY MOBILITY LLP,SECUNDERABAD,HYDERABAD,CONTONMENT AREA,500009,RTA-HYDERABAD-NZ,,Automobile dealer (brand unknown),Hyderabad metro,1
7787,M/S TIRUMALA ENTER PRISES,NIRMAL,NIRMAL,BHAINSA,504103,RTA NIRMAL,,Two-wheeler dealer,Rest of Telangana,1
7791,SHRI MARUTHI TRACTORS,GADWAL,JOGULAMBA,GADWAL,509125,RTA JOGULAMBA,Maruti Suzuki,Tractor / farm equipment,Rest of Telangana,1
7795,M/S. SRI MANIKANTA ENGINEERING WORKS KKT WANAPARTH,WANAPARTHY,WANAPARTHY,KOTHAKOTA,509381,RTA WANAPARTHY,,Body builder / fabricator,Rest of Telangana,1
7798,BHADRAKALI AUTO CARE PVT LTD,WARANGAL,HANUMAKONDA,HANAMKONDA,506009,RTA HANUMAKONDA,,Automobile dealer (brand unknown),Rest of Telangana,1
7801,M/S. HARI HARA ENTERPRISES,JAGTIAL,JAGITYAL,METPALLY,505325,RTA JAGITYAL,,Automobile dealer (brand unknown),Rest of Telangana,1
7805,M/S.SRI RAMA MOTORS,JAGTIAL,JAGITYAL,KORUTLA,505326,RTA JAGITYAL,,Automobile dealer (brand unknown),Rest of Telangana,1
7806,MGB MOTOR AND AUTO AGENCIES PVT LTD,THIMMAPUR,KARIMNAGAR,THIMMAPUR,505527,RTA KARIMNAGAR,,Automobile dealer (brand unknown),Rest of Telangana,1
7809,YUVAAN AUTOHUB LLP,"L B NAGAR,HYDERABAD",RANGA REDDY,SAROORNAGAR,500068,RTA IBRAHIMPATNAM,,Two-wheeler dealer,Hyderabad metro,1
7814,KUMARAN ENGINEERING WORKS,MHABUBABAD,MAHABUBABAD,MAHABOOBABAD,506101,RTA MAHABUBABAD,,Body builder / fabricator,Rest of Telangana,1
7816,M/S SRI LAKSHMI MOTORS,SIDDIPET,SIDDIPET,SIDDIPET,502103,RTA SIDDIPET,,Automobile dealer (brand unknown),Rest of Telangana,1
7818,M/S THANYA AUTOMOBILES,JAGTIAL,JAGITYAL,METPALLY,505325,RTA JAGITYAL,,Automobile dealer (brand unknown),Rest of Telangana,1
7819,MAHALAXMI AGENCIES,MANCHERIAL,MANCHERIYAL,MANCHERIAL,504208,RTA MANCHERIAL,,Automobile dealer (brand unknown),Rest of Telangana,1
7825,SRI VALLABHA MOTORS,KARIMNAGAR,KARIMNAGAR,KARIMNAGAR URBAN,505001,RTA KARIMNAGAR,,Automobile dealer (brand unknown),Rest of Telangana,1
7828,SV AUTOTECH PRIVATE LIMITED,HYDERABAD,MEDCHAL M-GIRI,UPPAL,500039,RTA UPPAL,,Automobile dealer (brand unknown),Hyderabad metro,1
7831,OM DURGA AMPERE,NIZAMABAD,NIZAMABAD,ARMOOR,503224,RTA NIZAMABAD,,Automobile dealer (brand unknown),Rest of Telangana,1
7833,M/S VIJAYALAXMI TRACTORS,SANGAREDDY,SANGAREDDY,SANGA REDDY,502295,RTA SANGAREDDY,,Tractor / farm equipment,Hyderabad metro,1
7838,M/S SREE KRISHNA AUTOMOTIVES HYD PV,HYDERABAD,RANGA REDDY,SERILINGAMPALLY,500081,RTA RANGAREDDY,,Automobile dealer (brand unknown),Hyderabad metro,1
7839,SRI KANAKADURGA ENGINEERING WORKS,NALGONDA,NALGONDA,NALGONDA,508255,RTA NALGONDA,,Body builder / fabricator,Rest of Telangana,1
7840,KANAKA DURGA ENGINEERING WORKS,NALGONDA,NALGONDA,NALGONDA,508255,RTA NALGONDA,,Body builder / fabricator,Rest of Telangana,1
7843,MAHA LAXMI ENGINEERING WORKS,JAGITAL,JAGITYAL,METPALLY,505325,RTA JAGITYAL,,Body builder / fabricator,Rest of Telangana,1
7849,SRI VENKATESHWARA ENGINEERING WORKS,NIRMAL DIST,NIRMAL,NIRMAL,504106,RTA NIRMAL,,Body builder / fabricator,Rest of Telangana,1
7852,CIVIMEC ENGINEERING PVT LTD,SANGAREDDY DIST,SANGAREDDY,PATANCHERU,502319,RTA SANGAREDDY,,Body builder / fabricator,Hyderabad metro,1
7853,VIJAYA SAI LAKSHMI AUTO MINE,SATHUPALLY,KHAMMAM,SATHUPALLY,507303,RTA KHAMMAM,,Automobile dealer (brand unknown),Rest of Telangana,1
7855,AREEF MOTORS,SIRCILLA,RAJANNA,SIRCILLA,505301,RTA RAJANNA,,Automobile dealer (brand unknown),Rest of Telangana,1
7857,SRI SANTHOSHI TRACTORS,SIDDIPET,SIDDIPET,SIDDIPET,502103,RTA SIDDIPET,,Tractor / farm equipment,Rest of Telangana,1
7859,M/S NVR AGRO INDUSTRIAL,WANAAPARTHY,WANAPARTHY,WANAPARTHY,509381,RTA WANAPARTHY,,Tractor / farm equipment,Rest of Telangana,1
7860,AMER ENGINEERING WORKS,ADILABAD,ADILABAD,ADILABAD,504001,RTA ADILABAD,,Body builder / fabricator,Rest of Telangana,1
7861,SRI VENKATA NARASIMHA AGRO INDUSTRY,WANAPARTHY,WANAPARTHY,WANAPARTHY,509104,RTA WANAPARTHY,,Tractor / farm equipment,Rest of Telangana,1
7870,VISHAL ENGINEERING WORKS,RAJANNA SIRCILLA,RAJANNA,VEMULAWADA,505302,RTA RAJANNA,,Body builder / fabricator,Rest of Telangana,1
7875,MALIK AUTO ZONE PVT. LTD,WARANGAL,WARANGAL,WARANGAL,506002,RTA WARANGAL,,Automobile dealer (brand unknown),Rest of Telangana,1
7879,M/S BOLT MOTORCYCLES LLP,SERLINGAMPALLY,RANGA REDDY,SERILINGAMPALLY,500081,RTA RANGAREDDY,,Two-wheeler dealer,Hyderabad metro,1
7881,M/S JABISETTY MOTORS,KHAMMAM,KHAMMAM,KHAMMAM URBAN,507002,RTA KHAMMAM,,Automobile dealer (brand unknown),Rest of Telangana,1
7885,SRI SAI AGENCIES,PEDDAPALLI,PEDDAPALLI,PEDDAPALLY,505172,RTA PEDDAPALLI,,Automobile dealer (brand unknown),Rest of Telangana,1
7887,NEW LAXMI ENGINEERING WORKS,MEDAK,MEDAK,MEDAK,502110,RTA MEDAK,,Body builder / fabricator,Rest of Telangana,1
7889,RV AUTOMOTIVES,KOTHAGUDEM,BHADRADRI,LAXMIDEVIPALLI,507101,RTA BHADRADRI,,Automobile dealer (brand unknown),Rest of Telangana,1
7893,HARSHA AUTO MARTS PRIVATE LIMITED,JUBILEE HILLS,HYDERABAD,JUBILEE HILLS,500033,RTA-HYDERABAD-CZ,,Automobile dealer (brand unknown),Hyderabad metro,1
7899,HYD AUTOFORTE PRIVATE LIMITED,HYDERABAD,HYDERABAD,ASIFNAGAR,500067,RTA-HYDERABAD-WZ,Yamaha,Two-wheeler dealer,Hyderabad metro,1
7900,BHAVANI ENGINEERING WORKS,JAGITYAL,JAGITYAL,JAGTIAL,505325,RTA JAGITYAL,,Body builder / fabricator,Rest of Telangana,1
7902,GSR MOTORS,ADILABAD,ADILABAD,Mavala,504001,RTA ADILABAD,,Automobile dealer (brand unknown),Rest of Telangana,1
7905,M/S SHIVA SAI AUTO MOTIVES,YADADRI,YADADRI,BHONGIRI,508118,RTA YADADRI,,Automobile dealer (brand unknown),Rest of Telangana,1
7908,MARUTI GENERAL ENGINEERING WORKS,WARANGAL RURAL,WARANGAL,WARDHANNAPET,506313,RTA WARANGAL,Maruti Suzuki,Body builder / fabricator,Rest of Telangana,1
7921,KETO MOTORS PVT LTD,MAHBUBNAGAR,MAHABOOBNAGAR,JADCHERLA,509302,RTA MAHABOOBNAGAR,,Automobile dealer (brand unknown),Rest of Telangana,1
7925,VENKATA SAI MOTORS PVT LTD,SANGAREDDY DIST,SANGAREDDY,KANDI,502285,RTA SANGAREDDY,Honda,Two-wheeler dealer,Hyderabad metro,1
7928,PATANGAY KARUN KUMAR,MAHABUBNAGAR,MAHABOOBNAGAR,MAHBUBNAGAR,509001,RTA MAHABOOBNAGAR,,Automobile dealer (brand unknown),Rest of Telangana,1
7929,KOHINOOR ENGINEERING WORKS,PEDDAPALLI,PEDDAPALLI,PEDDAPALLY,505172,RTA PEDDAPALLI,,Body builder / fabricator,Rest of Telangana,1
7930,SRI SAI GANESH ENGINEERING WORKS,SURYAPET,SURYAPET,NUTHANKAL,508221,RTA SURYAPET,,Body builder / fabricator,Rest of Telangana,1
7933,LAKSHMI GANAPATHI TRACTORS,SATHUPALLY,KHAMMAM,SATHUPALLY,507303,RTA KHAMMAM,,Tractor / farm equipment,Rest of Telangana,1
7934,MANIKANTA AGRO SERVICE,"YADADRI, BHONGIR",YADADRI,VALIGONDA,508112,RTA YADADRI,,Tractor / farm equipment,Rest of Telangana,1
7936,SRI LAXMI NARASIMHA ENGINEERING WORKS,RANGAREDDY,RANGA REDDY,MAHESWARAM,501101,RTA RANGAREDDY,,Body builder / fabricator,Hyderabad metro,1
7945,BHAVANI ENGINEERING WORKS,JAYASHANHAR BHUPALAPALLY,JAYASHANKAR,BHOOPALPALLY,506168,RTA JAYASHANKAR,,Body builder / fabricator,Rest of Telangana,1
7954,MAHAVEER ENGINEERING WORKS,MEDCHAL,MEDCHAL M-GIRI,GHATKESAR,501401,RTA MEDCHAL,,Body builder / fabricator,Hyderabad metro,1
7958,SRI SRINIVASA ENGINEERING WORKS,SURYAPET,SURYAPET,KODAD,508206,RTA SURYAPET,,Body builder / fabricator,Rest of Telangana,1
7960,SUDHARSHAN WELDING & ENGINEERING WORKS,NAGARKURNOOL,NAGARKURNOOL,PENTLAVELLY,509209,RTA NAGARKURNOOL,,Body builder / fabricator,Rest of Telangana,1
7965,SAI ENGINEERING WORKS,WARANGAL URBAN,HANUMAKONDA,Velair,506142,RTA HANUMAKONDA,,Body builder / fabricator,Rest of Telangana,1
7967,K.K.TRALLY WORKS,NIRMAL,NIRMAL,NIRMAL,504106,RTA NIRMAL,,Body builder / fabricator,Rest of Telangana,1
7968,SREE KRISHNA AUTOMOTIVES HYDERABAD,HYDERABAD,HYDERABAD,JUBILEE HILLS,500033,RTA-HYDERABAD-CZ,,Automobile dealer (brand unknown),Hyderabad metro,1
7972,M/S.ANANDA AUTOMOTIVES,WARANGAL URBAN,HANUMAKONDA,Khazipet,506151,RTA HANUMAKONDA,,Automobile dealer (brand unknown),Rest of Telangana,1
7976,SRI LAXMI ENGINEERING WORKS,YADADRI,YADADRI,BHONGIRI,508277,RTA YADADRI,,Body builder / fabricator,Rest of Telangana,1
7977,SHIVA KREETHI ENGINEERING WORKS,NIZAMABAD,NIZAMABAD,MORTHAD,276206,RTA NIZAMABAD,,Body builder / fabricator,Rest of Telangana,1
7979,M/S SRI SAI AGRO INDUSTRIES,MAHABUBNAGAR,MAHABOOBNAGAR,Rajapur,509001,RTA MAHABOOBNAGAR,,Body builder / fabricator,Rest of Telangana,1
7980,ANNADATHA AGRO AGENCIES,NIZAMABAD,NIZAMABAD,BODHAN,503185,RTA NIZAMABAD,,Tractor / farm equipment,Rest of Telangana,1
7982,VENKAT ENTERPRISES,KARIMNAGAR,KARIMNAGAR,KARIMNAGAR URBAN,505001,RTA KARIMNAGAR,,Automobile dealer (brand unknown),Rest of Telangana,1
7984,M/S KISAN TRACTORS,KHAMMAM,KHAMMAM,KHAMMAM RURAL,507003,RTA KHAMMAM,,Tractor / farm equipment,Rest of Telangana,1
7985,NEON MOTORS PRIVATE LIMITED,SECUNDERABAD,HYDERABAD,SECUNDRABAD,500003,RTA-HYDERABAD-NZ,,Automobile dealer (brand unknown),Hyderabad metro,1
7986,NEON MOTORS PVT. LTD.,SECUNDERABAD,HYDERABAD,CONTONMENT AREA,500009,RTA-HYDERABAD-NZ,,Automobile dealer (brand unknown),Hyderabad metro,1
7987,M/S R D AUTOMOTIVES,DEVARAKONDA,NALGONDA,DEVERKONDA,508248,RTA NALGONDA,,Automobile dealer (brand unknown),Rest of Telangana,1
7990,SRI SAI BALAJI AGROS,MULUGU,MULUGU,MULUG,506343,RTA MULUGU,,Tractor / farm equipment,Rest of Telangana,1
7993,JAI SRI RAMA ENGINEERING WORKS,NAGARKURNOOL,NAGARKURNOOL,TELKAPALLE,509385,RTA NAGARKURNOOL,,Body builder / fabricator,Rest of Telangana,1
7998,VINAYAKA TRACTORS,KALWAKURTHY,NAGARKURNOOL,KALWAKURTHY,509324,RTA NAGARKURNOOL,,Tractor / farm equipment,Rest of Telangana,1
8001,JSP CARS PRIVATE LIMITED,HYDERABAD,HYDERABAD,JUBILEE HILLS,500033,RTA-HYDERABAD-CZ,,Car / CV dealer,Hyderabad metro,1
8003,SVR AUTOMOTIVES,NAGARKURNOOL,NAGARKURNOOL,ACHAMPETA,509375,RTA NAGARKURNOOL,,Automobile dealer (brand unknown),Rest of Telangana,1
8006,P V MOTORS,NARAYANPET,NARAYANPET,NARAYANPET,509210,RTA NARAYANPET,,Automobile dealer (brand unknown),Rest of Telangana,1
8008,M/S LAXMI NARSIMHA ENGINEERING WORKS,MAHABUBNAGAR,MAHABOOBNAGAR,DEVARKADARA,509001,RTA MAHABOOBNAGAR,,Body builder / fabricator,Rest of Telangana,1
8012,SRI VENKATESHWARA HARVESTERS & SPAR,NIZAMABAD,NIZAMABAD,BODHAN,503185,RTA NIZAMABAD,,Tractor / farm equipment,Rest of Telangana,1
8013,M/S PRATHAP ENGG. COMPANY,MAHABUBNAGAR,MAHABOOBNAGAR,MAHBUBNAGAR,509001,RTA MAHABOOBNAGAR,,Body builder / fabricator,Rest of Telangana,1
8014,VANA DURGA MOTORS LLP,HYDERABAD,MEDCHAL M-GIRI,MEDIPALLY,500039,RTA UPPAL,Hyundai,Car / CV dealer,Hyderabad metro,1
8024,BALAJI ENGINEERING WORKS,SURYAPET,SURYAPET,SURYAPET,508213,RTA SURYAPET,,Body builder / fabricator,Rest of Telangana,1
8025,PPS MOTORS PVT LTD,SERILINGAMPALLY,RANGA REDDY,SERILINGAMPALLY,500084,RTA RANGAREDDY,,Automobile dealer (brand unknown),Hyderabad metro,1
8028,M/S STARCON EQUIPMENTS,MEDCHAL,MEDCHAL M-GIRI,MEDCHAL,500037,RTA MEDCHAL,,Automobile dealer (brand unknown),Hyderabad metro,1
8029,SRINIDHI MOTORS,HYDERABAD,MEDCHAL M-GIRI,QUTHUBULLAPUR,500037,RTA MEDCHAL,Suzuki 2W,Two-wheeler dealer,Hyderabad metro,1
8037,M/S GREEN DRIVE MOTORS,HYDERABAD,HYDERABAD,Towli Chowki,500008,RTA-HYDERABAD-WZ,,Automobile dealer (brand unknown),Hyderabad metro,1
8039,GAUTAM MOTORCYCLES INDIA LLP,HYDERABAD,HYDERABAD,MALAKPET,500036,RTA-HYDERABAD-EZ,,Two-wheeler dealer,Hyderabad metro,1
8047,SRI JAYALAKSHMI AUTOMOBILES PVT LTD,SERLINGAMPALLY,RANGA REDDY,SERILINGAMPALLY,500033,RTA RANGAREDDY,,Automobile dealer (brand unknown),Hyderabad metro,1
8050,M/S SRI VENATA LAXMI AUTO MOBILE,MAHABUBABAD,MAHABUBABAD,MAHABOOBABAD,506101,RTA MAHABUBABAD,,Automobile dealer (brand unknown),Rest of Telangana,1
8052,SRI VASAVI MOTORS,MANCHERIAL,MANCHERIYAL,MANCHERIAL,504208,RTA MANCHERIAL,Yamaha,Two-wheeler dealer,Rest of Telangana,1
8055,NAGARAJU ENGINEERING WORKS,NALGONDA,NALGONDA,ANUMULA,508377,RTA NALGONDA,,Body builder / fabricator,Rest of Telangana,1
8058,PAVAN MOTORS PVT LTD,HYDERABAD,RANGA REDDY,SERILINGAMPALLY,500019,RTA RANGAREDDY,,Automobile dealer (brand unknown),Hyderabad metro,1
8062,LOTUS IMPERIUM ENTERPRISES PVT LTD,HYDERABAD,HYDERABAD,BAHADURPURA,500064,RTA-HYDERABAD-SZ,,Automobile dealer (brand unknown),Hyderabad metro,1
8067,KISAN INDUSTRIES,SURYAPET,SURYAPET,SURYAPET,508213,RTA SURYAPET,,Body builder / fabricator,Rest of Telangana,1
8071,ADITHYA VIVAN MOTORS,IEEJA,JOGULAMBA,IEEJA,509127,RTA JOGULAMBA,TVS,Two-wheeler dealer,Rest of Telangana,1
8073,M/S UMASHANKAR TRACTORS AND FARM EQ,MAHABUBABABD,MAHABUBABAD,MAHABOOBABAD,506101,RTA MAHABUBABAD,,Tractor / farm equipment,Rest of Telangana,1
8081,RATNA AUTOMOTIVE PRIVATE LIMITED,IBRAHIMPATNAM,RANGA REDDY,IBRAHIMPATAM,501506,RTA IBRAHIMPATNAM,,Automobile dealer (brand unknown),Hyderabad metro,1
8087,M/S BALAJI MOTOCORP PRIVATE LIMITED,SVP ROAD,WARANGAL,WARANGAL,506002,RTA WARANGAL,,Automobile dealer (brand unknown),Rest of Telangana,1
8088,SRI RAMALINGESHWARA MOTORES,CHOUTUPPAL,YADADRI,CHOUTUPPAL,508252,RTA YADADRI,,Automobile dealer (brand unknown),Rest of Telangana,1
8090,MEGHANA AUTO AGENCIES,MEDCHAL,MEDCHAL M-GIRI,BACHUPALLY,500090,RTA MEDCHAL,,Two-wheeler dealer,Hyderabad metro,1
8093,YLP MOTORS,KHAMMAM,KHAMMAM,KHAMMAM URBAN,507002,RTA KHAMMAM,,Automobile dealer (brand unknown),Rest of Telangana,1
8094,PADMAJA MOTORS PRIVATE LIMITED,HYDERABAD,HYDERABAD,BEGUMPET,500016,RTA-HYDERABAD-CZ,,Automobile dealer (brand unknown),Hyderabad metro,1
8100,VA MOTORS,GAJWEL,SIDDIPET,GAJWEL,502278,RTA SIDDIPET,,Automobile dealer (brand unknown),Rest of Telangana,1
8105,NEON MOTORS PRIVATE LIMITED,MAHABUBNAGAR,MAHABOOBNAGAR,Mahabubnagar(R),509002,RTA MAHABOOBNAGAR,,Automobile dealer (brand unknown),Rest of Telangana,1
8106,MERCEDES-BENZ INDIA PRIVATE LIMITED,HYDERABAD,RANGA REDDY,SERILINGAMPALLY,500081,RTA RANGAREDDY,,Automobile dealer (brand unknown),Hyderabad metro,1
8107,SRI RAMA AGRO INDUSTRIES,NALGONDA,NALGONDA,NALGONDA,508001,RTA NALGONDA,,Body builder / fabricator,Rest of Telangana,1
8111,FORTUNE MOTORS PVT LTD,HYDERABAD,HYDERABAD,BANJARAHILLS,500034,RTA-HYDERABAD-CZ,,Automobile dealer (brand unknown),Hyderabad metro,1
8112,DRUVA MOTORS,NIZAMABAD,NIZAMABAD,BHEEMGAL,503307,RTA NIZAMABAD,,Automobile dealer (brand unknown),Rest of Telangana,1
8114,BHASKAR ENGINEERING WORKS,JAYASHANKAR,MULUGU,MULUG,506343,RTA JAYASHANKAR,,Body builder / fabricator,Rest of Telangana,1
8116,BALAJI AUTOMOTIVES,MAHABUBNAGAR,MAHABOOBNAGAR,MAHBUBNAGAR,509001,RTA MAHABOOBNAGAR,,Automobile dealer (brand unknown),Rest of Telangana,1
8118,M/S SRI SAI BALAJI ENTERPRISES,KHAMMAM,KHAMMAM,MADHIRA,507203,RTA KHAMMAM,,Automobile dealer (brand unknown),Rest of Telangana,1
8119,M/S BISMILLA ENGINEERING WORKS,KHAMMAM,KHAMMAM,PENUBALLY,507302,RTA KHAMMAM,,Body builder / fabricator,Rest of Telangana,1
8121,MERCEDES-BENZ INDIA PRIVATE LIMITED,HYDERABAD,HYDERABAD,SOMAJIGUDA,500082,RTA-HYDERABAD-CZ,,Automobile dealer (brand unknown),Hyderabad metro,1
8123,DSR ENTERPRISES,SURYAPET,SURYAPET,SURYAPET,508213,RTA SURYAPET,,Automobile dealer (brand unknown),Rest of Telangana,1
8126,OMEGA MOTO,HYDERABAD,HYDERABAD,MALAKPET,500036,RTA-HYDERABAD-EZ,,Automobile dealer (brand unknown),Hyderabad metro,1
8128,MAHALAXMI AGRO WORKS,SIDDIPET,SIDDIPET,SIDDIPET,502103,RTA SIDDIPET,,Body builder / fabricator,Rest of Telangana,1
8131,RAITHU RAJA ENGINEERING WORKS,SIDDIPET,SIDDIPET,GAJWEL,502103,RTA SIDDIPET,,Body builder / fabricator,Rest of Telangana,1
8133,COSMOS MOTORS,SHAMSHABAD,RANGA REDDY,SHAMSHABAD,501218,RTA RANGAREDDY,,Automobile dealer (brand unknown),Hyderabad metro,1
8134,QADRI MOTORS,KODANGAL,VIKARABAD,KODANGAL,509338,RTA VIKARABAD,Honda,Two-wheeler dealer,Rest of Telangana,1
8135,SAI JYOTHI ENGINEERING WORKS,NALGONDA,NALGONDA,MIRYALGUDA,508207,RTA NALGONDA,,Body builder / fabricator,Rest of Telangana,1
8136,SRI SAI JYOTHI ENGINEERING WORKS,NALGONDA,NALGONDA,MIRYALGUDA,508207,RTA NALGONDA,,Body builder / fabricator,Rest of Telangana,1
8137,M/S MODY INDIA CARS PVT,MANSOORABAD,RANGA REDDY,SAROORNAGAR,500068,RTA IBRAHIMPATNAM,,Car / CV dealer,Hyderabad metro,1
8138,AKSHARA MOTOCRAFTS LLP,JOGULAMBA,JOGULAMBA,GADWAL,509125,RTA JOGULAMBA,,Automobile dealer (brand unknown),Rest of Telangana,1
8141,GEETHA AUTOMOTIVE LLP,HYDERABAD,HYDERABAD,TARANAKA,500017,RTA-HYDERABAD-NZ,,Automobile dealer (brand unknown),Hyderabad metro,1
8145,VIJAYA AUTOMOTIVES,SHADNAGAR,RANGA REDDY,FAROOQ NAGAR,509216,RTA RANGAREDDY,,Automobile dealer (brand unknown),Hyderabad metro,1
8147,M/S MODY LIFESTYLE CARS PVT LTD,HYDERABAD,HYDERABAD,BEGUMPET,500016,RTA-HYDERABAD-CZ,,Car / CV dealer,Hyderabad metro,1
8149,SRI KANAKADURGA ENGINEERING WORKS,MAHABUBABAD,MAHABUBABAD,MAHABOOBABAD,50610,RTA MAHABUBABAD,,Body builder / fabricator,Rest of Telangana,1
8160,ASHOKA AUTOMOTIVES INDIA PVT LTD,"LB NAGAR,HYDERABAD",RANGA REDDY,SAROORNAGAR,500074,RTA IBRAHIMPATNAM,,Automobile dealer (brand unknown),Hyderabad metro,1
8161,KIRAN AUTOHUB LLP,SECUNDERABAD,HYDERABAD,SECUNDRABAD,500003,RTA-HYDERABAD-NZ,,Automobile dealer (brand unknown),Hyderabad metro,1
8164,MOTORLINE AUTO PVT LTD,KARIMNAGAR,KARIMNAGAR,KARIMNAGAR URBAN,505001,RTA KARIMNAGAR,,Automobile dealer (brand unknown),Rest of Telangana,1
8165,KSR TRACTORS,HUZURNAGAR,SURYAPET,HUZURNAGAR,508204,RTA SURYAPET,,Tractor / farm equipment,Rest of Telangana,1
8168,PRINCE AUTOCRAFTS,HANAMKONDA,HANUMAKONDA,HANAMKONDA,506001,RTA HANUMAKONDA,,Automobile dealer (brand unknown),Rest of Telangana,1
8172,SRILAXMI AUTOMOBILES,YADADRI,YADADRI,MOTHKUR,508277,RTA YADADRI,,Automobile dealer (brand unknown),Rest of Telangana,1
8176,M/S JHANKI RAJU TRACTORS,MAHABUBABAD,MAHABUBABAD,MAHABOOBABAD,506001,RTA MAHABUBABAD,,Tractor / farm equipment,Rest of Telangana,1
8179,CLASSIC AUTOMOTIVES,MAHABUBNAGAR,MAHABOOBNAGAR,MAHBUBNAGAR,509001,RTA MAHABOOBNAGAR,,Automobile dealer (brand unknown),Rest of Telangana,1
8182,V K MOTORS,NALGONDA,NALGONDA,MIRYALGUDA,508207,RTA NALGONDA,,Automobile dealer (brand unknown),Rest of Telangana,1
8189,VINAYAKA AGRO TECH,NIZAMABAD,NIZAMABAD,BODHAN,503180,RTA NIZAMABAD,,Tractor / farm equipment,Rest of Telangana,1
8190,SRIDURGA TRACTOR,RANGA REDDY DIST,RANGA REDDY,FAROOQ NAGAR,509216,RTA RANGAREDDY,,Tractor / farm equipment,Hyderabad metro,1
8193,SRI JAYARAMA AUTOMOTIVES.PVT.LTD,MAHABUB NAGAR,MAHABOOBNAGAR,MAHBUBNAGAR,509001,RTA MAHABOOBNAGAR,,Automobile dealer (brand unknown),Rest of Telangana,1
8194,SHIVA DURGA ENGINEERING WORKS,RANGAREDDY,RANGA REDDY,FAROOQ NAGAR,509216,UNIT OFFICE SHADNAGAR,,Body builder / fabricator,Hyderabad metro,1
8198,M/S SRI BALAJI ENGINEERING WORKS,RANGAREDDY,RANGA REDDY,CHEVELLA,501503,RTA RANGAREDDY,,Body builder / fabricator,Hyderabad metro,1
8202,SRI DURGA ENGINEERING WORKS,SURYAPET,SURYAPET,THIRUMALAGIRI,508223,RTA SURYAPET,,Body builder / fabricator,Rest of Telangana,1
8203,SRI RAMA AGRI AGENCIES,HYD ROAD,NALGONDA,NALGONDA,508001,RTA NALGONDA,,Automobile dealer (brand unknown),Rest of Telangana,1
8205,EEE MOTORS,NIRMAL,NIRMAL,NIRMAL,504106,RTA NIRMAL,,Automobile dealer (brand unknown),Rest of Telangana,1
8206,SRI SPANDANA MOTORS,KODAD,SURYAPET,KODAD,508206,RTA SURYAPET,,Automobile dealer (brand unknown),Rest of Telangana,1
8207,M/S NEELAMEGHA AUTOMOTIVES LLP,RANGAREDDY,RANGA REDDY,HAYATHNAGAR,501505,RTA IBRAHIMPATNAM,,Automobile dealer (brand unknown),Hyderabad metro,1
8208,RAGHAVENDRA AGENCIES,WANAPARTHY,WANAPARTHY,PEBBAIR,509104,RTA WANAPARTHY,,Two-wheeler dealer,Rest of Telangana,1
8214,NEW VASU MOTORS,MEDAK,MEDAK,MEDAK,502110,RTA MEDAK,,Automobile dealer (brand unknown),Rest of Telangana,1
8218,ELITE AUTOMOBILES,KARIMNAGAR,KARIMNAGAR,KOTHAPALLI,505001,RTA KARIMNAGAR,,Automobile dealer (brand unknown),Rest of Telangana,1
8219,LAKSHMI AUTOMOTIVES,WANAPARTHY,WANAPARTHY,WANAPARTHY,509103,RTA WANAPARTHY,,Automobile dealer (brand unknown),Rest of Telangana,1
8223,KUNDURU E BIKES,MIRYALGUDA,NALGONDA,MIRYALGUDA,508207,RTA NALGONDA,,EV dealer,Rest of Telangana,1
8226,BALAJI AUTOMOTIVES,NAGARKURNOOL,NAGARKURNOOL,NAGAR KURNOOL,509209,RTA NAGARKURNOOL,,Automobile dealer (brand unknown),Rest of Telangana,1
8228,RAJA ENGNEERING WORKS,MAHABUBNAGAR,MAHABOOBNAGAR,JADCHERLA,509301,RTA MAHABOOBNAGAR,,Body builder / fabricator,Rest of Telangana,1
8229,PRUDHVI AUTOCRAFT (OPC) PRIVATE LIM,GANDIPET,RANGA REDDY,Gandipet,500086,RTA RANGAREDDY,,Two-wheeler dealer,Hyderabad metro,1
8230,M/S SADGURU MOTORS,PALAKURTHY,JANGOAN,PALAKURTHY,506252,RTA JANGOAN,,Automobile dealer (brand unknown),Rest of Telangana,1
8231,M/S RYTHU TRACTORS,MANCHERIAL,MANCHERIYAL,MANCHERIAL,504208,RTA MANCHERIAL,,Tractor / farm equipment,Rest of Telangana,1
8233,KARTIKEYA MOTORS,CHENNUR,MANCHERIYAL,CHENNUR,504201,RTA MANCHERIAL,,Automobile dealer (brand unknown),Rest of Telangana,1
8235,PPS MOTORS PVT LTD,RANGA REDDY HYD,RANGA REDDY,SERILINGAMPALLY,500081,RTA RANGAREDDY,,Automobile dealer (brand unknown),Hyderabad metro,1
8238,VENKATESHWARA AUTO MOTORS,HANAMKONDA,HANUMAKONDA,HANAMKONDA,506001,RTA HANUMAKONDA,,Automobile dealer (brand unknown),Rest of Telangana,1
8239,SRI SAI DURGA AGROTECH PVT LTD,NIZAMABAD,NIZAMABAD,ARMOOR,503223,RTA NIZAMABAD,,Tractor / farm equipment,Rest of Telangana,1
8240,SELECT MOTORS,KARIMNAGAR,KARIMNAGAR,KARIMNAGAR URBAN,505001,RTA KARIMNAGAR,,Automobile dealer (brand unknown),Rest of Telangana,1
8242,V V C MOTOR CYCLES,JDM,MEDCHAL M-GIRI,QUTHUBULLAPUR,500055,RTA MEDCHAL,,Two-wheeler dealer,Hyderabad metro,1
8243,SVG MOTORS,MEDCHAL,MEDCHAL M-GIRI,GHATKESAR,501301,RTA UPPAL,,Automobile dealer (brand unknown),Hyderabad metro,1
8246,M/S SHRI RAMA MOTORS,ACHAMPET,NAGARKURNOOL,ACHAMPETA,509375,RTA NAGARKURNOOL,,Automobile dealer (brand unknown),Rest of Telangana,1
8249,EXCEL AUTOS,KARIMNAGAR,KARIMNAGAR,KARIMNAGAR URBAN,505001,RTA KARIMNAGAR,,Automobile dealer (brand unknown),Rest of Telangana,1
8255,PRASANNA VAARAAHI AUTOMOTIVES,MAHABUBABAD,MAHABUBABAD,MAHABOOBABAD,506101,RTA MAHABUBABAD,,Automobile dealer (brand unknown),Rest of Telangana,1
8256,JAGADAMBA POWER BIKES,SIDDIPET,SIDDIPET,SIDDIPET,502103,RTA SIDDIPET,,Two-wheeler dealer,Rest of Telangana,1
8257,FORTUNE MOTORCARS PRIVATE LIMITED,HYD,HYDERABAD,Towli Chowki,500008,RTA-HYDERABAD-WZ,,Car / CV dealer,Hyderabad metro,1
8261,JAI KISAN TRACTORS,NAGARKURNOOL,NAGARKURNOOL,NAGAR KURNOOL,509209,RTA NAGARKURNOOL,,Tractor / farm equipment,Rest of Telangana,1
8262,REALTY SHIELD SERVICES PRIVATE LIMI,HYDERABAD,MEDCHAL M-GIRI,KUKATPALLY,500072,RTA MEDCHAL,,Automobile dealer (brand unknown),Hyderabad metro,1
8267,M/S GMMCO LIMITED,RANGAREDDY,RANGA REDDY,HAYATHNAGAR,501505,RTA IBRAHIMPATNAM,,Automobile dealer (brand unknown),Hyderabad metro,1
8275,LAKSHMI VENKATESHWARA ENGINEERING WORKS,SANGAREDDY,SANGAREDDY,SANGA REDDY,502001,RTA SANGAREDDY,,Body builder / fabricator,Hyderabad metro,1
8278,SAI MOTORS,KALWAKURTHY,NAGARKURNOOL,KALWAKURTHY,509324,RTA NAGARKURNOOL,Honda,Two-wheeler dealer,Rest of Telangana,1
8284,SRI VIJAYA LAXMI AGRO INDUSTRIES,SIDDIPET,SIDDIPET,SIDDIPET,502103,RTA SIDDIPET,,Body builder / fabricator,Rest of Telangana,1
8286,SRI VENKATARAMANA MOTORS,SURYAPET,SURYAPET,SURYAPET,508213,RTA SURYAPET,,Automobile dealer (brand unknown),Rest of Telangana,1
8287,TEJASWI GREEN ENERGY PVT LTD,HYDERABAD,MEDCHAL M-GIRI,GHATKESAR,501301,RTA UPPAL,,Automobile dealer (brand unknown),Hyderabad metro,1
8288,SRI DATTATREYA ENGINEERING WORKS,KAMAREDDY,KAMAREDDY,NIZAMSAGAR,503302,RTA KAMAREDDY,,Body builder / fabricator,Rest of Telangana,1
8290,SRI RAGHAVENDRA MOTORS,NAGARKURNOOL,NAGARKURNOOL,ACHAMPETA,509375,RTA NAGARKURNOOL,,Automobile dealer (brand unknown),Rest of Telangana,1
8294,QUANTUM ENERGY LIMITED,SANGAREDDY DISTRICT,SANGAREDDY,PATANCHERU,502307,RTA SANGAREDDY,,Automobile dealer (brand unknown),Hyderabad metro,1
8299,SRI VINAYAKA TRACTORS,GADWAL,JOGULAMBA,IEEJA,509127,RTA JOGULAMBA,,Tractor / farm equipment,Rest of Telangana,1
8302,SAI DURGA AGROTECH INDUSTRIES,RANGAREDDY,RANGA REDDY,KADTAL,501218,RTA RANGAREDDY,,Body builder / fabricator,Hyderabad metro,1
8303,GUDA MOTORS,NALGONDA,NALGONDA,NALGONDA,508001,RTA NALGONDA,,Automobile dealer (brand unknown),Rest of Telangana,1
8306,SUSHISRI AUTOMOBILES,NIZAMABAD,NIZAMABAD,NIZAMABAD,503003,RTA NIZAMABAD,,Tractor / farm equipment,Rest of Telangana,1
8309,ABS ENTERPRISES,MULUGU,MULUGU,MULUG,506343,RTA JAYASHANKAR,,Automobile dealer (brand unknown),Rest of Telangana,1
8311,SARANG MOTORS,NIZAMABAD,NIZAMABAD,NIZAMABAD,503003,RTA NIZAMABAD,,Automobile dealer (brand unknown),Rest of Telangana,1
8312,S V AUTOMOTIVES,SECUNDERABAD,HYDERABAD,SECUNDRABAD,500003,RTA-HYDERABAD-NZ,,Automobile dealer (brand unknown),Hyderabad metro,1
8313,S V KUMAR TRADERS,RANGA REDDY DIST,RANGA REDDY,IBRAHIMPATAM,501510,RTA IBRAHIMPATNAM,,Automobile dealer (brand unknown),Hyderabad metro,1
8314,KUN UNITED CAR TRAX PVT LTD,GACHIBOWLI,RANGA REDDY,SERILINGAMPALLY,500032,RTA RANGAREDDY,,Automobile dealer (brand unknown),Hyderabad metro,1
8320,PATEL MOTORS,BHAINSA,NIRMAL,BHAINSA,504103,RTA NIRMAL,,Automobile dealer (brand unknown),Rest of Telangana,1
8321,SRI GANESH MOTORS,NIRMAL,NIRMAL,KHANAPOOR,504203,RTA NIRMAL,Honda,Two-wheeler dealer,Rest of Telangana,1
8331,SRI VIGNESHWARA MOTORS,"CHERIAL, SIDDIPET",SIDDIPET,CHERIAL,506223,RTA SIDDIPET,Honda,Two-wheeler dealer,Rest of Telangana,1
8332,NAGAPPA MOTORS,MEDCHAL,MEDCHAL M-GIRI,MEDCHAL,501401,RTA MEDCHAL,,Automobile dealer (brand unknown),Hyderabad metro,1
8334,SRI RAMA AGENCIES,MEDAK,MEDAK,MEDAK,502109,RTA MEDAK,,Automobile dealer (brand unknown),Rest of Telangana,1
8340,SRI BHAVANI INDUSTRIES,BHUVANAGIRI,YADADRI,POCHAMPALLY,508284,RTA YADADRI,,Body builder / fabricator,Rest of Telangana,1
8342,SIRI AGENCIES,NIZAMABAD,NIZAMABAD,BODHAN,503185,RTA NIZAMABAD,,Automobile dealer (brand unknown),Rest of Telangana,1
8343,MADEENA ENGINEERING WORKS,NALGONDA,NALGONDA,MIRYALGUDA,508207,RTA NALGONDA,,Body builder / fabricator,Rest of Telangana,1
8344,LAXMI AUTO AGENCIES PRIVATE LIMITED,NIZAMABAD,NIZAMABAD,NIZAMABAD,503003,RTA NIZAMABAD,,Automobile dealer (brand unknown),Rest of Telangana,1
8347,SRI ADITHYA EV MOTORS,MAHABOOBNAGAR,MAHABOOBNAGAR,Mahabubnagar(R),509001,RTA MAHABOOBNAGAR,,EV dealer,Rest of Telangana,1
8349,M/S VERA MOTORS,504209,MANCHERIYAL,MANCHERIAL,504209,RTA MANCHERIAL,,Automobile dealer (brand unknown),Rest of Telangana,1
8352,MODY AUTONATION PRIVATE LIMITED,SECUNDERABAD,HYDERABAD,SECUNDRABAD,500009,RTA-HYDERABAD-NZ,,Automobile dealer (brand unknown),Hyderabad metro,1
8354,MADINA AUTOMOBILES,THORRUR,MAHABUBABAD,THORRUR,506163,RTA MAHABUBABAD,,Automobile dealer (brand unknown),Rest of Telangana,1
8359,A S ENTERPRISES,NALGONDA,NALGONDA,NALGONDA,508001,RTA NALGONDA,,Automobile dealer (brand unknown),Rest of Telangana,1
8362,JASPER INDUSTRIES PRIVATE LIMITED,SECUNDERABAD,HYDERABAD,SECUNDRABAD,500003,RTA-HYDERABAD-NZ,,Body builder / fabricator,Hyderabad metro,1
8364,M/S PRAKASH MOTORS,KAMAREDDY,KAMAREDDY,KAMAREDDY,503111,RTA KAMAREDDY,,Automobile dealer (brand unknown),Rest of Telangana,1
8376,SAI BABA AGRO ENGINEERING WORKS,KARIMNAGAR,KARIMNAGAR,KARIMNAGAR RURAL,505001,RTA KARIMNAGAR,,Body builder / fabricator,Rest of Telangana,1
8384,PRAKASH ALLIANCE,NIZAMABAD,NIZAMABAD,NIZAMABAD,503236,RTA NIZAMABAD,,Automobile dealer (brand unknown),Rest of Telangana,1
8387,SRI LAXMI MOTORS,KODAD,SURYAPET,KODAD,508206,RTA SURYAPET,,Automobile dealer (brand unknown),Rest of Telangana,1
8388,M/S HYDERABAD MOTOR CYCLES,BALAPUR,RANGA REDDY,Balapur,500005,RTA IBRAHIMPATNAM,,Two-wheeler dealer,Hyderabad metro,1
8390,M/S REALTY SHIELD SERVICES PVT LTD,RANGAREDDY,RANGA REDDY,SAROORNAGAR,500074,RTA IBRAHIMPATNAM,,Automobile dealer (brand unknown),Hyderabad metro,1
8394,SRI KRISHNA TRACTORS AND FARM EQUIP,WANAPARTHY,WANAPARTHY,PEBBAIR,509104,RTA WANAPARTHY,,Tractor / farm equipment,Rest of Telangana,1
8396,HAECON EQUIPMENTS,SECUNDERABAD,HYDERABAD,CONTONMENT AREA,500015,RTA-HYDERABAD-NZ,,Automobile dealer (brand unknown),Hyderabad metro,1
8401,ATUM LIFE PRIVATE LIMITED,SECUNDERABAD,HYDERABAD,SECUNDRABAD,500003,RTA-HYDERABAD-NZ,,Automobile dealer (brand unknown),Hyderabad metro,1
8402,PPS MOTORS PRIVATE LIMITED,RANGA REDDY,RANGA REDDY,SAROORNAGAR,500070,RTA IBRAHIMPATNAM,,Automobile dealer (brand unknown),Hyderabad metro,1
8409,SRI VENKATARAMANA MOTORS,NALGONDA,NALGONDA,NALGONDA,508001,RTA NALGONDA,,Automobile dealer (brand unknown),Rest of Telangana,1
8414,VINAYAKA EV MALL,NARAYANPET,NARAYANPET,NARAYANPET,509210,RTA NARAYANPET,,EV dealer,Rest of Telangana,1
8417,SHIVAM MOTORS,KHAMMAM RURAL,KHAMMAM,KHAMMAM RURAL,507613,RTA KHAMMAM,,Automobile dealer (brand unknown),Rest of Telangana,1
8421,IMPACT ENTERPRISES,KUKATPALLY,MEDCHAL M-GIRI,KUKATPALLY,500072,RTA MEDCHAL,,Automobile dealer (brand unknown),Hyderabad metro,1
8433,RAAM ELECTRIC TWO WHEELERS LLP,HYDERABAD,HYDERABAD,SOMAJIGUDA,500082,RTA-HYDERABAD-CZ,,EV dealer,Hyderabad metro,1
8435,GREENWICH MOTORS,SECUNDERABAD,MEDCHAL M-GIRI,MALKAJGIRI,500056,RTA UPPAL,,Automobile dealer (brand unknown),Hyderabad metro,1
8445,SHUBHAM HONDA,NARAYANPET,NARAYANPET,NARAYANPET,509210,RTA NARAYANPET,Honda,Two-wheeler dealer,Rest of Telangana,1
8446,SRI RAJARAJESHWARA AUTOMOTIVES,KARIMNAGAR,KARIMNAGAR,KARIMNAGAR URBAN,505001,RTA KARIMNAGAR,,Automobile dealer (brand unknown),Rest of Telangana,1
8447,M/S SANTOSH AUTO MOTORS PRIVATE LIM,KHAMMAM,KHAMMAM,MADHIRA,507203,RTA KHAMMAM,,Automobile dealer (brand unknown),Rest of Telangana,1
8448,SRI LAXMI NARSIMHA ENGINEERING WORKS,NALGONDA,NALGONDA,NAKREKAL,508001,RTA NALGONDA,,Body builder / fabricator,Rest of Telangana,1
8449,M/S. SRI VENKATESHWARA ENGINEERING WORKS,KARIMNAGAR,KARIMNAGAR,KARIMNAGAR RURAL,505325,RTA KARIMNAGAR,,Body builder / fabricator,Rest of Telangana,1
8461,GAJALAXMI AGENCIES,MAHABUBABAD,MAHABUBABAD,THORRUR,506163,RTA MAHABUBABAD,,Automobile dealer (brand unknown),Rest of Telangana,1
8466,RK ROYAL ENGINEERS PRIVATE LIMITED,HYDERABAD,MEDCHAL M-GIRI,UPPAL,500039,RTA UPPAL,,Automobile dealer (brand unknown),Hyderabad metro,1
8467,MUNNUR VARDHAN,VIKARABAD,VIKARABAD,KODANGAL,501501,RTA VIKARABAD,,Body builder / fabricator,Rest of Telangana,1
8469,PRUDHVI AUTOMOTIVES,SANGAREDDY,SANGAREDDY,SANGA REDDY,502295,RTA SANGAREDDY,,Two-wheeler dealer,Hyderabad metro,1
8470,VAJRA PRIME ENTERPRISE LLP,RAPARTHI NAGAR,KHAMMAM,KHAMMAM URBAN,507002,RTA KHAMMAM,,Automobile dealer (brand unknown),Rest of Telangana,1
8475,SRI SATYANARYANA ROLLING SHUTTERS $ ENGG WORKS,MEDCHAL,MEDCHAL M-GIRI,GHATKESAR,501301,RTA UPPAL,,Body builder / fabricator,Hyderabad metro,1
8481,ADARSHA AUTOWORLD PVT LTD,MANCHERIAL,MANCHERIYAL,MANCHERIAL,504208,RTA MANCHERIAL,,Automobile dealer (brand unknown),Rest of Telangana,1
8482,A 1 ENGINEERING WORKS,MEDAK,MEDAK,KOWDIPALLY,502316,RTA MEDAK,,Body builder / fabricator,Rest of Telangana,1
8487,RADHA MOTORS,SHAMSHABAD,RANGA REDDY,SHAMSHABAD,501218,RTA RANGAREDDY,,Automobile dealer (brand unknown),Hyderabad metro,1
8491,SREE RAMA AUTOMOTIVES,BHADRACHALAM,BHADRADRI,BHADRACHALAM,507111,RTA BHADRADRI,,Automobile dealer (brand unknown),Rest of Telangana,1
8495,PRAKASH MOTORS,NIZAMABAD,NIZAMABAD,NIZAMABAD,503230,RTA NIZAMABAD,,Automobile dealer (brand unknown),Rest of Telangana,1
8498,SRI SAIRAM AUTOMOBILES,SURYAPET,SURYAPET,SURYAPET,508213,RTA SURYAPET,Yamaha,Two-wheeler dealer,Rest of Telangana,1
8501,VENKATESHWARA ENTERPRISES,NALGONDA,NALGONDA,NALGONDA,508001,RTA NALGONDA,,Automobile dealer (brand unknown),Rest of Telangana,1
8502,M/S THEERDHA MOTORS,KHAMMAM,KHAMMAM,KHAMMAM URBAN,507002,RTA KHAMMAM,,Automobile dealer (brand unknown),Rest of Telangana,1
8503,HYUNDAI MOTOR INDIA LIMITED,HYDERABAD,HYDERABAD,ABIDS,500001,RTA-HYDERABAD-CZ,Hyundai,Car / CV dealer,Hyderabad metro,1
8504,PRATHAMMALIK AUTO MATRIX PVT LTD,HYDERABAD,HYDERABAD,BANJARAHILLS,500034,RTA-HYDERABAD-CZ,,Automobile dealer (brand unknown),Hyderabad metro,1
8505,SREE VENKATESHWARA TRACTORS,KONDAMALLEPALLY,NALGONDA,Konda Mallepally,508243,RTA NALGONDA,,Tractor / farm equipment,Rest of Telangana,1
8506,JC AUTOMOTIVES,SECUNDERABAD,HYDERABAD,SEETHAPHAL MANDI,500061,RTA-HYDERABAD-NZ,,Automobile dealer (brand unknown),Hyderabad metro,1
8509,HARIOM AUTOMOBILES,SANGAREDDY DISTRICT,SANGAREDDY,RAMACHANDHRAPURAM,502220,RTA SANGAREDDY,,Automobile dealer (brand unknown),Hyderabad metro,1
8511,VVC AUTOMOBILES,KHAMMAM,KHAMMAM,KHAMMAM URBAN,507001,RTA KHAMMAM,,Automobile dealer (brand unknown),Rest of Telangana,1
8512,R K ENTERPRISES,BELLAMPALLI,MANCHERIYAL,BELLAMPALLY,504251,RTA MANCHERIAL,,Automobile dealer (brand unknown),Rest of Telangana,1
8513,SRI LAKSHMI AGENCIES,KATARAM,JAYASHANKAR,KATARAM,505503,RTA JAYASHANKAR,,Automobile dealer (brand unknown),Rest of Telangana,1
8514,M/S SABOO AUTO ZONE,JODIMETLA,MEDCHAL M-GIRI,GHATKESAR,501301,RTA UPPAL,Maruti Suzuki,Automobile dealer (brand unknown),Hyderabad metro,1
8516,HOTWHEELS AUTOMOTIVE PVT LTD,SERLINGAMPALLY,RANGA REDDY,SERILINGAMPALLY,500050,RTA RANGAREDDY,,Automobile dealer (brand unknown),Hyderabad metro,1
8517,GREENHUB AUTOMOTIVES,SECUNDERABAD,HYDERABAD,CONTONMENT AREA,500011,RTA-HYDERABAD-NZ,,Automobile dealer (brand unknown),Hyderabad metro,1
8518,SRI DHARANI TRACTORS,SANGAREDDY DISTRICT,SANGAREDDY,SANGA REDDY,502001,RTA SANGAREDDY,,Tractor / farm equipment,Hyderabad metro,1
8519,SRI VENKATESWARA AUTOMOBILES,BANDLAGUDA,RANGA REDDY,RAJENDRANAGAR,500091,RTA RANGAREDDY,Hero,Two-wheeler dealer,Hyderabad metro,1
8525,EULER MOTORS PRIVATE LIMITED,HYDERABAD,MEDCHAL M-GIRI,BALANAGAR,500011,RTA MEDCHAL,,Automobile dealer (brand unknown),Hyderabad metro,1
8527,SRI RAGHAVENDRA ENGINEERING WORKS,KARIMNAGAR,KARIMNAGAR,KARIMNAGAR RURAL,505001,RTA KARIMNAGAR,,Body builder / fabricator,Rest of Telangana,1
8528,VENKATA SAI MOTORS,RANGA REDDY,RANGA REDDY,SHAMSHABAD,501218,RTA RANGAREDDY,,Automobile dealer (brand unknown),Hyderabad metro,1
8533,M/S SRI MAHALAKSHMI MOTORS,IBRAHIMPATANM,RANGA REDDY,IBRAHIMPATAM,501506,RTA IBRAHIMPATNAM,Hero,Two-wheeler dealer,Hyderabad metro,1
8534,SAI KRISHNA MOTORS,RANGA REDDY,RANGA REDDY,FAROOQ NAGAR,509216,RTA RANGAREDDY,,Automobile dealer (brand unknown),Hyderabad metro,1
8536,M/S HITECH AUTOMOTIVES,RANGAREDDY,RANGA REDDY,Abdullapurmet,501505,RTA IBRAHIMPATNAM,,Automobile dealer (brand unknown),Hyderabad metro,1
8542,KARTHEEK CAPTAIN TRACTORS,KHAMMAM,KHAMMAM,KHAMMAM RURAL,507003,RTA KHAMMAM,,Tractor / farm equipment,Rest of Telangana,1
8545,MOHAN E- MOBILITY,KHAMMAM,KHAMMAM,KHAMMAM RURAL,507003,RTA KHAMMAM,,EV dealer,Rest of Telangana,1
8548,M/S SRI KRISHNA MOTORS,RR DIST,RANGA REDDY,Abdullapurmet,501510,RTA IBRAHIMPATNAM,,Automobile dealer (brand unknown),Hyderabad metro,1
8555,GOUTHAM KRISHNA AUTOMOTIVES PRIVATE,KHAMMAM,KHAMMAM,KHAMMAM URBAN,507002,RTA KHAMMAM,,Automobile dealer (brand unknown),Rest of Telangana,1
8560,M/S VENKATARAMANA MOTORS,NALGONDA,NALGONDA,NALGONDA,508001,RTA NALGONDA,,Automobile dealer (brand unknown),Rest of Telangana,1
8562,NEON MOTORS PRIVATE LIMITED,HANUMAKONDA,HANUMAKONDA,HANAMKONDA,506001,RTA HANUMAKONDA,,Automobile dealer (brand unknown),Rest of Telangana,1
8565,SRI SRINIVAS ENGINEERING WORKS,JOGULAMBAD,JOGULAMBA,GADWAL,509125,RTA JOGULAMBA,,Body builder / fabricator,Rest of Telangana,1
8566,PURI SUKANYA,YENUGONDA,MAHABOOBNAGAR,MAHBUBNAGAR,509001,RTA MAHABOOBNAGAR,,Automobile dealer (brand unknown),Rest of Telangana,1
8568,K MOTORS PRIVATE LIMITED,L B NAGAR,RANGA REDDY,SAROORNAGAR,500074,RTA IBRAHIMPATNAM,,Automobile dealer (brand unknown),Hyderabad metro,1
8572,SRI VINAYAKA MOBIKES PVT LTD (TRIUM,HYDERABAD,HYDERABAD,SANATH NAGAR P,500027,RTA-HYDERABAD-CZ,,Two-wheeler dealer,Hyderabad metro,1
8575,MADHURI TRACTORS,VIKARABAD,VIKARABAD,VIKARABAD,501101,RTA VIKARABAD,,Tractor / farm equipment,Rest of Telangana,1
8576,M/S MOKSHADA FARM EQUIPMENTS,PALONCHA,BHADRADRI,PALONCHA,507115,RTA BHADRADRI,,Tractor / farm equipment,Rest of Telangana,1
8579,MAHINDRA LAST MILE MOBILITY LTD,"DIVISION,LMM PLANT,ZAHEERABAD",SANGAREDDY,ZAHEERABAD,502221,RTA SANGAREDDY,Mahindra,Car / CV dealer,Hyderabad metro,1
8580,MVR ASSOSIATES,KHAMMAM,KHAMMAM,KHAMMAM RURAL,507003,RTA KHAMMAM,,Automobile dealer (brand unknown),Rest of Telangana,1
8586,JSR GREEN MOTORS,KODAD,SURYAPET,KODAD,508206,RTA SURYAPET,,Automobile dealer (brand unknown),Rest of Telangana,1
8588,PSR AUTOMOTIVES PRIVATE LIMITED,NIZAMABAD,NIZAMABAD,DICHPALLY,503230,RTA NIZAMABAD,,Automobile dealer (brand unknown),Rest of Telangana,1
8591,SRI VENKATESWARA ENTERPRISES,SHADNAGAR,RANGA REDDY,FAROOQ NAGAR,509216,RTA RANGAREDDY,,Automobile dealer (brand unknown),Hyderabad metro,1
8597,ANTARIKSH MOTORS PVT LTD,HYDERABAD,HYDERABAD,SHAIKPET,500008,RTA-HYDERABAD-CZ,,Automobile dealer (brand unknown),Hyderabad metro,1
8599,MD YOUSUF EV MOTORS,HYDERABAD,MEDCHAL M-GIRI,ALWAL (MALKAJGIRI),500011,RTA MEDCHAL,,EV dealer,Hyderabad metro,1
8600,M/S. SS ENTERPRISES,MULUGU,MULUGU,MULUG,506343,RTA MULUGU,,Automobile dealer (brand unknown),Rest of Telangana,1
8601,M/S BEST TRACTORS,GAJWEL,SIDDIPET,GAJWEL,502278,RTA SIDDIPET,,Tractor / farm equipment,Rest of Telangana,1
8603,AARUSH MOTORS PVT LTD,GACHIBOWLI,RANGA REDDY,SERILINGAMPALLY,500032,RTA RANGAREDDY,Suzuki 2W,Two-wheeler dealer,Hyderabad metro,1
8607,NISCHAY AUTOMOTIVE PRIVATE LIMITED,NALGONDA,NALGONDA,NALGONDA,508001,RTA NALGONDA,,Automobile dealer (brand unknown),Rest of Telangana,1
8608,MARUTHI MOTORS & ELACTRICAL,GADWAL,JOGULAMBA,IEEJA,509127,RTA JOGULAMBA,Maruti Suzuki,Automobile dealer (brand unknown),Rest of Telangana,1
8609,RIYANSHI MOTORS,MAHABUBNAGAR,MAHABOOBNAGAR,Mahabubnagar(R),509001,RTA MAHABOOBNAGAR,,Automobile dealer (brand unknown),Rest of Telangana,1
8610,SRI SAI MOTORS AUTO CRAFT PVT LTD,TURKAYAMJAL,RANGA REDDY,Abdullapurmet,501510,RTA IBRAHIMPATNAM,Honda,Two-wheeler dealer,Hyderabad metro,1
8612,M/S LASHMI VENKATA SAI MOTORS,YADADRI,YADADRI,BHONGIRI,508116,RTA YADADRI,,Automobile dealer (brand unknown),Rest of Telangana,1
8619,M/S VIJAYA GANAPATHI AGRO TECH,KAMAREDDY,KAMAREDDY,KAMAREDDY,503111,RTA KAMAREDDY,,Tractor / farm equipment,Rest of Telangana,1
8621,SRI LAKSHMI NARASIMHA MOTORS,NARAYANPET,NARAYANPET,KOSGI,509339,RTA NARAYANPET,,Automobile dealer (brand unknown),Rest of Telangana,1
8623,VENKATESHWARA AUTO SERVICE,MAHABUBABAD,MAHABUBABAD,MAHABOOBABAD,506101,RTA MAHABUBABAD,,Automobile dealer (brand unknown),Rest of Telangana,1
8626,M/S AKSHAYA MOTORS,PALONCHA,BHADRADRI,PALONCHA,507115,RTA BHADRADRI,,Automobile dealer (brand unknown),Rest of Telangana,1
8629,GEETHA AUTOMOBILES,WARANGAL,WARANGAL,WARANGAL,506002,RTA WARANGAL,,Automobile dealer (brand unknown),Rest of Telangana,1
8630,M/S AUTOMOTIVE MANUFACTURERS PVT LT,KHAMMAM,KHAMMAM,KHAMMAM URBAN,507002,RTA KHAMMAM,,Automobile dealer (brand unknown),Rest of Telangana,1
8631,M/S HRUTHIN MOTORS PVT LTD,JAGTIAL,JAGITYAL,JAGITYAL RURAL,505327,RTA JAGITYAL,,Automobile dealer (brand unknown),Rest of Telangana,1
8633,MALIK AUTOZONE PRIVATE LIMITED,KARIMNAGAR,KARIMNAGAR,KARIMNAGAR URBAN,505001,RTA KARIMNAGAR,,Automobile dealer (brand unknown),Rest of Telangana,1
8634,ELSTARA ENTERPRISES PVT LTD,SECUNDERABAD,HYDERABAD,SECUNDRABAD,500009,RTA-HYDERABAD-NZ,,Automobile dealer (brand unknown),Hyderabad metro,1
8636,LUXURY ON WHEELS,HYDERABAD,HYDERABAD,BEGUMPET,500016,RTA-HYDERABAD-CZ,,Automobile dealer (brand unknown),Hyderabad metro,1
8641,SRI BALAJI EARTH MOVERS,SECUNDERABAD,HYDERABAD,SECUNDRABAD,500009,RTA-HYDERABAD-NZ,,Tractor / farm equipment,Hyderabad metro,1
8642,M/S LAKSHMI GANAPATHI EV MOTORS,KOTHAGUDEM,BHADRADRI,LAXMIDEVIPALLI,507101,RTA BHADRADRI,,EV dealer,Rest of Telangana,1
8643,VIJAYA LAKSHMI ENGINEERING WORKS,KOTHAGUDAM,BHADRADRI,CHERLA,507133,RTA BHADRADRI,,Body builder / fabricator,Rest of Telangana,1
8644,KEERTHI MOTORS,HANUMAKONDA,HANUMAKONDA,Khazipet,506003,RTA HANUMAKONDA,,Automobile dealer (brand unknown),Rest of Telangana,1
8646,SRI MAHALAKSHMI MOTORS,SANGAREDDY,SANGAREDDY,SANGA REDDY,502001,RTA SANGAREDDY,Suzuki 2W,Two-wheeler dealer,Hyderabad metro,1
8649,M/S YADADRI TRADERS,BHONGIR,YADADRI,BHONGIRI,508116,RTA YADADRI,,Automobile dealer (brand unknown),Rest of Telangana,1
8651,SRI ADITYA MOTORS,MUNAGALA,SURYAPET,MUNAGALA,508233,RTA SURYAPET,,Automobile dealer (brand unknown),Rest of Telangana,1
8652,M/S MM E BIKES,KHAMMAM,KHAMMAM,KHAMMAM URBAN,507002,RTA KHAMMAM,,EV dealer,Rest of Telangana,1
8655,MADHURA ENGINEERING SERVICES PVT LT,BANJARAHILLS,HYDERABAD,BANJARAHILLS,500034,RTA-HYDERABAD-CZ,,Body builder / fabricator,Hyderabad metro,1
8657,SANJAY MOTORS,HYDERABAD,HYDERABAD,BAHADURPURA,500064,RTA-HYDERABAD-SZ,,Automobile dealer (brand unknown),Hyderabad metro,1
8659,MUNNA UNITED MOTORS PRIVATE LIMITED,NALGONDA,NALGONDA,NALGONDA,508001,RTA NALGONDA,,Automobile dealer (brand unknown),Rest of Telangana,1
8660,M/S RAKSHITHA MOTORS,MEERPET,RANGA REDDY,Balapur,500069,RTA IBRAHIMPATNAM,,Automobile dealer (brand unknown),Hyderabad metro,1
8663,ABHINAVA AUTOCRAFT PVT LTD,"SERILINGAMPALLY,HYDERABAD",RANGA REDDY,SERILINGAMPALLY,500050,RTA RANGAREDDY,,Automobile dealer (brand unknown),Hyderabad metro,1
8664,SREE VISHNUPRIYA MOTORS PRIVATE LIM,NALGONDA,NALGONDA,MIRYALGUDA,508207,RTA NALGONDA,,Automobile dealer (brand unknown),Rest of Telangana,1
8665,M/S SRI RAMA AGRO SERVICES,DAMMAPETA,BHADRADRI,DAMMAPETA,507306,RTA BHADRADRI,,Tractor / farm equipment,Rest of Telangana,1
8666,ANIRUDH AUTOMOTIVES,VIKARABAD,VIKARABAD,VIKARABAD,501101,RTA VIKARABAD,,Automobile dealer (brand unknown),Rest of Telangana,1
8667,K B NEW ENGINEERING WORKS,MEDAK,MEDAK,NARSAPUR,502296,RTA MEDAK,,Body builder / fabricator,Rest of Telangana,1
8670,SRI JAYARAMA AUTOMOTIVES PVT.LTD.,MAHABUB NAGAR,MAHABOOBNAGAR,MAHBUBNAGAR,509001,RTA MAHABOOBNAGAR,,Automobile dealer (brand unknown),Rest of Telangana,1
8671,AUTOMOTIVE MANUFACTURERS PRIVATE LI,SECUNDERABAD,HYDERABAD,CONTONMENT AREA,500011,RTA-HYDERABAD-NZ,,Automobile dealer (brand unknown),Hyderabad metro,1
8672,HAROON MOTORS,MAHABUBNAGAR,MAHABOOBNAGAR,MAHBUBNAGAR,509001,RTA MAHABOOBNAGAR,Bajaj,Two-wheeler dealer,Rest of Telangana,1
8673,RK MOTORS,NIZAMABAD,NIZAMABAD,NIZAMABAD,503003,RTA NIZAMABAD,,Automobile dealer (brand unknown),Rest of Telangana,1
8674,SANTHOSH AGENCIES,NALGONDA,NALGONDA,NALGONDA,508001,RTA NALGONDA,,Automobile dealer (brand unknown),Rest of Telangana,1
8675,SRI MAHALAXMI ELECTRIC,JANGAON,JANGOAN,JANGAON,506167,RTA JANGOAN,,EV dealer,Rest of Telangana,1
8676,VENKATARAMANA MOTORS,MAHABUB NAGAR,MAHABOOBNAGAR,MAHBUBNAGAR,509001,RTA MAHABOOBNAGAR,,Automobile dealer (brand unknown),Rest of Telangana,1
8677,PRO RIDERS,NALGONDA,NALGONDA,MIRYALGUDA,508207,RTA NALGONDA,,Automobile dealer (brand unknown),Rest of Telangana,1
8678,FRIENDS ENGINEERING WORKS.,JADCHERLA,MAHABOOBNAGAR,JADCHERLA,509301,RTA MAHABOOBNAGAR,,Body builder / fabricator,Rest of Telangana,1
8679,AARUSH MOTORS PVT LTD,MALKAJGIRI,MEDCHAL M-GIRI,MALKAJGIRI,500047,RTA UPPAL,Suzuki 2W,Two-wheeler dealer,Hyderabad metro,1
8681,MALIK AUTOWORLD PRIVATE LIMITED,HYDERABAD,HYDERABAD,MALAKPET,500036,RTA-HYDERABAD-EZ,,Automobile dealer (brand unknown),Hyderabad metro,1
8683,VT AUTOMOTIVES PRIVATE LIMITED,MAHABUBNAGAR,MAHABOOBNAGAR,Mahabubnagar(R),509001,RTA MAHABOOBNAGAR,,Automobile dealer (brand unknown),Rest of Telangana,1
8686,AVIRAA AUTOMOBILES,MANIKONDA,RANGA REDDY,Gandipet,500089,RTA RANGAREDDY,,Automobile dealer (brand unknown),Hyderabad metro,1
8687,SRI SEETHARAMA HYDRAULIC WORKS,KHAMMAM,KHAMMAM,WYRA,507165,RTA KHAMMAM,,Body builder / fabricator,Rest of Telangana,1
8688,SELECT AUTOMOTIVES,KARIMNAGAR,KARIMNAGAR,KARIMNAGAR URBAN,505001,RTA KARIMNAGAR,,Automobile dealer (brand unknown),Rest of Telangana,1
8690,KARTHIKEYA AUTOMOBILES,HYDERABAD,MEDCHAL M-GIRI,MALKAJGIRI,500056,RTA UPPAL,,Automobile dealer (brand unknown),Hyderabad metro,1
8691,SHREE SRS ELECTRIC PVT LTD,"WYRA ROAD,KHAMMAM",KHAMMAM,KHAMMAM URBAN,507002,RTA KHAMMAM,,EV dealer,Rest of Telangana,1
8694,ANUNAYADAAKSHI MOTORS,HANAMKONDA,HANUMAKONDA,HANAMKONDA,506001,RTA HANUMAKONDA,,Automobile dealer (brand unknown),Rest of Telangana,1
8696,SHREE SRS ELECTRIC PRIVATE LIMITED,MIRYALGUDA,NALGONDA,MIRYALGUDA,508207,RTA NALGONDA,,EV dealer,Rest of Telangana,1
8698,SHREE HARI HARA AUTOMOBILES,HYDERABAD,MEDCHAL M-GIRI,UPPAL,500076,RTA UPPAL,,Automobile dealer (brand unknown),Hyderabad metro,1
8699,VVC CONSTRUCTION EQUIPMENTS,HYDERABAD,HYDERABAD,JUBILEE HILLS,500033,RTA-HYDERABAD-CZ,,Automobile dealer (brand unknown),Hyderabad metro,1
8700,VENKATSAI ENTERPRISES PVT LTD,HANUMAKONDA,HANUMAKONDA,HANAMKONDA,506001,RTA HANUMAKONDA,,Automobile dealer (brand unknown),Rest of Telangana,1
8705,VENKAT ENTERPRISES,KARIMNAGAR,KARIMNAGAR,KARIMNAGAR URBAN,505001,RTA KARIMNAGAR,,Automobile dealer (brand unknown),Rest of Telangana,1
8707,AVERA NEW & RENEWABLE ENERGY MOTO C,SECUNDERABAD,HYDERABAD,SECUNDRABAD,500016,RTA-HYDERABAD-NZ,,Automobile dealer (brand unknown),Hyderabad metro,1
8709,M/S TIRUMALA MOTORS,MANCHERIAL,MANCHERIYAL,BELLAMPALLY,504251,RTA MANCHERIAL,,Automobile dealer (brand unknown),Rest of Telangana,1
8711,M/S SREEJA ENTERPRISES,MAHABUBABAD,MAHABUBABAD,MAHABOOBABAD,506101,RTA MAHABUBABAD,,Automobile dealer (brand unknown),Rest of Telangana,1
8712,QUCEV TECHNOLOGIES PRIVATE LIMITED,RANGAREDDY,RANGA REDDY,MAHESWARAM,501359,RTA IBRAHIMPATNAM,,Automobile dealer (brand unknown),Hyderabad metro,1
8716,KSB TRACTORS,WARANGAL,WARANGAL,WARANGAL,506002,RTA WARANGAL,,Tractor / farm equipment,Rest of Telangana,1
8717,M/S SAI KRISHNA MOTORS,KAMAREDDY,KAMAREDDY,PITLAM,503310,RTA KAMAREDDY,Honda,Two-wheeler dealer,Rest of Telangana,1
8718,SRI SOMESHWARA AUTOMOBILES,PALAKURTHY,JANGOAN,JANGAON,506252,RTA JANGOAN,,Automobile dealer (brand unknown),Rest of Telangana,1
8720,NARSIMHA KINETIC MOTORS,JAGTIAL,JAGITYAL,JAGTIAL,505327,RTA JAGITYAL,,Automobile dealer (brand unknown),Rest of Telangana,1
8721,ICON INFRA EQUIPMENTS,SHAMSHABAD,RANGA REDDY,SHAMSHABAD,509325,RTA RANGAREDDY,,Automobile dealer (brand unknown),Hyderabad metro,1
8722,CARJOZ MOBILITY LLP,HYDERABAD,RANGA REDDY,RAJENDRANAGAR,500052,RTA RANGAREDDY,,Automobile dealer (brand unknown),Hyderabad metro,1
8723,SRI RAJARAJESHWARA EV MOBILITY,HYDERABAD,MEDCHAL M-GIRI,KUKATPALLY,500072,RTA MEDCHAL,,EV dealer,Hyderabad metro,1
8725,NARMADA MOTORS VALLEY,MAHABUBNAGAR,MAHABOOBNAGAR,Mahabubnagar(R),509001,RTA MAHABOOBNAGAR,,Automobile dealer (brand unknown),Rest of Telangana,1
8727,HARSHA AUTOMOTIVE PVT LTD,RAMACHANDRAPURAM,SANGAREDDY,RAMACHANDHRAPURAM,502032,RTA SANGAREDDY,,Automobile dealer (brand unknown),Hyderabad metro,1
8729,MADHURA ENGINEERING SERVICES PVT LT,HYDERABAD,HYDERABAD,KHAIRATABAD,500004,RTA-HYDERABAD-CZ,,Body builder / fabricator,Hyderabad metro,1
8731,GOPIKA MOTORS,HYDERABAD,SANGAREDDY,RAMACHANDHRAPURAM,502032,RTA SANGAREDDY,,Automobile dealer (brand unknown),Hyderabad metro,1
8732,RAJA RAJESHWARI ENTERPRISES,RAJANNA SIRCILLA,RAJANNA,SIRCILLA,505301,RTA RAJANNA,,Automobile dealer (brand unknown),Rest of Telangana,1
8735,SRI AGROS,NALGONDA,NALGONDA,MIRYALGUDA,508207,RTA NALGONDA,,Tractor / farm equipment,Rest of Telangana,1
8736,VISHWANATH MOTORS,NALGONDA,NALGONDA,MIRYALGUDA,508207,RTA NALGONDA,,Automobile dealer (brand unknown),Rest of Telangana,1
8740,M/S S V TRACTORS,MEDAK,MEDAK,MEDAK,502110,RTA MEDAK,,Tractor / farm equipment,Rest of Telangana,1
8742,M/S VARUN MOTORS PRIVATED LIMITED,KOTHAGUDEM,BHADRADRI,KOTHAGUDEM,507101,RTA BHADRADRI,Maruti Suzuki,Automobile dealer (brand unknown),Rest of Telangana,1
8743,BAIRU MOTORRAD LLP,NIZAMABAD,NIZAMABAD,NIZAMABAD,503003,RTA NIZAMABAD,,Automobile dealer (brand unknown),Rest of Telangana,1
8744,SRI KRISHNA AUTOS,NALGONDA,NALGONDA,MIRYALGUDA,508207,RTA NALGONDA,,Automobile dealer (brand unknown),Rest of Telangana,1
8747,VIBRANT VEHICLES PRIVATE LIMITED,SECUNDERABAD,HYDERABAD,SECUNDRABAD,500003,RTA-HYDERABAD-NZ,,Automobile dealer (brand unknown),Hyderabad metro,1
8748,SIDDURAM MOTORS,SHANTHINAGAR,JOGULAMBA,VADDEPALLY,509126,RTA JOGULAMBA,,Automobile dealer (brand unknown),Rest of Telangana,1
8749,MALIK MOTORS PVT LTD,HYDERABAD,MEDCHAL M-GIRI,BALANAGAR,500011,RTA MEDCHAL,,Automobile dealer (brand unknown),Hyderabad metro,1
8750,HARSHA AUTOMOTIVE PVT LTD,GOPANAPALLI VILLAGE,RANGA REDDY,SERILINGAMPALLY,500019,RTA RANGAREDDY,,Automobile dealer (brand unknown),Hyderabad metro,1
8751,NAVEEN E-VEHICLES,NIZAMABAD,NIZAMABAD,ARMOOR,503224,RTA NIZAMABAD,,Automobile dealer (brand unknown),Rest of Telangana,1
8752,KYATHAMWAR FARMER TRACTERS SHOW ROO,NIRMAL,NIRMAL,NIRMAL,504106,RTA NIRMAL,,Tractor / farm equipment,Rest of Telangana,1
8753,EVNX MOBILITY,HYDERABAD,MEDCHAL M-GIRI,MEDIPALLY,500051,RTA UPPAL,,Automobile dealer (brand unknown),Hyderabad metro,1
8758,M/S LANDMARK PREMIUM CARS PRIVATE L,HYDERABAD,MEDCHAL M-GIRI,MEDIPALLY,500098,RTA UPPAL,,Car / CV dealer,Hyderabad metro,1
8759,RUKMALA ENTERPRISES LLP,HANAMKONDA,HANUMAKONDA,HANAMKONDA,506001,RTA HANUMAKONDA,,Automobile dealer (brand unknown),Rest of Telangana,1
8760,SPARK AUTOMOTIVES,KHAMMAM,KHAMMAM,KHAMMAM URBAN,507002,RTA KHAMMAM,,Automobile dealer (brand unknown),Rest of Telangana,1
8762,BORRA MARKETING SOLUTIONS,HYD,RANGA REDDY,SAROORNAGAR,500035,RTA IBRAHIMPATNAM,,Automobile dealer (brand unknown),Hyderabad metro,1
8763,VIBRANT MOBILITY LLP,HYDERABAD,HYDERABAD,MALAKPET,500036,RTA-HYDERABAD-EZ,,Automobile dealer (brand unknown),Hyderabad metro,1
8768,SAMBASIVA AGRO AUTOMOTIVES,"AMISTHAPUR, BHOOTHPUR,MAHABUBN",MAHABOOBNAGAR,BHOOTHPUR,509382,RTA MAHABOOBNAGAR,,Tractor / farm equipment,Rest of Telangana,1
8769,LANDMARK MOBILITY PVT LTD,TELLAPUR VILLAGE,SANGAREDDY,RAMACHANDHRAPURAM,502032,RTA SANGAREDDY,,Automobile dealer (brand unknown),Hyderabad metro,1
8773,QUANTUM ENERGY LIMITED,RANGA REDDY,RANGA REDDY,SERILINGAMPALLY,500008,RTA RANGAREDDY,,Automobile dealer (brand unknown),Hyderabad metro,1
8776,ABHIJIT POWER,JADCHERLA MAHABUBNAGAR,MAHABOOBNAGAR,JADCHERLA,509301,RTA MAHABOOBNAGAR,,Automobile dealer (brand unknown),Rest of Telangana,1
8777,M/S ARJUN TWO WHEELERS PVT LTD,SANGAREDDY,SANGAREDDY,RAMACHANDHRAPURAM,502319,RTA SANGAREDDY,,Two-wheeler dealer,Hyderabad metro,1
8780,PROGRESSIVE AUTOCRAFT PRIVATE LIMIT,KONDAPUR,RANGA REDDY,SERILINGAMPALLY,500081,RTA RANGAREDDY,,Automobile dealer (brand unknown),Hyderabad metro,1
8781,DEVI AUTOMOBILES,NIZAMABAD,NIZAMABAD,NIZAMABAD,503230,RTA NIZAMABAD,,Automobile dealer (brand unknown),Rest of Telangana,1
8786,KODAD MOTOR PARTS AND LUBES,KODAD,SURYAPET,KODAD,508206,RTA SURYAPET,,Automobile dealer (brand unknown),Rest of Telangana,1
8787,M/S SAVERA AUTO CRAFT LLP,KAMAREDDY,KAMAREDDY,KAMAREDDY,503111,RTA KAMAREDDY,,Automobile dealer (brand unknown),Rest of Telangana,1
8788,M/S SWAGATH AUTO MOTIVES,NALGONDA,NALGONDA,Konda Mallepally,508248,RTA NALGONDA,,Automobile dealer (brand unknown),Rest of Telangana,1
8789,BJR AUTOMOTIVES PVT LTD,KARIMNAGAR,KARIMNAGAR,KARIMNAGAR URBAN,505001,RTA KARIMNAGAR,,Automobile dealer (brand unknown),Rest of Telangana,1
8793,VUTUKURI VENKATARAMANA REDDY,SIRICILLA,RAJANNA,SIRCILLA,505301,RTA RAJANNA,,Automobile dealer (brand unknown),Rest of Telangana,1
8795,RUDRA AUTOMOTIVES,KHAMMAM,KHAMMAM,KHAMMAM URBAN,507318,RTA KHAMMAM,,Automobile dealer (brand unknown),Rest of Telangana,1
8796,M/S VAISHNO MOTORS,SHANKERPALLY,RANGA REDDY,SHANKARPALLY,501203,RTA RANGAREDDY,,Automobile dealer (brand unknown),Hyderabad metro,1
8800,KUMAR ENGINEERING WORKS,NIRMAL,NIRMAL,NIRMAL,504106,RTA NIRMAL,,Body builder / fabricator,Rest of Telangana,1
8803,PPS MOTORS PRIVATE LIMITED,KUKATPALLY MEDCHAL DIST,MEDCHAL M-GIRI,KUKATPALLY,500072,RTA MEDCHAL,,Automobile dealer (brand unknown),Hyderabad metro,1
8806,SRI KRISHNA AUTOMOTIVES,NARAYANPET,NARAYANPET,MAKTHAL,509208,RTA NARAYANPET,,Automobile dealer (brand unknown),Rest of Telangana,1
8807,ANJANA MOTORS,NIZAMABAD,NIZAMABAD,Mugpal,503230,RTA NIZAMABAD,,Automobile dealer (brand unknown),Rest of Telangana,1
8808,LAXSUS INFRA PRIVATE LIMITED,BHONGIR,YADADRI,BIBINAGAR,508126,RTA YADADRI,,Automobile dealer (brand unknown),Rest of Telangana,1
8809,M/S VEDA AGRO AGENCIES,KOTHAGUDEM,BHADRADRI,CHUNCHUPALLI,507101,RTA BHADRADRI,,Tractor / farm equipment,Rest of Telangana,1
8810,OLA ELECTRIC TECHNOLOGIES PRIVATE L,HYDERABAD,HYDERABAD,Towli Chowki,500008,RTA-HYDERABAD-WZ,Ola,EV dealer,Hyderabad metro,1
8811,SRI NAVADURGA MOTORS,HYDERABAD,HYDERABAD,MEHDHIPATNAM,500028,RTA-HYDERABAD-WZ,,Automobile dealer (brand unknown),Hyderabad metro,1
8812,SRI RAMA MOTORS,NAGARKURNOOL,NAGARKURNOOL,ACHAMPETA,509375,RTA NAGARKURNOOL,,Automobile dealer (brand unknown),Rest of Telangana,1
8813,EVM PREMIUM CARS INDIA PVT LTD,HYDERABAD,HYDERABAD,BANJARAHILLS,500034,RTA-HYDERABAD-CZ,,Car / CV dealer,Hyderabad metro,1
8814,SRI LAKSHMI NARASIMHA E MOBILITY,HYDERABAD,RANGA REDDY,SERILINGAMPALLY,500084,RTA RANGAREDDY,,Automobile dealer (brand unknown),Hyderabad metro,1
8815,SUN HONDA NIVEDITHA MARKETING PVT L,RANGA REDDY,RANGA REDDY,KOTHUR,509228,RTA RANGAREDDY,Honda,Two-wheeler dealer,Hyderabad metro,1
8817,VINAYAKA AGRO TECH,NIZAMABAD,NIZAMABAD,BODHAN,503180,RTA NIZAMABAD,,Tractor / farm equipment,Rest of Telangana,1
8818,SREE VIGNESHWARA TRACTORS,NALGONDA,NALGONDA,NALGONDA,508001,RTA NALGONDA,,Tractor / farm equipment,Rest of Telangana,1
8821,M/S EXCLUSIVE MOTORS PVT LTD,JUBLEEHILLS HYDERABAD,HYDERABAD,JUBILEE HILLS,500333,RTA-HYDERABAD-CZ,,Automobile dealer (brand unknown),Hyderabad metro,1
8824,TVS PERSONAL MOBILITY SOLUTION PVT,SECUNDERABAD,HYDERABAD,RANIGUNJ,500003,RTA-HYDERABAD-NZ,TVS,Two-wheeler dealer,Hyderabad metro,1
8830,APNA E BIKES,PARGI,VIKARABAD,PARIGI,501501,RTA VIKARABAD,,EV dealer,Rest of Telangana,1
8831,A S AUTOTECH,HYDERABAD,HYDERABAD,SECUNDRABAD,500009,RTA-HYDERABAD-NZ,,Automobile dealer (brand unknown),Hyderabad metro,1
8832,MGB MOTORS AND AUTO AGENCIES PVT LT,HAYATHNAGAR,RANGA REDDY,HAYATHNAGAR,501505,RTA IBRAHIMPATNAM,,Automobile dealer (brand unknown),Hyderabad metro,1
8833,ZOYA ADMS E BIKES SHOWROOM,KAMAREDDY,KAMAREDDY,YELLAREDDY,503122,RTA KAMAREDDY,,EV dealer,Rest of Telangana,1
8834,JATHIN MOTORS,WARANGAL,WARANGAL,WARANGAL,506002,RTA WARANGAL,,Automobile dealer (brand unknown),Rest of Telangana,1
8835,M/S MARUTHI AGENCIES,THORRUR,MAHABUBABAD,THORRUR,506163,RTA MAHABUBABAD,Maruti Suzuki,Automobile dealer (brand unknown),Rest of Telangana,1
8836,MP ENTERPRISES,GOPALPUR,HANUMAKONDA,HANAMKONDA,506001,RTA HANUMAKONDA,,Automobile dealer (brand unknown),Rest of Telangana,1
8837,MAHANKALI E MOTORS,KAMALAPUR,HANUMAKONDA,KAMALAPUR,505102,RTA HANUMAKONDA,,Automobile dealer (brand unknown),Rest of Telangana,1
8838,M/S VPR AGRO TECH,NALGONDA,NALGONDA,NALGONDA,508001,RTA NALGONDA,,Tractor / farm equipment,Rest of Telangana,1
8839,VIVAAN MOTORS,NIZAMABAD,NIZAMABAD,NIZAMABAD,503001,RTA NIZAMABAD,,Automobile dealer (brand unknown),Rest of Telangana,1
8840,MSA MOTOCORP LLP,HYDERABAD,HYDERABAD,KHAIRATABAD,500004,RTA-HYDERABAD-CZ,,Automobile dealer (brand unknown),Hyderabad metro,1
8841,SRI ANJANEYA AUTOMOBILES,TANDUR VIKARABAD DISTRICT,VIKARABAD,THANDUR,501141,RTA VIKARABAD,,Automobile dealer (brand unknown),Rest of Telangana,1
8842,PADMAVATHI EV MOTORS,MADHIRA,KHAMMAM,MADHIRA,507203,RTA KHAMMAM,,EV dealer,Rest of Telangana,1
8843,ABRG E BIKES,TANDUR,VIKARABAD,THANDUR,501141,RTA VIKARABAD,,EV dealer,Rest of Telangana,1
8846,MUNNA UNITED MOTORS PRIVATE LIMITED,HYDERABAD,HYDERABAD,AMBERPET,500013,RTA-HYDERABAD-EZ,,Two-wheeler dealer,Hyderabad metro,1
8848,M/S SRI SAI KRISHNA ENTERPRISES,KAMAREDDY,KAMAREDDY,KAMAREDDY,503111,RTA KAMAREDDY,,Automobile dealer (brand unknown),Rest of Telangana,1
8849,JAI BHAVANI TRACTORS,BHONGIR,YADADRI,BHONGIRI,508116,RTA YADADRI,,Tractor / farm equipment,Rest of Telangana,1
8850,STAR AGIENCIES ADMS E BIKES SHOWROO,MAHABUBABAD,MAHABUBABAD,MARRIPEDA,506315,RTA MAHABUBABAD,,EV dealer,Rest of Telangana,1
8851,D R MOTORS,HYDERABAD,HYDERABAD,HIMAYAT NAGAR,500029,RTA-HYDERABAD-CZ,,Automobile dealer (brand unknown),Hyderabad metro,1
8852,HESTUR ENERGY PVT LTD,MADHAPUR,RANGA REDDY,SERILINGAMPALLY,500081,RTA RANGAREDDY,,Automobile dealer (brand unknown),Hyderabad metro,1
8853,RUKMALA ENTERPRISES LLP,HYDERABAD,HYDERABAD,KHAIRATABAD,500004,RTA-HYDERABAD-CZ,,Automobile dealer (brand unknown),Hyderabad metro,1
8854,SRI SRI TRACTORS & AGRO TRADERS,RR DIST,RANGA REDDY,AMANGAL,509321,RTA RANGAREDDY,,Tractor / farm equipment,Hyderabad metro,1
8855,PRAGATI COMMERCIALS,UPPAL,MEDCHAL M-GIRI,UPPAL,500039,RTA UPPAL,,Automobile dealer (brand unknown),Hyderabad metro,1
8856,SRI ANJANEYA ELECTRIC SHOWROOM,RAJANNA SIRCILLA,RAJANNA,SIRCILLA,505301,RTA RAJANNA,,EV dealer,Rest of Telangana,1
8857,M/S NARMADA FARMERS WORLD,ZEHEERABAD,SANGAREDDY,ZAHEERABAD,500001,RTA SANGAREDDY,,Tractor / farm equipment,Hyderabad metro,1
8858,BHAVISHYA AGENCIES,KHAMMAM,KHAMMAM,MADHIRA,507203,RTA KHAMMAM,,Automobile dealer (brand unknown),Rest of Telangana,1
8859,CROWNE ELECTRIC VEHICLES TRADING,HYDERABAD,HYDERABAD,ASIFNAGAR,500028,RTA-HYDERABAD-WZ,,EV dealer,Hyderabad metro,1
8860,SV ELECTRIC MOTORS,NIZAMABAD,NIZAMABAD,BHEEMGAL,503307,RTA NIZAMABAD,,EV dealer,Rest of Telangana,1
8862,MITHRA AUTOLINES INDIA LLP,MAHABUBABAD,MAHABUBABAD,MAHABOOBABAD,506101,RTA MAHABUBABAD,Suzuki 2W,Two-wheeler dealer,Rest of Telangana,1
8863,MOON RISE MOTORS,NIZAMABAD,NIZAMABAD,NIZAMABAD,503001,RTA NIZAMABAD,,Automobile dealer (brand unknown),Rest of Telangana,1
8864,CSR EV RETAIL,NARAYANEPT,NARAYANPET,NARAYANPET,509210,RTA NARAYANPET,,EV dealer,Rest of Telangana,1
8865,M/S SHIVA SAI AUTOMOTIVES,ANUMULA,NALGONDA,ANUMULA,508377,RTA NALGONDA,,Two-wheeler dealer,Rest of Telangana,1
8867,SRI RAM HARSHA LLP,HYDERABAD,RANGA REDDY,HAYATHNAGAR,501505,RTA IBRAHIMPATNAM,,Automobile dealer (brand unknown),Hyderabad metro,1
8868,SRI RAGHAVA AGRO ENGINEERING WORKS,PEDDPALLI,PEDDAPALLI,MANTHANI,505184,RTA PEDDAPALLI,,Body builder / fabricator,Rest of Telangana,1
8869,SAI BALAJI ENGINEERING WORKS,MEDAK,MEDAK,NARSAPUR,502313,RTA PEDDAPALLI,,Body builder / fabricator,Rest of Telangana,1
8870,SRI VARUN ENGINEERING WORKS,MEDAK,MEDAK,YELDURTHY,502313,RTA MEDAK,,Body builder / fabricator,Rest of Telangana,1
8871,J.S.R.ENGINEERING WORKS,MEDAK,MEDAK,PAPANNAPET,502313,RTA MEDAK,,Body builder / fabricator,Rest of Telangana,1
8872,G.P.R.MOTORS,MAHABUBNAGAR,MAHABOOBNAGAR,BHOOTHPUR,509382,RTA MAHABOOBNAGAR,Eicher,Car / CV dealer,Rest of Telangana,1
8875,M/S KHUSHI TRUCKS,NIZAMABAD,NIZAMABAD,NIZAMABAD,503230,RTA NIZAMABAD,,Automobile dealer (brand unknown),Rest of Telangana,1
8876,VENKATESHWARA AUTO MOTORS,KARIMNAGAR,KARIMNAGAR,KARIMNAGAR URBAN,505001,RTA KARIMNAGAR,,Automobile dealer (brand unknown),Rest of Telangana,1
8878,VENNELA ELECTRIC MOTORS PVT LTD,JAGTIAL,JAGITYAL,JAGTIAL,505327,RTA JAGITYAL,Ather,EV dealer,Rest of Telangana,1
8879,SRIVEN ELECTRICT MOTORS,KODAD,SURYAPET,KODAD,508206,RTA SURYAPET,,EV dealer,Rest of Telangana,1
8880,PNS EV HUB,HYD,MEDCHAL M-GIRI,UPPAL,500039,RTA UPPAL,,EV dealer,Hyderabad metro,1
8881,ENVIROSMART ENTERPRISES PRIVATE LIM,RANGAREDDY,RANGA REDDY,SAROORNAGAR,500070,RTA IBRAHIMPATNAM,,Automobile dealer (brand unknown),Hyderabad metro,1
8882,SAI LAKSHMI TRACTORS,SIDDIPET,SIDDIPET,SIDDIPET,502103,RTA SIDDIPET,,Tractor / farm equipment,Rest of Telangana,3
8883,SAI LAKSHMI TRACTORS,SIDDIPET,SIDDIPET,SIDDIPET,502103,RTA SIDDIPET,,Tractor / farm equipment,Rest of Telangana,3
8884,SAI LAKSHMI TRACTORS,SIDDIPET,SIDDIPET,SIDDIPET,502103,RTA SIDDIPET,,Tractor / farm equipment,Rest of Telangana,3
8885,SRI KRISHNA AUTOMOTIVES,RANGAREDDY,RANGA REDDY,MAHESWARAM,501359,RTA IBRAHIMPATNAM,,Automobile dealer (brand unknown),Hyderabad metro,1
8886,MAHIKA SHRI ENTERPRISES,HANAMKONDA,HANUMAKONDA,HANAMKONDA,506001,RTA HANUMAKONDA,,Automobile dealer (brand unknown),Rest of Telangana,1
8887,SARAVANA AGRI SOLUSTION,WARANGAL,WARANGAL,WARANGAL,506002,RTA WARANGAL,,Automobile dealer (brand unknown),Rest of Telangana,1
8888,MAXMATIK LABS PVT LTD,HYDERABAD,HYDERABAD,BEGUMPET,500016,RTA-HYDERABAD-CZ,,Automobile dealer (brand unknown),Hyderabad metro,1
8889,SRI CHAKRA ENTERPRISES,KARIMNAGAR ROAD PEDDAPALLI,PEDDAPALLI,PEDDAPALLY,505172,RTA PEDDAPALLI,,Automobile dealer (brand unknown),Rest of Telangana,1
8890,BHANU EV MOTORS,HYDERABAD,RANGA REDDY,HAYATHNAGAR,500070,RTA IBRAHIMPATNAM,,EV dealer,Hyderabad metro,1
8891,RAMA-ELECTRIC MOBILITY LLP,SECUNDERABAD,HYDERABAD,RANIGUNJ,500003,RTA-HYDERABAD-NZ,,EV dealer,Hyderabad metro,1
8892,MVR AGRI TECH,KODAD,SURYAPET,KODAD,508206,RTA SURYAPET,,Automobile dealer (brand unknown),Rest of Telangana,1
8893,M/S REVXPERIENCE MOTO,MEDCHAL DIST,MEDCHAL M-GIRI,MEDCHAL,500100,RTA MEDCHAL,,Automobile dealer (brand unknown),Hyderabad metro,1
8894,TREND ELECTRIC TRACTOR CO.,MAHABUBNAGAR,MAHABOOBNAGAR,MAHBUBNAGAR,509001,RTA MAHABOOBNAGAR,,Tractor / farm equipment,Rest of Telangana,1
8895,SRI SRINIVASA MOTORS,RANGA REDDY,RANGA REDDY,SERILINGAMPALLY,500084,RTA RANGAREDDY,,Automobile dealer (brand unknown),Hyderabad metro,1
8896,SSMG AUTOMOBILES,PARGI,VIKARABAD,PARIGI,501501,RTA VIKARABAD,Eicher,Car / CV dealer,Rest of Telangana,1
8897,M/S SRI VIGNESHWAR ENGINEERING WORKS,NAGARKURNOOL,NAGARKURNOOL,KALWAKURTHY,509324,RTA NAGARKURNOOL,,Body builder / fabricator,Rest of Telangana,1
8898,JAI HANUMAAN TRACTORS,NALGONDA,NALGONDA,Konda Mallepally,508243,RTA NALGONDA,,Tractor / farm equipment,Rest of Telangana,1
8899,GARUDA VEHICLES LLP,HYDERABAD,HYDERABAD,HIMAYAT NAGAR,500029,RTA-HYDERABAD-CZ,,Automobile dealer (brand unknown),Hyderabad metro,1
8900,SRI SAPTAGIRI TRADERS NEW HOLLAND,WANAPARTHY,WANAPARTHY,PEBBAIR,509104,RTA WANAPARTHY,,Automobile dealer (brand unknown),Rest of Telangana,1
8901,TREND AUTOTECH CO.,MAHABUBNAGAR,MAHABOOBNAGAR,MAHBUBNAGAR,509001,RTA MAHABOOBNAGAR,,EV dealer,Rest of Telangana,1
8902,K V MOTORS,SANGAREDDY,SANGAREDDY,SANGA REDDY,502001,RTA SANGAREDDY,,Automobile dealer (brand unknown),Hyderabad metro,1
8903,M/S SRI LAKSHMI AUTOMOTIVES,BHUPALPALLY,JAYASHANKAR,KATARAM,505503,RTA JAYASHANKAR,,Automobile dealer (brand unknown),Rest of Telangana,1
8904,KSP ELECTRIC FRONTIER,"SECUNDERABAD, HYDERABAD",HYDERABAD,CONTONMENT AREA,500009,RTA-HYDERABAD-NZ,,EV dealer,Hyderabad metro,1
8905,SRI VENKATESHWARA TRACTORS,MAHABUBABAD,MAHABUBABAD,THORRUR,506163,RTA MAHABUBABAD,,Tractor / farm equipment,Rest of Telangana,1
8906,VAARAHI MOTORS,KANDI SANGAREDDY,SANGAREDDY,KANDI,502285,RTA SANGAREDDY,,Automobile dealer (brand unknown),Hyderabad metro,1
8907,RADHA EV HUB,SAIDABAD,HYDERABAD,SAIDABAD,500059,RTA-HYDERABAD-EZ,,EV dealer,Hyderabad metro,1
8908,VS ENGINEERING WORKS,VIKARABAD,VIKARABAD,PARIGI,501101,RTA VIKARABAD,,Body builder / fabricator,Rest of Telangana,1
8909,HARIOM AUTOMOBILES,SANGAREDDY,SANGAREDDY,SANGA REDDY,502001,RTA SANGAREDDY,,Automobile dealer (brand unknown),Hyderabad metro,1
8912,SREE SHIVA BALAJEE AUTOMOTIVES PVT,RANGAREDDY,RANGA REDDY,RAJENDRANAGAR,500077,RTA RANGAREDDY,,Automobile dealer (brand unknown),Hyderabad metro,1
8913,DEVASHREE PEV ELECTRIC VEHICLES,ERRAGATTUGUTTA,HANUMAKONDA,HANAMKONDA,506015,RTA HANUMAKONDA,,EV dealer,Rest of Telangana,1
8914,SRI VAJRA MOTORS,HYDERABAD,RANGA REDDY,SAROORNAGAR,500079,RTA IBRAHIMPATNAM,,Automobile dealer (brand unknown),Hyderabad metro,1
8915,KEYROCK MINING SOLUTIONS,SANGAREDDY,SANGAREDDY,RAMACHANDHRAPURAM,502325,RTA SANGAREDDY,,Automobile dealer (brand unknown),Hyderabad metro,1
8916,FORTUNE TOYOTA,SIDDIPET,SIDDIPET,SIDDIPET,502277,RTA SIDDIPET,Toyota,Car / CV dealer,Rest of Telangana,1
8917,SRI SRINIVASA MOTORS,HYDERABAD,HYDERABAD,SECUNDRABAD,500009,RTA-HYDERABAD-NZ,,Automobile dealer (brand unknown),Hyderabad metro,1
8918,SRI VENKATA SAI TRACTORS,BHADRACHALAM,BHADRADRI,BHADRACHALAM,507111,RTA BHADRADRI,,Tractor / farm equipment,Rest of Telangana,1
8919,PAVAN PUTRA AGRO AGENCIES,MAHABUBABAD,MAHABUBABAD,MAHABOOBABAD,506101,RTA MAHABUBABAD,,Tractor / farm equipment,Rest of Telangana,1
8920,SRI SAI RAM AGENCIES,HUZURABAD,KARIMNAGAR,HUZURABAD,505468,RTA KARIMNAGAR,,Automobile dealer (brand unknown),Rest of Telangana,1
8921,AJR AUTOMOTIVES,KARIMNAGAR,KARIMNAGAR,KARIMNAGAR URBAN,505001,RTA KARIMNAGAR,,Automobile dealer (brand unknown),Rest of Telangana,1
8922,NEW PRASAD MOTORS,HYDERABAD,RANGA REDDY,SERILINGAMPALLY,500032,RTA RANGAREDDY,,Automobile dealer (brand unknown),Hyderabad metro,1
8923,DEVAYANI AGRITECH,NARAYANPET,NARAYANPET,NARAYANPET,509210,RTA NARAYANPET,,Automobile dealer (brand unknown),Rest of Telangana,1
8924,YUVIKHA AUTOMOBILES LLP,SIDDIPET,SIDDIPET,SIDDIPET,502103,RTA SIDDIPET,,Automobile dealer (brand unknown),Rest of Telangana,1
8925,PRAGATI MOTO,UPPAL,MEDCHAL M-GIRI,UPPAL,500039,RTA UPPAL,,Automobile dealer (brand unknown),Hyderabad metro,1
8926,MODY AUTONATION PRIVATE LIMITED,KANDI MANDAL,SANGAREDDY,KANDI,502285,RTA SANGAREDDY,,Automobile dealer (brand unknown),Hyderabad metro,1
8927,M/S KARSHAK AUTO MOTIVES,NALGONDA,NALGONDA,Konda Mallepally,508243,RTA NALGONDA,,Automobile dealer (brand unknown),Rest of Telangana,1
8928,CHETHANDEEP MOTORS,NALGONDA,NALGONDA,MIRYALGUDA,508207,RTA NALGONDA,,Automobile dealer (brand unknown),Rest of Telangana,1
8929,VAJRA PRIME MOTOCORP LLP,MEDCHAL,MEDCHAL M-GIRI,QUTHUBULLAPUR,500055,RTA MEDCHAL,,Two-wheeler dealer,Hyderabad metro,1
8930,M/S SRI RAJA RAJESHWARA ENTERPRISES,KARIMNAGAR,KARIMNAGAR,KARIMNAGAR URBAN,505001,RTA KARIMNAGAR,,Automobile dealer (brand unknown),Rest of Telangana,1
8931,VVC AUTOWORLD,HYDERABAD,HYDERABAD,JUBILEE HILLS,500033,RTA-HYDERABAD-CZ,,Automobile dealer (brand unknown),Hyderabad metro,1
8932,KS TRACTORS AND IMPLEMENTS,JANGAON,JANGOAN,JANGAON,506167,RTA JANGOAN,,Tractor / farm equipment,Rest of Telangana,1
8933,V S TRACTORS,HANAMKONDA,HANUMAKONDA,HANAMKONDA,506006,RTA HANUMAKONDA,,Tractor / farm equipment,Rest of Telangana,1
8934,SHIVA SAI AGRI TECH,WANAPARTHY,WANAPARTHY,WANAPARTHY,509103,RTA WANAPARTHY,,Automobile dealer (brand unknown),Rest of Telangana,1
8935,HARSHA CARS PRIVATE LIMITED,HYDERABAD,RANGA REDDY,HAYATHNAGAR,501505,RTA IBRAHIMPATNAM,,Car / CV dealer,Hyderabad metro,1
8936,HAMSIKA AUTOMOBILES,HYDERABAD,RANGA REDDY,SHAMSHABAD,501218,RTA RANGAREDDY,,Automobile dealer (brand unknown),Hyderabad metro,1
8937,JSR GREEN MOTORS,KODAD,SURYAPET,KODAD,508206,RTA SURYAPET,,Automobile dealer (brand unknown),Rest of Telangana,1
8938,NEON EV MOTORS,HYDERABAD,MEDCHAL M-GIRI,UPPAL,500102,RTA UPPAL,,EV dealer,Hyderabad metro,1
8939,REGEN EV MOTORS,HYDERABAD,MEDCHAL M-GIRI,UPPAL,500102,RTA UPPAL,,EV dealer,Hyderabad metro,1
8940,SIDDHI EV MOTORS,HYDERABAD,MEDCHAL M-GIRI,UPPAL,500102,RTA UPPAL,,EV dealer,Hyderabad metro,1
8941,M/S SSK MOTORS,MAIN ROAD,SURYAPET,KODAD,508206,RTA SURYAPET,,Automobile dealer (brand unknown),Rest of Telangana,1
8942,RADAR MOTORS,HYDERABAD,MEDCHAL M-GIRI,UPPAL,500039,RTA UPPAL,,Automobile dealer (brand unknown),Hyderabad metro,1
8943,SRI SAI INFRA EQUIPMENT PVT LTD,HYDERABAD,RANGA REDDY,Gandipet,500075,RTA RANGAREDDY,,Automobile dealer (brand unknown),Hyderabad metro,1
8944,VYSHNAVI MOTORS,IEEJA,JOGULAMBA,IEEJA,509127,RTA JOGULAMBA,,Automobile dealer (brand unknown),Rest of Telangana,1
8945,SRK AUTOMOTIVES,SANGAREDDY,SANGAREDDY,RAMACHANDHRAPURAM,500203,RTA SANGAREDDY,,Automobile dealer (brand unknown),Hyderabad metro,1
8946,M/S RAMANA ENGINEERING WORKS,PARKAL,HANUMAKONDA,PARKAL,506164,RTA HANUMAKONDA,,Body builder / fabricator,Rest of Telangana,1
8947,RADHA AUTOMOTIVES LLP,KOTHAGUDEM,BHADRADRI,KOTHAGUDEM,507101,RTA BHADRADRI,,Automobile dealer (brand unknown),Rest of Telangana,1
8948,M/S DAYANI CITIZEN,HYDERABAD,HYDERABAD,BAHADURPURA,500063,RTA-HYDERABAD-SZ,,Automobile dealer (brand unknown),Hyderabad metro,1
8949,SHIVA SHAKTI ELECTRICAL SCOOTY SHOW,MAHABUBNAGAR,MAHABOOBNAGAR,Mahabubnagar(R),509001,RTA MAHABOOBNAGAR,,EV dealer,Rest of Telangana,1
8950,JAIPALI HANUMAN MOTORS AND ENTERPRI,DEVARUPPULA,JANGOAN,DEVARUPPULA,506302,RTA JANGOAN,,Automobile dealer (brand unknown),Rest of Telangana,1
8951,SHABEER ENGINEERING WORKS,SURYAPET,SURYAPET,SURYAPET,508206,RTA SURYAPET,,Body builder / fabricator,Rest of Telangana,1
8952,ARSHAD ENGINEERING WORKS SURYAPET,KODAD,SURYAPET,KODAD,508206,RTA SURYAPET,,Body builder / fabricator,Rest of Telangana,1
8953,MALIK AUTOZONE PVT LTD,HYD,MEDCHAL M-GIRI,KUKATPALLY,500072,RTA MEDCHAL,,Automobile dealer (brand unknown),Hyderabad metro,1
8954,ARYA E BIKES & ENERGY SOLUTIONS,HYDERABAD,MEDCHAL M-GIRI,QUTHUBULLAPUR,500055,RTA MEDCHAL,,EV dealer,Hyderabad metro,1
8955,SRI VINAYAKA AUTOMOBILES PVT LTD,VIKARABAD,VIKARABAD,VIKARABAD,501101,RTA VIKARABAD,Bajaj,Two-wheeler dealer,Rest of Telangana,1
8956,EE2GO ENVIRO PRIVATE LIMITD,HYDERABAD,MEDCHAL M-GIRI,MEDIPALLY,500039,RTA UPPAL,,EV dealer,Hyderabad metro,1
8957,S S AUTOTECH,TARBUND X ROAD SECUNDERABAD,HYDERABAD,SECUNDRABAD,500009,RTA-HYDERABAD-NZ,,Automobile dealer (brand unknown),Hyderabad metro,1
8958,ANKUR MOTORS,SECUNDERABAD,HYDERABAD,SECUNDRABAD,500009,RTA-HYDERABAD-NZ,,Automobile dealer (brand unknown),Hyderabad metro,1
8959,SRI RAMA AGRO INDUSTRIES,WANAPARTHY,WANAPARTHY,PEBBAIR,509104,RTA WANAPARTHY,,Body builder / fabricator,Rest of Telangana,1
8960,M/S SRI VENKATESHWARA SWAMY MOTORS,HYDERABAD,HYDERABAD,MALAKPET,500036,RTA-HYDERABAD-EZ,,Automobile dealer (brand unknown),Hyderabad metro,1
8961,SRI RUDRA AUTOMOBILES,JAGTIAL,JAGITYAL,JAGTIAL,505455,RTA JAGITYAL,,Automobile dealer (brand unknown),Rest of Telangana,1
8962,AUTOMOTIVE MANUFACTURERS PRIVATE LI,HYDERABAD,HYDERABAD,KHAIRATABAD,500045,RTA-HYDERABAD-CZ,,Automobile dealer (brand unknown),Hyderabad metro,1
8963,SBT MARKETING PVT LTD,HYDERABAD,HYDERABAD,CHIKKADPALLI,500010,RTA-HYDERABAD-CZ,,Automobile dealer (brand unknown),Hyderabad metro,1
8964,M/S RPS ECO ENTERPRISES,HANAMKONDA,HANUMAKONDA,HANAMKONDA,506319,RTA HANUMAKONDA,,Automobile dealer (brand unknown),Rest of Telangana,1
8965,MITHRA EARTH MOVERS,HYDERABAD,HYDERABAD,KHAIRATABAD,500027,RTA-HYDERABAD-CZ,,Automobile dealer (brand unknown),Hyderabad metro,1
8966,OM SRI SAI ENT TRACTOR & HARVESTERS,NIZAMABAD,NIZAMABAD,BODHAN,503185,RTA NIZAMABAD,,Tractor / farm equipment,Rest of Telangana,1
8967,VIJAYA KANAKA DURGA MOTORS,RANGAREDDY,RANGA REDDY,IBRAHIMPATAM,501506,RTA IBRAHIMPATNAM,,Automobile dealer (brand unknown),Hyderabad metro,1
8968,MANIKANTA ENGINEERING AND TRAILER WORKS,VIKARABAD,VIKARABAD,KODANGAL,501144,RTA VIKARABAD,,Body builder / fabricator,Rest of Telangana,1
8969,JAYALAKSHMI MOTORS INDIA PVT LTD,HYDERABAD,HYDERABAD,BANJARAHILLS,500034,RTA-HYDERABAD-CZ,,Automobile dealer (brand unknown),Hyderabad metro,1
8970,VINAYAKA AUTO MOBILE,NIZAMABAD,NIZAMABAD,ARMOOR,503244,RTA NIZAMABAD,,Automobile dealer (brand unknown),Rest of Telangana,1
8971,SAI HARVESTERS,KARIMNAGAR,KARIMNAGAR,KARIMNAGAR URBAN,505001,RTA KARIMNAGAR,,Tractor / farm equipment,Rest of Telangana,1
8972,AARUSH AUTOMOTIVES PVT LTD,HANAMKONDA,HANUMAKONDA,HANAMKONDA,506003,RTA HANUMAKONDA,Ather,Automobile dealer (brand unknown),Rest of Telangana,1
8973,RR EV MOTORS,NIZAMABAD,NIZAMABAD,NIZAMABAD,503230,RTA NIZAMABAD,,EV dealer,Rest of Telangana,1
8974,M/S VENKATESWARA AUTOMOBILES,HYDERABAD,MEDCHAL M-GIRI,KAPRA,500062,RTA UPPAL,,Automobile dealer (brand unknown),Hyderabad metro,1
8975,BHAVANI ENGINEERING WORKS,NALGONDA,NALGONDA,MIRYALGUDA,508207,RTA NALGONDA,,Body builder / fabricator,Rest of Telangana,1
8976,SRI VIGNESHAWAR FARMTOOLS,NAGARKURNOOL,NAGARKURNOOL,KALWAKURTHY,509320,RTA NAGARKURNOOL,,Tractor / farm equipment,Rest of Telangana,1
8977,M/S SANVI AGRO,ADILABAD,ADILABAD,ADILABAD,504001,RTA ADILABAD,,Tractor / farm equipment,Rest of Telangana,1
8978,MOTOVOLT MOBILITY PRIVATE LIMITED,HYDERABAD,MEDCHAL M-GIRI,KUKATPALLY,500072,RTA MEDCHAL,,Automobile dealer (brand unknown),Hyderabad metro,1
8979,SRI SR MOTORS,THORRUR,MAHABUBABAD,THORRUR,506163,RTA MAHABUBABAD,,Automobile dealer (brand unknown),Rest of Telangana,1
8980,ADARSHA MOTORS PRIVATE LIMITED,HYDERABAD,MEDCHAL M-GIRI,MALKAJGIRI,500047,RTA UPPAL,,Automobile dealer (brand unknown),Hyderabad metro,1
8981,MGB MOTOR AND AUTO AGENCIES PVT LTD,HYDERABAD,MEDCHAL M-GIRI,QUTHUBULLAPUR,500043,RTA MEDCHAL,,Automobile dealer (brand unknown),Hyderabad metro,1
8982,HYDERABAD AUTOMOTIVE,HYDERABAD,RANGA REDDY,Balapur,500079,RTA IBRAHIMPATNAM,,Automobile dealer (brand unknown),Hyderabad metro,1
8983,NANESH AUTOMOTIVES PVT LTD,HYDERBAD,RANGA REDDY,SERILINGAMPALLY,500008,RTA RANGAREDDY,,Automobile dealer (brand unknown),Hyderabad metro,1
8984,ARTEMIS ENGINEERS,MEDCHAL,MEDCHAL M-GIRI,QUTHUBULLAPUR,500043,RTA MEDCHAL,,Automobile dealer (brand unknown),Hyderabad metro,1
8985,MG AUTOMOBILES AND ENGINEERING COMP,WANAPARTHY,WANAPARTHY,WANAPARTHY,509103,RTA WANAPARTHY,MG Motor,Body builder / fabricator,Rest of Telangana,1
8987,HARSHA CARS PRIVATE LIMITED,MEDCHAL,MEDCHAL M-GIRI,MEDCHAL,501401,RTA MEDCHAL,,Car / CV dealer,Hyderabad metro,1
8988,TREND HARVESTER CO,MAHABUBNAGAR,MAHABOOBNAGAR,JADCHERLA,509301,RTA MAHABOOBNAGAR,,Tractor / farm equipment,Rest of Telangana,1
8989,TREND AUTO SERVICES,JADCHERLA,MAHABOOBNAGAR,JADCHERLA,509301,RTA MAHABOOBNAGAR,,Automobile dealer (brand unknown),Rest of Telangana,1
8990,JHABAKH AUTO PVT LTD,HYDERABAD,MEDCHAL M-GIRI,KUKATPALLY,500072,RTA MEDCHAL,,Automobile dealer (brand unknown),Hyderabad metro,1
8991,SLN AUTO CORP LLP,MAHABUBNAGAR,MAHABOOBNAGAR,MAHBUBNAGAR,509001,RTA MAHABOOBNAGAR,,Two-wheeler dealer,Rest of Telangana,1
8992,M/S MEHER SAI MOTORS,ZAHEERABAD,SANGAREDDY,ZAHEERABAD,502220,RTA SANGAREDDY,,Automobile dealer (brand unknown),Hyderabad metro,1
8994,V4 AGRI SOLUTIONS,NALGONDA,NALGONDA,MIRYALGUDA,508207,RTA NALGONDA,,Automobile dealer (brand unknown),Rest of Telangana,1
8995,GREEN TORQUE EV,SECUNDERABAD,HYDERABAD,CONTONMENT AREA,500009,RTA-HYDERABAD-NZ,,EV dealer,Hyderabad metro,1
8996,M/S VENKATESHWARA ENTERPRISES,MAHABUBABAD,MAHABUBABAD,MAHABOOBABAD,506101,RTA MAHABUBABAD,,Automobile dealer (brand unknown),Rest of Telangana,1
8997,SRI SAI BALAJI HARVESTERS,MEDAK,MEDAK,MEDAK,502110,RTA MEDAK,,Tractor / farm equipment,Rest of Telangana,1
8998,TIRUMALA AUTOMOTIVES,MEDCHAL,MEDCHAL M-GIRI,QUTHUBULLAPUR,500055,RTA MEDCHAL,,Automobile dealer (brand unknown),Hyderabad metro,1
8999,SUNRISE MOTOHIVE LLP,RANGA REDDY,RANGA REDDY,SAROORNAGAR,500068,RTA IBRAHIMPATNAM,,Automobile dealer (brand unknown),Hyderabad metro,1
9000,SRI TAVAS AUTOMOTIVES,MAHABUBNAGAR,MAHABOOBNAGAR,MAHBUBNAGAR,509001,RTA MAHABOOBNAGAR,,Automobile dealer (brand unknown),Rest of Telangana,1
9001,M/S SRI SAI RUDHRA MOTORS,SURYAPET,SURYAPET,NEREDUCHERLA,508218,RTA SURYAPET,,Automobile dealer (brand unknown),Rest of Telangana,1
9002,GRAVITAS INFRA EQUIPMENT PVT LTD,KARIMNAGAR,KARIMNAGAR,KARIMNAGAR URBAN,505001,RTA KARIMNAGAR,,Automobile dealer (brand unknown),Rest of Telangana,1
9004,PRAVESH MOTORS,HYDERABAD,HYDERABAD,ERRAGADDA,500027,RTA-HYDERABAD-CZ,,Automobile dealer (brand unknown),Hyderabad metro,1
9005,MAHESHWARA EV MOTORS,HANAMKONDA,HANUMAKONDA,HANAMKONDA,506001,RTA HANUMAKONDA,,EV dealer,Rest of Telangana,1
9006,SVR MOTORS,HYDERABAD,RANGA REDDY,SERILINGAMPALLY,500084,RTA RANGAREDDY,,Automobile dealer (brand unknown),Hyderabad metro,1
9007,GLOBAL AGRITECH,NARAYANPET,NARAYANPET,NARAYANPET,509210,RTA NARAYANPET,,Automobile dealer (brand unknown),Rest of Telangana,1
9008,AS ENTERPRISES,RAMAGIRI ROAD,NALGONDA,NALGONDA,508001,RTA NALGONDA,,Automobile dealer (brand unknown),Rest of Telangana,1
9009,BARATH AGRO INDUSTRIES,NALGONDA,NALGONDA,NALGONDA,508001,RTA NALGONDA,,Body builder / fabricator,Rest of Telangana,1
9010,SRINIVASA AUTOMOBILES,MANUGURU,BHADRADRI,MANUGURU,507117,RTA BHADRADRI,TVS,Two-wheeler dealer,Rest of Telangana,1
9011,SRI RAAM AUTOTECH,NIRMAL,NIRMAL,NIRMAL,504106,RTA NIRMAL,,Two-wheeler dealer,Rest of Telangana,1
9012,HEADWAY AUTOMOBILES PRIVATE LIMITED,HYDERABAD,HYDERABAD,HIMAYAT NAGAR,500029,RTA-HYDERABAD-CZ,,Automobile dealer (brand unknown),Hyderabad metro,1
9013,CARJOZ MOBILITY LLP,RANGAREDDY,RANGA REDDY,RAJENDRANAGAR,50005,RTA RANGAREDDY,,Automobile dealer (brand unknown),Hyderabad metro,1
9014,VVC EXCLUSIVE LLP,HYDERABAD,HYDERABAD,JUBILEE HILLS,500033,RTA-HYDERABAD-CZ,,Automobile dealer (brand unknown),Hyderabad metro,1
9016,VENKAT ENTERPRISES PRIVATE LIMITED,KARIMNAGAR,KARIMNAGAR,KARIMNAGAR URBAN,505001,RTA KARIMNAGAR,,Automobile dealer (brand unknown),Rest of Telangana,1
9017,M/S SRI VENGAMAMBA TRACTORS,ADILABAD,ADILABAD,ADILABAD,504001,RTA ADILABAD,,Tractor / farm equipment,Rest of Telangana,1
9018,RK MOTOCLUT,BANJARAHILLS HYD,HYDERABAD,BANJARAHILLS,500038,RTA-HYDERABAD-CZ,,Automobile dealer (brand unknown),Hyderabad metro,1
9019,M/S ARYA DYNAMICS INDIA PRIVATE LIM,BHUPALPALLY,JAYASHANKAR,BHOOPALPALLY,506169,RTA JAYASHANKAR,,Automobile dealer (brand unknown),Rest of Telangana,1
9020,VENKATA SHIVA ANJANEYA HARVESTORS,KARIMANGAR,KARIMNAGAR,KARIMNAGAR URBAN,505001,RTA KARIMNAGAR,,Tractor / farm equipment,Rest of Telangana,1
9021,RAMAGIRI E BIKES,WARANGAL,WARANGAL,WARANGAL,506002,RTA WARANGAL,,EV dealer,Rest of Telangana,1
9022,MV AUTOMOBILES.,SECUNDERABAD,HYDERABAD,CONTONMENT AREA,500009,RTA-HYDERABAD-NZ,,Automobile dealer (brand unknown),Hyderabad metro,1
9023,AMR AUTOMOBILES,SANGAREDDY,SANGAREDDY,SANGA REDDY,502285,RTA SANGAREDDY,,Automobile dealer (brand unknown),Hyderabad metro,1
9024,KRISHNA AUTOMOTIVE,RANGA REDDY,RANGA REDDY,SERILINGAMPALLY,500032,RTA RANGAREDDY,,Automobile dealer (brand unknown),Hyderabad metro,1
9025,UBN AUTOMOTIVES,KHAMMAM,KHAMMAM,KHAMMAM URBAN,507001,RTA KHAMMAM,,Automobile dealer (brand unknown),Rest of Telangana,1
9026,M/S RAMANA ENGINEERING WORKS,HANAMKONDA,HANUMAKONDA,PARKAL,506164,RTA HANUMAKONDA,,Body builder / fabricator,Rest of Telangana,1
9027,HARSHA CARS PVT LTD,NALGONDA,NALGONDA,NARKATPALLY,508002,RTA NALGONDA,,Car / CV dealer,Rest of Telangana,1
9028,M/S ARVEN MOTORS PRIVATE LIMITED,MEDCHAL,MEDCHAL M-GIRI,ALWAL (MALKAJGIRI),500011,RTA MEDCHAL,,Automobile dealer (brand unknown),Hyderabad metro,1
9029,M/S. HANVIKA ENGINEERING WORKS,KHAMMAM,KHAMMAM,WYRA,507001,RTA KHAMMAM,,Body builder / fabricator,Rest of Telangana,1
9030,M/S SRI HANUMAN AGENCIES,NALGONDA,NALGONDA,NALGONDA,508001,RTA NALGONDA,,Automobile dealer (brand unknown),Rest of Telangana,1
9031,M/S OLECTRA GREENTECH LIMITED,SHABAD,RANGA REDDY,SHABAD,509217,RTA RANGAREDDY,,Automobile dealer (brand unknown),Hyderabad metro,1
9032,POPULAR VEHICLES AND SERVICES LTD,MALAKPET,HYDERABAD,MALAKPET,500036,RTA-HYDERABAD-EZ,,Automobile dealer (brand unknown),Hyderabad metro,1
9033,ARJUN MOTORS PRIVATE LIMITED,MAHABUBNAGAR,MAHABOOBNAGAR,MAHBUBNAGAR,509001,RTA MAHABOOBNAGAR,,Automobile dealer (brand unknown),Rest of Telangana,1
9034,KAKATIYA ENTERPRISES,WARANGAL,WARANGAL,WARANGAL,506002,RTA WARANGAL,,Automobile dealer (brand unknown),Rest of Telangana,1
9036,MANVITHA AUTO LLP,HYDERABAD,HYDERABAD,BARKATPURA,500027,RTA-HYDERABAD-CZ,,Automobile dealer (brand unknown),Hyderabad metro,1
9037,SRI VAHINI MOTORS,PRAGATHINAGAR KUKUTPALLY,MEDCHAL M-GIRI,MEDCHAL,500090,RTA MEDCHAL,,Automobile dealer (brand unknown),Hyderabad metro,1
9038,SUNRISE MOTOHIVE LLP,SANGAREDDY DISTRICT,SANGAREDDY,RAMACHANDHRAPURAM,502032,RTA SANGAREDDY,,Automobile dealer (brand unknown),Hyderabad metro,1
9039,ROHIT MOTORS,SIDDIPET,SIDDIPET,SIDDIPET,502103,RTA SIDDIPET,,Automobile dealer (brand unknown),Rest of Telangana,1
9040,SRI BALAJI AGENCIES,ARMOOR,NIZAMABAD,ARMOOR,503224,RTA NIZAMABAD,,Automobile dealer (brand unknown),Rest of Telangana,1
9041,THIRUPATHI AGENCIES,MALLIAL,JAGITYAL,MALLIAL,505452,RTA JAGITYAL,,Automobile dealer (brand unknown),Rest of Telangana,1
9042,CROWNR EV MOBILITY,HYDERABAD,HYDERABAD,KARWAN,500048,RTA-HYDERABAD-WZ,,EV dealer,Hyderabad metro,1
9043,SREE KRISHNA AUTOMOTIVES HYD PVT LT,HYDERABAD,RANGA REDDY,SERILINGAMPALLY,500032,RTA RANGAREDDY,,Automobile dealer (brand unknown),Hyderabad metro,1
9044,GREAVES ELECTRIC MOBILITY LTD,SANGAREDDY DISTRICT,SANGAREDDY,PATANCHERU,502032,RTA SANGAREDDY,,EV dealer,Hyderabad metro,1
9046,AQIVA GROUP,SANGAREDDY DISTRICT,SANGAREDDY,RAMACHANDHRAPURAM,502032,RTA SANGAREDDY,,Automobile dealer (brand unknown),Hyderabad metro,1
