dealer_id,dealer_name,state,zone,month,units_sold,target_units,local_car_market,expected_share_pct,inventory_days,aged_stock_pct,payment_delay_days,csi_score,complaints,comp_Hyundai,comp_Tata Motors,comp_Mahindra,comp_Kia,comp_Toyota,comp_Honda Cars,comp_MG Motor,comp_Skoda-VW,comp_Renault
MS-AN-001,Port Blair · AN1,Andaman And Nicobar Islands,South,2021-06,0,,2,41.29,,,,,,1,0,0,1,0,0,0,0,0
MS-AN-001,Port Blair · AN1,Andaman And Nicobar Islands,South,2021-07,22,,207,41.29,,,,,,28,63,26,0,3,19,2,0,9
MS-AN-001,Port Blair · AN1,Andaman And Nicobar Islands,South,2021-08,6,,128,41.29,,,,,,11,43,10,1,2,8,0,0,7
MS-AN-001,Port Blair · AN1,Andaman And Nicobar Islands,South,2021-09,3,,100,41.29,,,,,,20,26,11,1,0,7,0,0,1
MS-AN-001,Port Blair · AN1,Andaman And Nicobar Islands,South,2021-10,2,,85,41.29,,,,,,5,39,5,2,1,14,0,0,3
MS-AN-001,Port Blair · AN1,Andaman And Nicobar Islands,South,2021-11,0,,158,41.29,,,,,,22,75,10,1,1,16,1,0,5
MS-AN-001,Port Blair · AN1,Andaman And Nicobar Islands,South,2021-12,2,,154,41.29,,,,,,27,58,26,0,2,10,0,0,5
MS-AN-001,Port Blair · AN1,Andaman And Nicobar Islands,South,2022-01,5,,115,41.29,,,,,,22,50,15,0,0,6,0,0,1
MS-AN-001,Port Blair · AN1,Andaman And Nicobar Islands,South,2022-02,6,,125,41.29,,,,,,34,46,11,0,0,18,0,0,2
MS-AN-001,Port Blair · AN1,Andaman And Nicobar Islands,South,2022-03,7,,133,41.29,,,,,,35,53,10,0,2,7,0,0,5
MS-AN-001,Port Blair · AN1,Andaman And Nicobar Islands,South,2022-04,6,7.0,182,41.29,44.7,10.0,1.0,87.0,0.0,51,62,30,0,1,14,1,0,2
MS-AN-001,Port Blair · AN1,Andaman And Nicobar Islands,South,2022-05,1,8.0,146,41.29,130.6,53.7,27.5,83.2,0.0,43,54,21,0,0,14,1,0,4
MS-AN-001,Port Blair · AN1,Andaman And Nicobar Islands,South,2022-06,4,8.0,142,41.29,104.5,48.0,27.8,80.9,0.0,41,56,10,0,1,12,0,0,4
MS-AN-001,Port Blair · AN1,Andaman And Nicobar Islands,South,2022-07,2,7.0,165,41.29,115.3,50.5,33.0,80.6,0.0,41,61,20,1,0,11,0,0,8
MS-AN-001,Port Blair · AN1,Andaman And Nicobar Islands,South,2022-08,3,7.0,193,41.29,102.8,48.1,32.6,81.3,0.0,46,55,39,1,6,14,0,0,6
MS-AN-001,Port Blair · AN1,Andaman And Nicobar Islands,South,2022-09,3,7.0,167,41.29,101.7,50.1,31.9,79.4,0.0,38,59,29,0,3,13,0,0,5
MS-AN-001,Port Blair · AN1,Andaman And Nicobar Islands,South,2022-10,3,9.0,178,41.29,111.2,49.7,32.5,81.1,0.0,40,70,29,0,1,14,0,0,4
MS-AN-001,Port Blair · AN1,Andaman And Nicobar Islands,South,2022-11,20,8.0,203,41.29,0.0,4.2,0.8,84.7,0.0,46,62,36,0,3,10,0,0,2
MS-AN-001,Port Blair · AN1,Andaman And Nicobar Islands,South,2022-12,70,6.0,257,41.29,0.0,6.6,0.0,86.0,2.0,60,60,26,0,1,16,0,0,6
MS-AN-001,Port Blair · AN1,Andaman And Nicobar Islands,South,2023-01,37,12.0,202,41.29,0.0,5.2,0.0,87.9,1.0,48,50,42,0,3,11,0,0,1
MS-AN-001,Port Blair · AN1,Andaman And Nicobar Islands,South,2023-02,42,8.0,181,41.29,0.0,2.9,0.7,88.0,1.0,40,47,28,0,1,8,0,1,3
MS-AN-001,Port Blair · AN1,Andaman And Nicobar Islands,South,2023-03,58,10.0,232,41.29,0.0,4.5,1.7,88.6,0.0,45,58,43,1,1,11,0,0,2
MS-AN-001,Port Blair · AN1,Andaman And Nicobar Islands,South,2023-04,30,20.0,143,41.29,0.0,3.3,0.5,85.8,0.0,35,37,22,0,1,4,0,1,3
MS-AN-001,Port Blair · AN1,Andaman And Nicobar Islands,South,2023-05,22,23.0,172,41.29,5.7,2.4,0.0,87.6,1.0,57,34,30,0,4,9,0,0,1
MS-AN-001,Port Blair · AN1,Andaman And Nicobar Islands,South,2023-06,17,22.0,161,41.29,20.5,2.8,3.2,86.9,0.0,46,50,22,1,7,3,0,0,2
MS-AN-001,Port Blair · AN1,Andaman And Nicobar Islands,South,2023-07,17,21.0,187,41.29,33.3,3.3,4.3,86.7,0.0,43,52,32,0,11,8,0,0,5
MS-AN-001,Port Blair · AN1,Andaman And Nicobar Islands,South,2023-08,32,20.0,216,41.29,10.7,2.7,1.3,85.5,0.0,47,50,48,0,14,8,0,0,3
MS-AN-001,Port Blair · AN1,Andaman And Nicobar Islands,South,2023-09,18,20.0,186,41.29,20.2,3.7,3.2,84.5,0.0,44,46,28,0,28,12,1,0,1
MS-AN-001,Port Blair · AN1,Andaman And Nicobar Islands,South,2023-10,38,25.0,217,41.29,4.7,2.6,4.9,84.3,1.0,40,55,31,0,25,11,0,0,3
MS-AN-001,Port Blair · AN1,Andaman And Nicobar Islands,South,2023-11,15,23.0,207,41.29,22.1,2.9,2.2,84.4,0.0,59,50,31,0,37,10,0,0,0
MS-AN-001,Port Blair · AN1,Andaman And Nicobar Islands,South,2023-12,16,17.0,204,41.29,24.6,2.4,0.2,84.4,0.0,50,43,30,0,49,5,0,1,3
MS-AN-001,Port Blair · AN1,Andaman And Nicobar Islands,South,2024-01,40,36.0,205,41.29,28.2,4.4,1.3,85.5,0.0,41,51,28,0,29,8,0,0,1
MS-AN-001,Port Blair · AN1,Andaman And Nicobar Islands,South,2024-02,42,23.0,210,41.29,2.4,2.1,0.5,85.9,2.0,42,36,39,0,38,4,0,0,0
MS-AN-001,Port Blair · AN1,Andaman And Nicobar Islands,South,2024-03,21,28.0,185,41.29,13.8,5.0,0.0,87.9,0.0,52,40,28,0,27,12,0,0,1
MS-AN-001,Port Blair · AN1,Andaman And Nicobar Islands,South,2024-04,28,24.0,185,41.29,14.7,3.8,0.0,87.5,0.0,57,36,30,0,31,0,0,0,1
MS-AN-001,Port Blair · AN1,Andaman And Nicobar Islands,South,2024-05,39,27.0,218,41.29,9.0,3.2,0.0,86.1,0.0,49,71,24,2,26,2,1,0,0
MS-AP-006,Anakapalli · AP131,Andhra Pradesh,South,2021-06,93,,160,34.59,,,,,,33,22,0,0,1,6,0,0,0
MS-AP-006,Anakapalli · AP131,Andhra Pradesh,South,2021-07,134,,197,34.59,,,,,,38,20,0,0,0,4,0,0,0
MS-AP-006,Anakapalli · AP131,Andhra Pradesh,South,2021-08,134,,207,34.59,,,,,,31,35,2,0,0,4,0,0,0
MS-AP-006,Anakapalli · AP131,Andhra Pradesh,South,2021-09,130,,196,34.59,,,,,,32,24,0,0,2,6,0,0,0
MS-AP-006,Anakapalli · AP131,Andhra Pradesh,South,2021-10,132,,213,34.59,,,,,,32,40,1,0,0,5,0,0,0
MS-AP-006,Anakapalli · AP131,Andhra Pradesh,South,2021-11,135,,211,34.59,,,,,,40,31,1,0,0,3,0,1,0
MS-AP-006,Anakapalli · AP131,Andhra Pradesh,South,2021-12,118,,170,34.59,,,,,,19,29,0,0,0,4,0,0,0
MS-AP-006,Anakapalli · AP131,Andhra Pradesh,South,2022-01,145,,222,34.59,,,,,,23,48,1,0,0,4,0,0,0
MS-AP-006,Anakapalli · AP131,Andhra Pradesh,South,2022-02,105,,158,34.59,,,,,,23,20,0,0,0,6,0,0,0
MS-AP-006,Anakapalli · AP131,Andhra Pradesh,South,2022-03,137,,206,34.59,,,,,,35,23,4,0,0,3,0,0,0
MS-AP-006,Anakapalli · AP131,Andhra Pradesh,South,2022-04,115,119.0,163,34.59,30.9,3.6,5.4,83.2,0.0,25,14,0,0,0,5,0,0,0
MS-AP-006,Anakapalli · AP131,Andhra Pradesh,South,2022-05,112,138.0,166,34.59,42.6,7.4,5.8,83.2,2.0,21,28,0,0,0,4,0,0,0
MS-AP-006,Anakapalli · AP131,Andhra Pradesh,South,2022-06,103,129.0,144,34.59,47.4,14.4,11.1,82.5,0.0,16,14,2,0,0,7,0,0,1
MS-AP-006,Anakapalli · AP131,Andhra Pradesh,South,2022-07,107,126.0,165,34.59,48.4,16.1,7.6,82.0,0.0,8,30,7,6,0,3,0,0,3
MS-AP-006,Anakapalli · AP131,Andhra Pradesh,South,2022-08,91,118.0,176,34.59,54.7,20.5,8.9,83.3,2.0,20,40,5,8,2,3,2,1,1
MS-AP-006,Anakapalli · AP131,Andhra Pradesh,South,2022-09,100,120.0,221,34.59,54.9,24.6,13.6,81.5,2.0,28,43,12,23,1,7,3,1,1
MS-AP-006,Anakapalli · AP131,Andhra Pradesh,South,2022-10,118,145.0,221,34.59,60.2,28.3,11.6,80.1,1.0,23,31,17,15,2,7,1,0,5
MS-AP-006,Anakapalli · AP131,Andhra Pradesh,South,2022-11,112,137.0,202,34.59,51.5,19.2,8.9,85.1,1.0,22,35,10,14,1,6,0,0,1
MS-AP-006,Anakapalli · AP131,Andhra Pradesh,South,2022-12,78,101.0,161,34.59,50.2,17.6,9.5,83.4,0.0,16,38,15,6,0,2,4,1,1
MS-AP-006,Anakapalli · AP131,Andhra Pradesh,South,2023-01,117,211.0,228,34.59,83.5,38.2,21.6,78.8,1.0,30,35,12,14,3,0,6,2,4
MS-AP-006,Anakapalli · AP131,Andhra Pradesh,South,2023-02,169,133.0,348,34.59,44.2,10.7,6.1,83.0,1.0,23,51,66,17,3,5,2,4,6
MS-AP-006,Anakapalli · AP131,Andhra Pradesh,South,2023-03,119,164.0,278,34.59,47.6,14.4,2.9,84.4,1.0,20,45,55,19,8,3,2,3,3
MS-AP-006,Anakapalli · AP131,Andhra Pradesh,South,2023-04,114,109.0,239,34.59,37.0,2.3,0.0,83.4,1.0,22,36,39,7,3,4,4,4,3
MS-AP-006,Anakapalli · AP131,Andhra Pradesh,South,2023-05,109,126.0,233,34.59,43.6,7.4,0.0,80.6,0.0,24,34,39,13,5,3,2,1,0
MS-AP-006,Anakapalli · AP131,Andhra Pradesh,South,2023-06,110,118.0,219,34.59,42.7,7.6,0.0,82.6,1.0,17,34,28,10,5,0,3,3,5
MS-AP-006,Anakapalli · AP131,Andhra Pradesh,South,2023-07,99,115.0,205,34.59,41.5,5.8,1.8,82.6,0.0,19,35,31,6,4,2,0,2,5
MS-AP-006,Anakapalli · AP131,Andhra Pradesh,South,2023-08,63,108.0,137,34.59,56.2,25.4,8.2,82.4,2.0,8,31,23,5,0,2,0,1,1
MS-AP-006,Anakapalli · AP131,Andhra Pradesh,South,2023-09,94,110.0,187,34.59,59.6,27.4,14.1,83.0,0.0,15,22,35,10,5,0,0,2,3
MS-AP-006,Anakapalli · AP131,Andhra Pradesh,South,2023-10,95,133.0,211,34.59,63.7,29.9,12.6,80.6,2.0,32,32,32,9,6,3,1,1,0
MS-AP-006,Anakapalli · AP131,Andhra Pradesh,South,2023-11,82,125.0,161,34.59,63.5,31.9,10.7,83.2,2.0,19,21,23,3,6,2,1,1,3
MS-AP-006,Anakapalli · AP131,Andhra Pradesh,South,2023-12,100,92.0,245,34.59,44.9,9.9,3.6,83.4,2.0,29,48,30,16,8,5,5,0,1
MS-AP-006,Anakapalli · AP131,Andhra Pradesh,South,2024-01,381,194.0,879,34.59,0.0,4.3,3.7,79.6,4.0,110,176,120,23,34,8,10,8,5
MS-AP-006,Anakapalli · AP131,Andhra Pradesh,South,2024-02,51,121.0,117,34.59,19.9,1.3,2.6,81.9,1.0,13,24,18,4,4,1,1,0,1
MS-AP-006,Anakapalli · AP131,Andhra Pradesh,South,2024-03,73,150.0,169,34.59,38.4,3.3,3.9,85.5,3.0,21,33,22,5,9,3,0,1,1
MS-AP-006,Anakapalli · AP131,Andhra Pradesh,South,2024-04,64,105.0,163,34.59,98.7,49.5,26.1,80.2,1.0,17,45,21,3,7,1,2,1,0
MS-AP-006,Anakapalli · AP131,Andhra Pradesh,South,2024-05,65,122.0,147,34.59,88.5,43.6,21.2,81.9,1.0,19,28,21,4,3,1,3,1,1
MS-AP-012,Amalapuram · AP205,Andhra Pradesh,South,2021-06,24,,57,36.81,,,,,,20,13,0,0,0,0,0,0,0
MS-AP-012,Amalapuram · AP205,Andhra Pradesh,South,2021-07,35,,91,36.81,,,,,,25,28,0,0,0,1,0,0,0
MS-AP-012,Amalapuram · AP205,Andhra Pradesh,South,2021-08,32,,81,36.81,,,,,,22,24,0,0,0,1,0,0,1
MS-AP-012,Amalapuram · AP205,Andhra Pradesh,South,2021-09,56,,104,36.81,,,,,,17,26,0,0,1,2,0,0,0
MS-AP-012,Amalapuram · AP205,Andhra Pradesh,South,2021-10,36,,98,36.81,,,,,,23,36,1,0,0,2,0,0,0
MS-AP-012,Amalapuram · AP205,Andhra Pradesh,South,2021-11,50,,100,36.81,,,,,,23,21,1,0,0,2,0,0,0
MS-AP-012,Amalapuram · AP205,Andhra Pradesh,South,2021-12,27,,57,36.81,,,,,,9,17,1,0,1,2,0,0,0
MS-AP-012,Amalapuram · AP205,Andhra Pradesh,South,2022-01,47,,102,36.81,,,,,,19,30,1,0,1,3,0,0,0
MS-AP-012,Amalapuram · AP205,Andhra Pradesh,South,2022-02,26,,68,36.81,,,,,,25,12,0,0,0,4,0,0,0
MS-AP-012,Amalapuram · AP205,Andhra Pradesh,South,2022-03,29,,74,36.81,,,,,,14,21,0,0,2,3,0,0,0
MS-AP-012,Amalapuram · AP205,Andhra Pradesh,South,2022-04,34,35.0,69,36.81,33.7,3.9,10.9,81.1,0.0,13,17,0,0,0,1,0,0,0
MS-AP-012,Amalapuram · AP205,Andhra Pradesh,South,2022-05,36,41.0,74,36.81,35.8,3.5,10.8,80.6,0.0,17,14,1,0,1,4,0,0,0
MS-AP-012,Amalapuram · AP205,Andhra Pradesh,South,2022-06,28,38.0,67,36.81,48.2,16.3,8.5,81.2,0.0,12,23,0,2,0,2,0,0,0
MS-AP-012,Amalapuram · AP205,Andhra Pradesh,South,2022-07,28,37.0,95,36.81,56.5,26.5,12.7,80.6,2.0,16,36,3,5,1,3,1,1,0
MS-AP-012,Amalapuram · AP205,Andhra Pradesh,South,2022-08,26,35.0,81,36.81,66.2,32.1,16.5,80.2,1.0,16,27,3,3,1,2,0,0,1
MS-AP-012,Amalapuram · AP205,Andhra Pradesh,South,2022-09,41,36.0,88,36.81,47.4,16.7,10.9,81.7,0.0,10,13,5,5,5,3,1,0,1
MS-AP-012,Amalapuram · AP205,Andhra Pradesh,South,2022-10,40,43.0,106,36.81,46.4,14.9,9.2,82.8,0.0,19,27,7,4,3,1,2,0,2
MS-AP-012,Amalapuram · AP205,Andhra Pradesh,South,2022-11,51,41.0,110,36.81,25.9,4.3,5.7,81.4,1.0,17,22,1,9,1,4,1,0,2
MS-AP-012,Amalapuram · AP205,Andhra Pradesh,South,2022-12,39,30.0,89,36.81,17.5,2.1,2.3,82.2,0.0,19,20,2,3,2,0,1,1,0
MS-AP-012,Amalapuram · AP205,Andhra Pradesh,South,2023-01,73,63.0,155,36.81,15.1,2.6,7.1,83.8,1.0,26,36,5,3,1,2,4,0,2
MS-AP-012,Amalapuram · AP205,Andhra Pradesh,South,2023-02,22,39.0,77,36.81,34.1,5.5,5.6,80.8,0.0,15,23,9,5,1,1,1,0,0
MS-AP-012,Amalapuram · AP205,Andhra Pradesh,South,2023-03,52,49.0,169,36.81,29.1,3.7,8.9,82.5,0.0,27,52,10,11,5,1,5,4,0
MS-AP-012,Amalapuram · AP205,Andhra Pradesh,South,2023-04,40,38.0,110,36.81,35.9,3.3,12.6,81.5,1.0,20,26,8,5,3,3,2,0,0
MS-AP-012,Amalapuram · AP205,Andhra Pradesh,South,2023-05,33,44.0,90,36.81,41.4,6.1,8.7,80.3,0.0,18,23,3,3,6,1,1,0,1
MS-AP-012,Amalapuram · AP205,Andhra Pradesh,South,2023-06,23,41.0,81,36.81,64.0,32.8,16.5,80.1,0.0,20,27,4,1,4,1,0,1,0
MS-AP-012,Amalapuram · AP205,Andhra Pradesh,South,2023-07,23,40.0,92,36.81,87.7,43.2,25.7,77.4,0.0,19,31,4,3,8,0,1,1,1
MS-AP-012,Amalapuram · AP205,Andhra Pradesh,South,2023-08,44,38.0,120,36.81,51.2,19.2,14.5,81.5,0.0,24,27,5,7,7,2,2,1,0
MS-AP-012,Amalapuram · AP205,Andhra Pradesh,South,2023-09,32,39.0,81,36.81,47.7,14.5,13.0,83.0,0.0,12,23,1,2,6,1,1,2,0
MS-AP-012,Amalapuram · AP205,Andhra Pradesh,South,2023-10,38,47.0,115,36.81,48.7,18.1,12.3,81.8,0.0,15,36,6,8,4,4,0,1,1
MS-AP-012,Amalapuram · AP205,Andhra Pradesh,South,2023-11,42,44.0,108,36.81,46.2,9.6,10.1,82.2,0.0,21,32,1,3,5,0,1,3,0
MS-AP-012,Amalapuram · AP205,Andhra Pradesh,South,2023-12,21,32.0,76,36.81,54.2,21.8,12.5,80.5,1.0,15,22,12,1,2,1,1,1,0
MS-AP-012,Amalapuram · AP205,Andhra Pradesh,South,2024-01,58,68.0,128,36.81,50.7,22.6,13.4,80.5,0.0,22,30,5,3,5,2,0,3,0
MS-AP-012,Amalapuram · AP205,Andhra Pradesh,South,2024-02,54,43.0,122,36.81,33.7,3.9,9.2,81.9,0.0,22,26,7,1,8,1,0,2,0
MS-AP-012,Amalapuram · AP205,Andhra Pradesh,South,2024-03,44,53.0,102,36.81,35.4,1.5,8.9,81.8,0.0,10,25,10,5,5,2,0,0,1
MS-AP-012,Amalapuram · AP205,Andhra Pradesh,South,2024-04,41,35.0,125,36.81,30.6,3.9,5.8,81.6,0.0,13,50,7,2,10,2,0,0,0
MS-AP-012,Amalapuram · AP205,Andhra Pradesh,South,2024-05,31,40.0,96,36.81,39.0,3.3,8.3,82.2,0.0,9,30,15,2,7,0,2,0,0
MS-AP-018,Nellore · AP26,Andhra Pradesh,South,2021-06,100,,184,34.34,,,,,,36,28,0,0,1,5,0,0,0
MS-AP-018,Nellore · AP26,Andhra Pradesh,South,2021-07,152,,300,34.34,,,,,,67,54,0,0,4,10,0,0,0
MS-AP-018,Nellore · AP26,Andhra Pradesh,South,2021-08,141,,288,34.34,,,,,,70,49,1,0,7,11,0,0,0
MS-AP-018,Nellore · AP26,Andhra Pradesh,South,2021-09,135,,288,34.34,,,,,,57,70,1,0,7,11,0,1,0
MS-AP-018,Nellore · AP26,Andhra Pradesh,South,2021-10,142,,272,34.34,,,,,,41,69,0,0,3,14,0,0,0
MS-AP-018,Nellore · AP26,Andhra Pradesh,South,2021-11,106,,244,34.34,,,,,,47,60,0,0,5,19,0,0,0
MS-AP-018,Nellore · AP26,Andhra Pradesh,South,2021-12,98,,206,34.34,,,,,,41,44,2,0,4,13,0,0,0
MS-AP-018,Nellore · AP26,Andhra Pradesh,South,2022-01,148,,267,34.34,,,,,,31,65,0,0,2,12,0,0,0
MS-AP-018,Nellore · AP26,Andhra Pradesh,South,2022-02,118,,231,34.34,,,,,,50,35,1,0,1,18,0,0,0
MS-AP-018,Nellore · AP26,Andhra Pradesh,South,2022-03,114,,236,34.34,,,,,,49,56,1,0,2,9,0,0,0
MS-AP-018,Nellore · AP26,Andhra Pradesh,South,2022-04,125,121.0,228,34.34,45.9,11.9,10.5,82.7,0.0,48,34,1,0,1,10,0,0,1
MS-AP-018,Nellore · AP26,Andhra Pradesh,South,2022-05,114,140.0,222,34.34,45.5,11.7,8.1,84.5,1.0,41,48,0,0,0,10,0,0,0
MS-AP-018,Nellore · AP26,Andhra Pradesh,South,2022-06,128,131.0,234,34.34,38.8,0.0,8.0,82.9,2.0,44,37,0,0,4,17,0,0,0
MS-AP-018,Nellore · AP26,Andhra Pradesh,South,2022-07,139,128.0,287,34.34,32.3,2.7,6.9,84.0,1.0,55,37,8,3,7,12,1,15,1
MS-AP-018,Nellore · AP26,Andhra Pradesh,South,2022-08,157,120.0,315,34.34,19.4,4.5,8.3,83.8,2.0,53,56,3,4,10,10,6,7,1
MS-AP-018,Nellore · AP26,Andhra Pradesh,South,2022-09,100,123.0,259,34.34,31.5,2.6,8.0,82.1,0.0,47,35,6,5,21,15,8,11,4
MS-AP-018,Nellore · AP26,Andhra Pradesh,South,2022-10,155,147.0,377,34.34,28.6,3.3,6.1,80.4,0.0,60,60,3,7,35,19,14,7,5
MS-AP-018,Nellore · AP26,Andhra Pradesh,South,2022-11,116,139.0,393,34.34,37.9,6.3,10.1,80.7,3.0,74,73,16,27,28,6,9,18,15
MS-AP-018,Nellore · AP26,Andhra Pradesh,South,2022-12,126,103.0,403,34.34,25.3,2.8,11.0,80.1,3.0,63,70,29,30,28,18,10,13,10
MS-AP-018,Nellore · AP26,Andhra Pradesh,South,2023-01,155,215.0,417,34.34,51.3,17.8,11.8,79.7,4.0,46,71,31,38,19,17,10,15,3
MS-AP-018,Nellore · AP26,Andhra Pradesh,South,2023-02,122,135.0,398,34.34,47.1,13.0,10.9,79.4,0.0,57,87,30,35,23,5,13,8,9
MS-AP-018,Nellore · AP26,Andhra Pradesh,South,2023-03,131,167.0,397,34.34,53.5,22.4,14.9,79.4,3.0,53,74,30,39,35,10,12,7,3
MS-AP-018,Nellore · AP26,Andhra Pradesh,South,2023-04,118,127.0,351,34.34,51.8,19.5,10.3,78.7,0.0,41,81,33,22,13,10,9,14,0
MS-AP-018,Nellore · AP26,Andhra Pradesh,South,2023-05,152,148.0,455,34.34,40.1,1.5,10.0,81.8,1.0,84,68,43,29,30,11,13,12,5
MS-AP-018,Nellore · AP26,Andhra Pradesh,South,2023-06,115,138.0,342,34.34,43.5,9.4,10.4,81.5,2.0,61,53,31,26,26,3,7,7,4
MS-AP-018,Nellore · AP26,Andhra Pradesh,South,2023-07,142,135.0,444,34.34,34.4,2.4,7.3,79.9,2.0,65,80,48,23,37,14,11,17,5
MS-AP-018,Nellore · AP26,Andhra Pradesh,South,2023-08,142,126.0,418,34.34,30.3,3.5,5.8,80.8,2.0,62,57,69,34,22,4,7,13,4
MS-AP-018,Nellore · AP26,Andhra Pradesh,South,2023-09,114,129.0,372,34.34,32.4,2.8,7.7,82.7,0.0,59,40,64,31,24,11,6,11,4
MS-AP-018,Nellore · AP26,Andhra Pradesh,South,2023-10,138,155.0,415,34.34,40.3,5.9,10.2,83.4,0.0,60,66,57,33,21,10,9,11,3
MS-AP-018,Nellore · AP26,Andhra Pradesh,South,2023-11,167,147.0,446,34.34,30.6,3.6,14.6,82.6,2.0,62,59,54,30,20,14,9,22,3
MS-AP-018,Nellore · AP26,Andhra Pradesh,South,2023-12,117,108.0,372,34.34,25.8,2.9,10.3,83.1,2.0,53,80,49,17,17,13,8,10,2
MS-AP-018,Nellore · AP26,Andhra Pradesh,South,2024-01,136,227.0,425,34.34,51.6,21.8,14.2,81.7,1.0,58,63,53,19,34,14,16,20,0
MS-AP-018,Nellore · AP26,Andhra Pradesh,South,2024-02,116,142.0,424,34.34,55.0,22.1,17.6,82.1,0.0,47,110,71,22,19,8,6,10,1
MS-AP-018,Nellore · AP26,Andhra Pradesh,South,2024-03,118,176.0,459,34.34,61.8,31.8,20.9,81.2,1.0,64,87,79,29,34,11,8,10,6
MS-AP-018,Nellore · AP26,Andhra Pradesh,South,2024-04,74,120.0,286,34.34,74.0,39.4,18.6,79.5,0.0,34,49,43,26,31,6,10,9,0
MS-AP-018,Nellore · AP26,Andhra Pradesh,South,2024-05,109,140.0,384,34.34,69.7,32.9,17.0,80.1,0.0,65,69,49,22,26,7,15,12,0
MS-AP-024,Nandigama · AP316,Andhra Pradesh,South,2021-06,14,,32,41.42,,,,,,3,10,1,0,1,1,0,0,0
MS-AP-024,Nandigama · AP316,Andhra Pradesh,South,2021-07,24,,44,41.42,,,,,,5,9,1,0,1,4,0,0,0
MS-AP-024,Nandigama · AP316,Andhra Pradesh,South,2021-08,19,,31,41.42,,,,,,3,5,0,0,1,1,0,0,0
MS-AP-024,Nandigama · AP316,Andhra Pradesh,South,2021-09,26,,56,41.42,,,,,,5,22,1,0,0,1,0,0,0
MS-AP-024,Nandigama · AP316,Andhra Pradesh,South,2021-10,25,,41,41.42,,,,,,4,12,0,0,0,0,0,0,0
MS-AP-024,Nandigama · AP316,Andhra Pradesh,South,2021-11,15,,37,41.42,,,,,,7,15,0,0,0,0,0,0,0
MS-AP-024,Nandigama · AP316,Andhra Pradesh,South,2021-12,16,,35,41.42,,,,,,7,10,1,0,0,1,0,0,0
MS-AP-024,Nandigama · AP316,Andhra Pradesh,South,2022-01,34,,54,41.42,,,,,,4,14,0,0,0,2,0,0,0
MS-AP-024,Nandigama · AP316,Andhra Pradesh,South,2022-02,15,,37,41.42,,,,,,6,12,2,0,1,1,0,0,0
MS-AP-024,Nandigama · AP316,Andhra Pradesh,South,2022-03,22,,53,41.42,,,,,,9,20,1,0,0,1,0,0,0
MS-AP-024,Nandigama · AP316,Andhra Pradesh,South,2022-04,25,21.0,54,41.42,24.3,4.1,0.0,77.4,1.0,6,22,0,0,1,0,0,0,0
MS-AP-024,Nandigama · AP316,Andhra Pradesh,South,2022-05,18,24.0,28,41.42,36.6,2.4,0.0,76.4,0.0,2,7,0,0,0,1,0,0,0
MS-AP-024,Nandigama · AP316,Andhra Pradesh,South,2022-06,26,23.0,45,41.42,27.3,0.9,0.0,76.9,0.0,4,12,2,1,0,0,0,0,0
MS-AP-024,Nandigama · AP316,Andhra Pradesh,South,2022-07,24,22.0,44,41.42,22.7,2.5,0.0,78.1,0.0,1,16,0,1,1,0,0,1,0
MS-AP-024,Nandigama · AP316,Andhra Pradesh,South,2022-08,23,21.0,54,41.42,21.0,3.9,1.0,76.8,1.0,4,18,2,2,0,1,1,0,1
MS-AP-024,Nandigama · AP316,Andhra Pradesh,South,2022-09,20,21.0,59,41.42,27.1,2.2,0.0,74.4,1.0,2,31,0,1,2,1,0,1,0
MS-AP-024,Nandigama · AP316,Andhra Pradesh,South,2022-10,17,26.0,55,41.42,45.1,13.4,0.6,76.4,0.0,3,27,2,5,1,0,0,0,0
MS-AP-024,Nandigama · AP316,Andhra Pradesh,South,2022-11,25,24.0,103,41.42,38.3,3.5,1.7,76.8,2.0,8,55,5,2,2,1,2,2,0
MS-AP-024,Nandigama · AP316,Andhra Pradesh,South,2022-12,24,18.0,50,41.42,23.6,2.9,0.4,76.6,0.0,4,15,3,0,2,1,1,0,0
MS-AP-024,Nandigama · AP316,Andhra Pradesh,South,2023-01,44,37.0,92,41.42,11.4,2.0,3.2,78.5,0.0,7,32,7,0,1,0,0,1,0
MS-AP-024,Nandigama · AP316,Andhra Pradesh,South,2023-02,15,23.0,50,41.42,24.5,4.7,1.5,78.9,0.0,5,26,2,0,0,2,0,0,0
MS-AP-024,Nandigama · AP316,Andhra Pradesh,South,2023-03,24,29.0,127,41.42,31.2,2.4,0.0,79.4,0.0,8,84,5,3,1,0,0,1,0
MS-AP-024,Nandigama · AP316,Andhra Pradesh,South,2023-04,24,23.0,75,41.42,40.2,1.7,2.0,78.7,0.0,5,40,1,1,0,0,3,0,0
MS-AP-024,Nandigama · AP316,Andhra Pradesh,South,2023-05,31,27.0,69,41.42,27.8,0.7,0.0,78.9,0.0,7,20,2,3,1,2,2,0,0
MS-AP-024,Nandigama · AP316,Andhra Pradesh,South,2023-06,20,25.0,51,41.42,36.3,3.7,1.8,78.5,0.0,5,20,3,1,1,0,1,0,0
MS-AP-024,Nandigama · AP316,Andhra Pradesh,South,2023-07,20,24.0,85,41.42,43.5,9.7,0.0,77.9,0.0,6,45,9,1,1,2,0,1,0
MS-AP-024,Nandigama · AP316,Andhra Pradesh,South,2023-08,25,23.0,96,41.42,38.6,0.0,0.0,76.0,0.0,2,53,9,2,3,1,0,1,0
MS-AP-024,Nandigama · AP316,Andhra Pradesh,South,2023-09,28,23.0,65,41.42,27.7,2.2,0.0,75.0,0.0,5,21,4,1,3,1,1,0,0
MS-AP-024,Nandigama · AP316,Andhra Pradesh,South,2023-10,23,28.0,69,41.42,33.8,3.8,0.0,74.8,2.0,3,34,1,4,2,1,0,0,0
MS-AP-024,Nandigama · AP316,Andhra Pradesh,South,2023-11,27,27.0,66,41.42,33.7,2.1,0.0,74.4,0.0,4,23,6,1,2,0,1,1,0
MS-AP-024,Nandigama · AP316,Andhra Pradesh,South,2023-12,14,20.0,53,41.42,45.3,13.8,0.0,74.4,0.0,5,19,10,1,2,1,0,1,0
MS-AP-024,Nandigama · AP316,Andhra Pradesh,South,2024-01,27,41.0,78,41.42,58.8,26.8,2.4,76.2,0.0,7,25,5,3,4,4,1,1,0
MS-AP-024,Nandigama · AP316,Andhra Pradesh,South,2024-02,18,26.0,70,41.42,73.9,36.9,9.2,73.0,1.0,3,40,4,1,1,1,1,0,0
MS-AP-024,Nandigama · AP316,Andhra Pradesh,South,2024-03,27,32.0,83,41.42,64.3,29.9,6.2,75.0,1.0,4,43,6,2,0,0,0,0,0
MS-AP-024,Nandigama · AP316,Andhra Pradesh,South,2024-04,26,22.0,64,41.42,51.0,18.3,0.4,74.7,0.0,2,26,2,1,1,1,2,1,0
MS-AP-024,Nandigama · AP316,Andhra Pradesh,South,2024-05,19,25.0,58,41.42,49.1,15.3,0.0,75.5,1.0,7,17,6,1,3,1,2,1,0
MS-AP-030,Kakinada · AP5,Andhra Pradesh,South,2021-06,0,,0,32.92,,,,,,0,0,0,0,0,0,0,0,0
MS-AP-030,Kakinada · AP5,Andhra Pradesh,South,2021-07,157,,306,32.92,,,,,,75,52,1,0,2,6,0,0,1
MS-AP-030,Kakinada · AP5,Andhra Pradesh,South,2021-08,157,,303,32.92,,,,,,66,58,0,0,1,8,0,0,0
MS-AP-030,Kakinada · AP5,Andhra Pradesh,South,2021-09,120,,262,32.92,,,,,,73,47,1,0,3,10,0,0,0
MS-AP-030,Kakinada · AP5,Andhra Pradesh,South,2021-10,110,,246,32.92,,,,,,43,68,1,0,2,13,0,0,0
MS-AP-030,Kakinada · AP5,Andhra Pradesh,South,2021-11,102,,247,32.92,,,,,,64,66,0,0,0,11,0,0,0
MS-AP-030,Kakinada · AP5,Andhra Pradesh,South,2021-12,85,,215,32.92,,,,,,38,70,1,0,3,11,0,0,0
MS-AP-030,Kakinada · AP5,Andhra Pradesh,South,2022-01,141,,318,32.92,,,,,,53,104,1,0,0,13,0,0,0
MS-AP-030,Kakinada · AP5,Andhra Pradesh,South,2022-02,108,,232,32.92,,,,,,43,58,0,0,1,12,0,0,0
MS-AP-030,Kakinada · AP5,Andhra Pradesh,South,2022-03,104,,217,32.92,,,,,,50,50,0,0,1,7,0,1,0
MS-AP-030,Kakinada · AP5,Andhra Pradesh,South,2022-04,111,107.0,204,32.92,35.0,2.7,3.1,79.3,0.0,49,34,0,0,0,7,0,0,0
MS-AP-030,Kakinada · AP5,Andhra Pradesh,South,2022-05,0,124.0,0,32.92,138.8,55.9,31.6,76.2,0.0,0,0,0,0,0,0,0,0,0
MS-AP-030,Kakinada · AP5,Andhra Pradesh,South,2022-06,137,116.0,238,32.92,46.2,12.4,8.0,81.6,2.0,35,39,1,5,4,10,2,0,1
MS-AP-030,Kakinada · AP5,Andhra Pradesh,South,2022-07,97,113.0,286,32.92,52.4,20.3,8.3,81.1,0.0,34,78,13,30,4,9,3,8,5
MS-AP-030,Kakinada · AP5,Andhra Pradesh,South,2022-08,86,106.0,306,32.92,37.8,1.8,0.0,81.4,1.0,51,81,12,36,3,11,4,6,7
MS-AP-030,Kakinada · AP5,Andhra Pradesh,South,2022-09,145,109.0,294,32.92,23.1,0.9,0.0,83.1,3.0,32,50,7,27,5,9,5,3,2
MS-AP-030,Kakinada · AP5,Andhra Pradesh,South,2022-10,132,131.0,352,32.92,24.5,4.1,0.8,82.5,0.0,41,83,18,27,5,14,8,7,10
MS-AP-030,Kakinada · AP5,Andhra Pradesh,South,2022-11,73,123.0,195,32.92,42.6,6.7,0.3,81.9,0.0,24,51,12,18,1,6,5,4,0
MS-AP-030,Kakinada · AP5,Andhra Pradesh,South,2022-12,152,91.0,388,32.92,18.1,3.4,0.0,81.2,2.0,66,68,18,21,2,23,14,4,14
MS-AP-030,Kakinada · AP5,Andhra Pradesh,South,2023-01,221,191.0,500,32.92,12.9,6.2,0.0,82.4,5.0,54,88,43,50,7,9,7,5,10
MS-AP-030,Kakinada · AP5,Andhra Pradesh,South,2023-02,170,120.0,377,32.92,8.4,1.3,0.0,81.5,3.0,41,83,20,22,12,10,7,5,5
MS-AP-030,Kakinada · AP5,Andhra Pradesh,South,2023-03,188,148.0,479,32.92,7.7,4.8,0.2,84.5,5.0,53,89,42,32,27,9,13,5,3
MS-AP-030,Kakinada · AP5,Andhra Pradesh,South,2023-04,103,123.0,292,32.92,21.3,1.8,0.0,83.9,1.0,38,74,18,13,18,5,6,4,6
MS-AP-030,Kakinada · AP5,Andhra Pradesh,South,2023-05,70,142.0,210,32.92,55.1,25.3,1.9,82.9,2.0,38,54,13,8,8,5,5,3,1
MS-AP-030,Kakinada · AP5,Andhra Pradesh,South,2023-06,51,133.0,185,32.92,110.3,52.0,25.7,77.9,2.0,33,64,7,9,6,6,2,2,1
MS-AP-030,Kakinada · AP5,Andhra Pradesh,South,2023-07,148,130.0,377,32.92,52.1,21.3,9.2,82.3,3.0,43,91,30,18,19,4,8,3,5
MS-AP-030,Kakinada · AP5,Andhra Pradesh,South,2023-08,193,122.0,544,32.92,17.1,0.0,0.0,83.2,2.0,96,116,39,32,30,8,4,10,7
MS-AP-030,Kakinada · AP5,Andhra Pradesh,South,2023-09,99,124.0,251,32.92,23.1,4.1,0.0,82.1,0.0,29,69,16,14,13,3,3,1,3
MS-AP-030,Kakinada · AP5,Andhra Pradesh,South,2023-10,123,150.0,332,32.92,31.0,3.5,0.0,81.6,0.0,55,68,23,16,23,11,6,1,0
MS-AP-030,Kakinada · AP5,Andhra Pradesh,South,2023-11,134,141.0,308,32.92,38.1,2.9,0.0,82.9,2.0,28,67,23,13,20,8,4,5,2
MS-AP-030,Kakinada · AP5,Andhra Pradesh,South,2023-12,163,104.0,427,32.92,15.2,2.6,0.0,82.6,3.0,79,76,29,22,21,14,7,4,5
MS-AP-030,Kakinada · AP5,Andhra Pradesh,South,2024-01,164,219.0,402,32.92,40.6,1.1,0.0,80.7,3.0,74,75,20,12,25,12,8,4,0
MS-AP-030,Kakinada · AP5,Andhra Pradesh,South,2024-02,105,137.0,268,32.92,43.6,10.2,1.3,77.4,0.0,33,54,19,11,23,7,2,6,3
MS-AP-030,Kakinada · AP5,Andhra Pradesh,South,2024-03,101,169.0,382,32.92,67.7,34.7,12.8,73.3,2.0,41,122,41,13,32,13,7,2,2
MS-AP-030,Kakinada · AP5,Andhra Pradesh,South,2024-04,101,111.0,345,32.92,66.0,30.9,11.5,72.3,3.0,53,96,41,14,17,4,4,2,5
MS-AP-030,Kakinada · AP5,Andhra Pradesh,South,2024-05,86,129.0,294,32.92,68.9,32.9,17.4,71.8,3.0,65,67,28,12,13,6,9,4,0
MS-AR-001,Itanagar Capital Region · AR1,Arunachal Pradesh,North-East,2021-06,62,,388,38.37,,,,,,65,51,133,25,10,3,0,0,28
MS-AR-001,Itanagar Capital Region · AR1,Arunachal Pradesh,North-East,2021-07,92,,394,38.37,,,,,,35,85,99,21,20,9,1,0,17
MS-AR-001,Itanagar Capital Region · AR1,Arunachal Pradesh,North-East,2021-08,101,,402,38.37,,,,,,66,49,110,19,19,4,0,0,22
MS-AR-001,Itanagar Capital Region · AR1,Arunachal Pradesh,North-East,2021-09,82,,358,38.37,,,,,,54,59,95,20,16,4,2,0,20
MS-AR-001,Itanagar Capital Region · AR1,Arunachal Pradesh,North-East,2021-10,97,,347,38.37,,,,,,53,56,65,27,15,6,1,1,19
MS-AR-001,Itanagar Capital Region · AR1,Arunachal Pradesh,North-East,2021-11,87,,347,38.37,,,,,,55,50,93,14,14,4,1,1,19
MS-AR-001,Itanagar Capital Region · AR1,Arunachal Pradesh,North-East,2021-12,101,,424,38.37,,,,,,56,87,104,27,16,4,0,1,14
MS-AR-001,Itanagar Capital Region · AR1,Arunachal Pradesh,North-East,2022-01,95,,398,38.37,,,,,,58,75,93,12,18,0,1,0,33
MS-AR-001,Itanagar Capital Region · AR1,Arunachal Pradesh,North-East,2022-02,94,,370,38.37,,,,,,41,86,78,24,18,2,0,3,8
MS-AR-001,Itanagar Capital Region · AR1,Arunachal Pradesh,North-East,2022-03,84,,371,38.37,,,,,,58,60,81,40,20,5,0,0,16
MS-AR-001,Itanagar Capital Region · AR1,Arunachal Pradesh,North-East,2022-04,137,98.0,494,38.37,13.8,6.3,3.1,88.4,1.0,46,100,122,25,30,8,0,1,17
MS-AR-001,Itanagar Capital Region · AR1,Arunachal Pradesh,North-East,2022-05,173,100.0,616,38.37,0.2,4.7,3.4,90.2,1.0,65,125,122,49,24,26,0,1,19
MS-AR-001,Itanagar Capital Region · AR1,Arunachal Pradesh,North-East,2022-06,142,88.0,634,38.37,0.0,5.1,2.1,89.8,1.0,55,127,216,47,25,3,1,1,11
MS-AR-001,Itanagar Capital Region · AR1,Arunachal Pradesh,North-East,2022-07,137,91.0,606,38.37,0.0,3.0,7.0,89.1,0.0,59,125,186,40,36,0,1,0,14
MS-AR-001,Itanagar Capital Region · AR1,Arunachal Pradesh,North-East,2022-08,155,87.0,497,38.37,0.0,0.2,3.5,89.3,2.0,56,84,114,40,30,5,0,0,8
MS-AR-001,Itanagar Capital Region · AR1,Arunachal Pradesh,North-East,2022-09,140,109.0,537,38.37,2.8,4.5,1.2,89.4,0.0,57,86,160,41,23,2,1,1,15
MS-AR-001,Itanagar Capital Region · AR1,Arunachal Pradesh,North-East,2022-10,122,130.0,457,38.37,16.2,3.0,4.3,90.1,0.0,48,79,135,27,28,0,2,0,12
MS-AR-001,Itanagar Capital Region · AR1,Arunachal Pradesh,North-East,2022-11,159,111.0,563,38.37,7.1,2.0,7.0,88.5,2.0,59,101,178,31,19,0,1,0,9
MS-AR-001,Itanagar Capital Region · AR1,Arunachal Pradesh,North-East,2022-12,119,82.0,449,38.37,2.8,3.1,4.7,88.0,0.0,45,81,118,35,18,4,5,1,18
MS-AR-001,Itanagar Capital Region · AR1,Arunachal Pradesh,North-East,2023-01,136,100.0,513,38.37,2.2,0.9,5.8,88.6,0.0,67,76,148,25,31,4,0,4,12
MS-AR-001,Itanagar Capital Region · AR1,Arunachal Pradesh,North-East,2023-02,121,83.0,496,38.37,0.0,1.0,4.9,88.4,1.0,70,115,121,30,20,1,0,4,11
MS-AR-001,Itanagar Capital Region · AR1,Arunachal Pradesh,North-East,2023-03,162,96.0,627,38.37,0.0,5.6,4.8,90.2,2.0,79,112,178,35,31,2,3,6,12
MS-AR-001,Itanagar Capital Region · AR1,Arunachal Pradesh,North-East,2023-04,169,159.0,473,38.37,8.6,3.0,6.0,88.3,0.0,41,69,124,30,25,3,1,2,7
MS-AR-001,Itanagar Capital Region · AR1,Arunachal Pradesh,North-East,2023-05,197,162.0,746,38.37,8.0,2.8,6.7,90.6,1.0,108,100,239,36,39,3,4,5,8
MS-AR-001,Itanagar Capital Region · AR1,Arunachal Pradesh,North-East,2023-06,199,143.0,642,38.37,5.1,3.0,5.7,87.8,0.0,56,104,183,33,48,1,3,2,9
MS-AR-001,Itanagar Capital Region · AR1,Arunachal Pradesh,North-East,2023-07,178,148.0,644,38.37,7.4,3.8,6.4,88.6,1.0,65,118,180,34,40,1,5,7,11
MS-AR-001,Itanagar Capital Region · AR1,Arunachal Pradesh,North-East,2023-08,177,142.0,613,38.37,8.2,2.9,2.7,89.2,1.0,69,95,173,33,35,3,6,4,12
MS-AR-001,Itanagar Capital Region · AR1,Arunachal Pradesh,North-East,2023-09,184,178.0,625,38.37,15.7,3.9,2.5,88.1,2.0,72,129,143,34,36,3,8,8,6
MS-AR-001,Itanagar Capital Region · AR1,Arunachal Pradesh,North-East,2023-10,226,210.0,658,38.37,19.7,2.7,0.0,89.9,0.0,90,81,140,46,41,10,5,6,4
MS-AR-001,Itanagar Capital Region · AR1,Arunachal Pradesh,North-East,2023-11,191,181.0,757,38.37,25.6,0.9,4.0,88.7,1.0,107,135,217,41,33,6,4,7,8
MS-AR-001,Itanagar Capital Region · AR1,Arunachal Pradesh,North-East,2023-12,208,133.0,648,38.37,9.4,0.5,0.9,88.8,0.0,56,113,154,48,25,8,13,6,8
MS-AR-001,Itanagar Capital Region · AR1,Arunachal Pradesh,North-East,2024-01,204,162.0,687,38.37,8.7,2.1,1.5,91.0,1.0,45,117,215,37,35,5,8,11,1
MS-AR-001,Itanagar Capital Region · AR1,Arunachal Pradesh,North-East,2024-02,225,136.0,730,38.37,0.0,0.9,2.7,91.7,1.0,70,120,202,34,34,7,10,13,5
MS-AR-001,Itanagar Capital Region · AR1,Arunachal Pradesh,North-East,2024-03,191,155.0,644,38.37,1.5,4.2,3.0,88.6,0.0,63,115,190,25,39,2,2,6,6
MS-AR-001,Itanagar Capital Region · AR1,Arunachal Pradesh,North-East,2024-04,237,205.0,772,38.37,6.1,3.4,2.4,88.6,0.0,65,149,202,38,41,10,7,11,6
MS-AR-001,Itanagar Capital Region · AR1,Arunachal Pradesh,North-East,2024-05,305,208.0,843,38.37,1.1,3.1,1.9,89.3,2.0,74,122,217,40,32,6,12,15,7
MS-AS-003,Cachar · AS11,Assam,North-East,2021-06,81,,187,43.59,,,,,,35,27,19,1,8,1,0,0,2
MS-AS-003,Cachar · AS11,Assam,North-East,2021-07,151,,324,43.59,,,,,,37,65,43,2,3,1,0,0,11
MS-AS-003,Cachar · AS11,Assam,North-East,2021-08,155,,325,43.59,,,,,,43,75,36,0,3,0,0,0,1
MS-AS-003,Cachar · AS11,Assam,North-East,2021-09,155,,325,43.59,,,,,,43,75,36,0,3,0,0,0,1
MS-AS-003,Cachar · AS11,Assam,North-East,2021-10,135,,335,43.59,,,,,,61,91,25,1,7,0,0,0,2
MS-AS-003,Cachar · AS11,Assam,North-East,2021-11,125,,341,43.59,,,,,,39,112,35,0,9,1,0,0,14
MS-AS-003,Cachar · AS11,Assam,North-East,2021-12,125,,341,43.59,,,,,,39,112,35,0,9,1,0,0,14
MS-AS-003,Cachar · AS11,Assam,North-East,2022-01,0,,0,43.59,,,,,,0,0,0,0,0,0,0,0,0
MS-AS-003,Cachar · AS11,Assam,North-East,2022-02,139,,420,43.59,,,,,,69,111,76,0,11,3,0,0,3
MS-AS-003,Cachar · AS11,Assam,North-East,2022-03,139,,420,43.59,,,,,,69,111,76,0,11,3,0,0,3
MS-AS-003,Cachar · AS11,Assam,North-East,2022-04,145,141.0,428,43.59,26.4,3.1,8.8,89.4,1.0,58,129,69,0,12,4,0,0,5
MS-AS-003,Cachar · AS11,Assam,North-East,2022-05,117,143.0,358,43.59,36.8,4.1,11.1,90.0,1.0,39,60,123,0,11,0,0,1,1
MS-AS-003,Cachar · AS11,Assam,North-East,2022-06,81,126.0,244,43.59,50.1,18.7,14.8,88.4,0.0,23,53,74,0,4,0,0,0,5
MS-AS-003,Cachar · AS11,Assam,North-East,2022-07,129,131.0,338,43.59,47.4,14.5,15.7,89.0,4.0,45,74,76,0,9,1,0,0,2
MS-AS-003,Cachar · AS11,Assam,North-East,2022-08,187,126.0,456,43.59,19.2,1.8,10.5,88.4,1.0,42,88,112,1,16,1,0,0,5
MS-AS-003,Cachar · AS11,Assam,North-East,2022-09,239,157.0,588,43.59,6.1,1.5,11.1,88.8,1.0,60,115,139,0,22,1,0,0,5
MS-AS-003,Cachar · AS11,Assam,North-East,2022-10,176,186.0,427,43.59,16.5,3.2,11.9,89.2,2.0,29,114,92,0,8,0,0,0,5
MS-AS-003,Cachar · AS11,Assam,North-East,2022-11,176,160.0,427,43.59,19.8,3.3,13.3,89.7,0.0,29,114,92,0,8,0,0,0,5
MS-AS-003,Cachar · AS11,Assam,North-East,2022-12,151,117.0,451,43.59,17.7,1.2,13.6,88.6,1.0,30,130,121,1,6,0,1,1,7
MS-AS-003,Cachar · AS11,Assam,North-East,2023-01,159,143.0,428,43.59,17.0,2.1,13.2,88.8,1.0,23,115,107,1,13,0,0,0,8
MS-AS-003,Cachar · AS11,Assam,North-East,2023-02,169,120.0,475,43.59,10.8,2.5,15.7,89.2,0.0,20,125,124,12,11,1,0,0,11
MS-AS-003,Cachar · AS11,Assam,North-East,2023-03,169,137.0,475,43.59,9.3,6.6,13.8,89.7,1.0,20,125,124,12,11,1,0,0,11
MS-AS-003,Cachar · AS11,Assam,North-East,2023-04,125,177.0,394,43.59,32.1,2.8,14.4,89.9,1.0,32,102,105,12,11,0,0,0,5
MS-AS-003,Cachar · AS11,Assam,North-East,2023-05,148,181.0,400,43.59,44.0,7.8,15.5,89.7,0.0,24,81,110,12,11,0,0,0,12
MS-AS-003,Cachar · AS11,Assam,North-East,2023-06,148,159.0,400,43.59,41.7,4.9,16.5,88.8,1.0,24,81,110,12,11,0,0,0,12
MS-AS-003,Cachar · AS11,Assam,North-East,2023-07,172,164.0,381,43.59,32.5,3.6,14.0,89.7,0.0,21,71,87,17,11,0,0,0,2
MS-AS-003,Cachar · AS11,Assam,North-East,2023-08,163,158.0,421,43.59,30.8,2.2,14.9,90.0,0.0,24,65,132,16,13,0,1,0,5
MS-AS-003,Cachar · AS11,Assam,North-East,2023-09,169,198.0,449,43.59,36.5,3.1,14.3,88.4,1.0,26,79,144,19,8,0,1,0,2
MS-AS-003,Cachar · AS11,Assam,North-East,2023-10,229,234.0,481,43.59,35.6,5.7,10.2,88.2,1.0,38,94,96,12,6,0,0,0,6
MS-AS-003,Cachar · AS11,Assam,North-East,2023-11,229,201.0,481,43.59,29.6,4.4,10.3,88.4,4.0,38,94,96,12,6,0,0,0,6
MS-AS-003,Cachar · AS11,Assam,North-East,2023-12,215,148.0,448,43.59,15.6,2.7,11.5,89.3,2.0,41,93,75,8,6,0,2,1,7
MS-AS-003,Cachar · AS11,Assam,North-East,2024-01,787,180.0,1801,43.59,0.0,1.8,9.4,88.8,3.0,121,450,308,51,37,3,17,0,23
MS-AS-003,Cachar · AS11,Assam,North-East,2024-02,166,151.0,349,43.59,2.8,3.0,14.1,88.6,0.0,21,88,53,8,6,0,0,0,5
MS-AS-003,Cachar · AS11,Assam,North-East,2024-03,148,173.0,362,43.59,9.1,2.4,26.6,89.1,2.0,24,96,65,11,7,1,4,0,5
MS-AS-003,Cachar · AS11,Assam,North-East,2024-04,122,235.0,263,43.59,56.6,26.6,36.2,87.2,1.0,21,67,36,5,4,1,2,0,5
MS-AS-003,Cachar · AS11,Assam,North-East,2024-05,121,239.0,316,43.59,87.7,44.7,51.7,84.8,1.0,23,72,74,11,7,1,3,0,4
MS-AS-009,Goalpara · AS18,Assam,North-East,2021-06,12,,53,41.6,,,,,,4,5,29,0,0,0,0,0,3
MS-AS-009,Goalpara · AS18,Assam,North-East,2021-07,29,,58,41.6,,,,,,1,5,20,1,0,0,0,0,1
MS-AS-009,Goalpara · AS18,Assam,North-East,2021-08,44,,111,41.6,,,,,,15,20,28,0,1,0,0,0,3
MS-AS-009,Goalpara · AS18,Assam,North-East,2021-09,53,,112,41.6,,,,,,12,21,20,0,0,0,0,0,6
MS-AS-009,Goalpara · AS18,Assam,North-East,2021-10,41,,101,41.6,,,,,,13,29,13,1,0,0,0,0,3
MS-AS-009,Goalpara · AS18,Assam,North-East,2021-11,46,,109,41.6,,,,,,6,33,20,1,1,0,0,0,2
MS-AS-009,Goalpara · AS18,Assam,North-East,2021-12,37,,108,41.6,,,,,,12,25,25,0,0,3,0,0,5
MS-AS-009,Goalpara · AS18,Assam,North-East,2022-01,37,,102,41.6,,,,,,8,28,22,1,0,0,0,0,3
MS-AS-009,Goalpara · AS18,Assam,North-East,2022-02,38,,102,41.6,,,,,,7,29,24,0,0,0,0,0,3
MS-AS-009,Goalpara · AS18,Assam,North-East,2022-03,43,,130,41.6,,,,,,13,43,24,0,0,1,0,0,6
MS-AS-009,Goalpara · AS18,Assam,North-East,2022-04,43,39.0,107,41.6,21.9,6.2,0.0,84.7,0.0,6,22,29,0,0,0,0,0,7
MS-AS-009,Goalpara · AS18,Assam,North-East,2022-05,44,40.0,117,41.6,23.7,4.0,0.0,84.9,0.0,11,26,29,0,0,0,0,0,7
MS-AS-009,Goalpara · AS18,Assam,North-East,2022-06,40,35.0,94,41.6,19.3,6.1,0.0,85.2,0.0,7,19,26,1,0,0,0,0,0
MS-AS-009,Goalpara · AS18,Assam,North-East,2022-07,31,36.0,80,41.6,27.2,4.1,3.5,85.8,2.0,5,21,21,0,0,0,0,0,2
MS-AS-009,Goalpara · AS18,Assam,North-East,2022-08,47,35.0,108,41.6,18.0,1.2,5.0,84.6,0.0,11,20,26,0,0,0,0,0,4
MS-AS-009,Goalpara · AS18,Assam,North-East,2022-09,28,44.0,66,41.6,46.7,15.6,4.7,82.5,0.0,10,10,16,0,0,0,0,0,2
MS-AS-009,Goalpara · AS18,Assam,North-East,2022-10,52,52.0,122,41.6,39.1,3.7,7.9,83.7,2.0,16,23,21,1,0,0,0,1,8
MS-AS-009,Goalpara · AS18,Assam,North-East,2022-11,47,45.0,138,41.6,34.9,2.6,7.2,83.7,1.0,12,37,36,0,0,0,0,0,4
MS-AS-009,Goalpara · AS18,Assam,North-East,2022-12,60,33.0,137,41.6,7.0,2.4,1.9,85.8,0.0,7,36,24,0,0,0,0,0,7
MS-AS-009,Goalpara · AS18,Assam,North-East,2023-01,45,40.0,121,41.6,9.8,0.1,0.0,85.7,1.0,17,25,34,0,0,0,0,0,0
MS-AS-009,Goalpara · AS18,Assam,North-East,2023-02,58,33.0,159,41.6,0.0,2.3,0.0,86.3,0.0,9,46,45,0,0,0,0,0,1
MS-AS-009,Goalpara · AS18,Assam,North-East,2023-03,67,38.0,191,41.6,0.0,4.6,0.4,83.7,0.0,11,52,56,0,3,0,0,0,1
MS-AS-009,Goalpara · AS18,Assam,North-East,2023-04,44,53.0,137,41.6,13.5,5.0,0.7,83.9,0.0,8,41,40,0,0,0,0,0,3
MS-AS-009,Goalpara · AS18,Assam,North-East,2023-05,46,53.0,137,41.6,21.7,1.0,0.0,84.2,1.0,6,29,53,0,1,0,0,0,1
MS-AS-009,Goalpara · AS18,Assam,North-East,2023-06,39,47.0,129,41.6,32.0,2.0,1.4,82.6,0.0,4,28,54,0,0,0,0,0,4
MS-AS-009,Goalpara · AS18,Assam,North-East,2023-07,50,49.0,150,41.6,31.7,3.9,0.0,83.7,2.0,3,50,44,0,1,0,0,0,2
MS-AS-009,Goalpara · AS18,Assam,North-East,2023-08,42,47.0,168,41.6,34.6,3.7,0.0,83.3,1.0,10,36,78,0,0,0,0,0,2
MS-AS-009,Goalpara · AS18,Assam,North-East,2023-09,52,59.0,191,41.6,36.6,2.8,0.0,83.4,0.0,8,34,96,0,0,0,0,0,1
MS-AS-009,Goalpara · AS18,Assam,North-East,2023-10,56,69.0,159,41.6,43.7,7.1,4.4,84.4,0.0,6,38,59,0,0,0,0,0,0
MS-AS-009,Goalpara · AS18,Assam,North-East,2023-11,58,60.0,161,41.6,36.7,3.1,2.9,84.5,0.0,10,46,46,0,0,0,0,0,1
MS-AS-009,Goalpara · AS18,Assam,North-East,2023-12,61,44.0,151,41.6,19.4,3.0,1.0,84.6,0.0,8,38,44,0,0,0,0,0,0
MS-AS-009,Goalpara · AS18,Assam,North-East,2024-01,37,53.0,99,41.6,35.6,1.6,2.1,83.6,0.0,1,38,19,1,0,0,0,0,3
MS-AS-009,Goalpara · AS18,Assam,North-East,2024-02,51,45.0,131,41.6,27.4,0.8,3.8,83.1,1.0,6,44,27,0,1,0,0,0,2
MS-AS-009,Goalpara · AS18,Assam,North-East,2024-03,43,51.0,126,41.6,35.9,2.6,4.9,82.6,0.0,2,49,26,0,2,0,0,0,2
MS-AS-009,Goalpara · AS18,Assam,North-East,2024-04,36,50.0,115,41.6,44.4,8.7,1.6,81.8,0.0,6,47,22,0,0,0,0,0,4
MS-AS-009,Goalpara · AS18,Assam,North-East,2024-05,41,51.0,101,41.6,51.9,20.2,3.1,80.7,0.0,3,44,10,0,0,0,0,0,3
MS-AS-015,Jorhat · AS3,Assam,North-East,2021-06,51,,300,43.82,,,,,,82,78,62,1,0,6,0,0,6
MS-AS-015,Jorhat · AS3,Assam,North-East,2021-07,44,,140,43.82,,,,,,8,43,24,2,1,5,0,0,4
MS-AS-015,Jorhat · AS3,Assam,North-East,2021-08,190,,486,43.82,,,,,,61,107,75,6,4,9,0,0,9
MS-AS-015,Jorhat · AS3,Assam,North-East,2021-09,144,,442,43.82,,,,,,84,108,46,5,3,17,0,1,11
MS-AS-015,Jorhat · AS3,Assam,North-East,2021-10,98,,390,43.82,,,,,,58,120,56,4,2,15,0,0,10
MS-AS-015,Jorhat · AS3,Assam,North-East,2021-11,133,,445,43.82,,,,,,61,113,73,4,7,10,1,0,14
MS-AS-015,Jorhat · AS3,Assam,North-East,2021-12,163,,542,43.82,,,,,,74,129,115,6,4,13,0,0,9
MS-AS-015,Jorhat · AS3,Assam,North-East,2022-01,176,,475,43.82,,,,,,41,142,72,0,1,18,0,0,9
MS-AS-015,Jorhat · AS3,Assam,North-East,2022-02,267,,687,43.82,,,,,,61,174,127,2,1,14,1,0,11
MS-AS-015,Jorhat · AS3,Assam,North-East,2022-03,278,,696,43.82,,,,,,79,174,124,6,2,12,0,1,3
MS-AS-015,Jorhat · AS3,Assam,North-East,2022-04,233,168.0,577,43.82,17.1,6.3,2.9,86.1,2.0,57,133,102,7,3,11,1,0,11
MS-AS-015,Jorhat · AS3,Assam,North-East,2022-05,280,171.0,599,43.82,5.4,1.9,1.0,87.6,3.0,69,121,91,1,6,7,0,2,6
MS-AS-015,Jorhat · AS3,Assam,North-East,2022-06,235,151.0,547,43.82,0.9,1.5,5.0,86.0,4.0,27,116,105,26,5,12,0,1,4
MS-AS-015,Jorhat · AS3,Assam,North-East,2022-07,275,155.0,631,43.82,0.0,4.0,4.8,88.6,3.0,49,152,100,28,1,7,1,0,4
MS-AS-015,Jorhat · AS3,Assam,North-East,2022-08,203,150.0,510,43.82,1.0,4.4,3.3,87.0,0.0,40,106,96,35,3,12,0,0,1
MS-AS-015,Jorhat · AS3,Assam,North-East,2022-09,252,187.0,695,43.82,2.4,3.3,5.2,86.0,0.0,72,156,129,46,6,4,0,0,8
MS-AS-015,Jorhat · AS3,Assam,North-East,2022-10,263,222.0,553,43.82,6.8,3.7,7.7,84.2,1.0,47,150,43,21,3,6,0,0,0
MS-AS-015,Jorhat · AS3,Assam,North-East,2022-11,194,190.0,569,43.82,13.2,3.7,4.5,83.3,1.0,57,135,130,18,8,8,0,0,1
MS-AS-015,Jorhat · AS3,Assam,North-East,2022-12,207,140.0,555,43.82,7.3,4.9,3.2,84.7,1.0,35,161,93,28,3,9,0,0,6
MS-AS-015,Jorhat · AS3,Assam,North-East,2023-01,219,170.0,570,43.82,7.6,0.0,4.0,85.6,1.0,82,141,76,18,1,8,0,0,5
MS-AS-015,Jorhat · AS3,Assam,North-East,2023-02,170,143.0,486,43.82,11.6,3.7,6.0,85.5,2.0,60,136,74,22,2,4,0,1,6
MS-AS-015,Jorhat · AS3,Assam,North-East,2023-03,234,163.0,614,43.82,4.9,1.8,0.7,86.0,0.0,63,181,66,25,16,5,2,0,11
MS-AS-015,Jorhat · AS3,Assam,North-East,2023-04,187,258.0,475,43.82,26.7,4.2,2.9,86.3,1.0,42,144,58,16,16,0,0,0,5
MS-AS-015,Jorhat · AS3,Assam,North-East,2023-05,207,263.0,457,43.82,37.2,3.8,8.6,85.2,2.0,35,105,75,12,13,1,1,1,2
MS-AS-015,Jorhat · AS3,Assam,North-East,2023-06,231,232.0,491,43.82,36.8,3.2,5.7,86.7,0.0,35,116,64,13,20,1,0,0,3
MS-AS-015,Jorhat · AS3,Assam,North-East,2023-07,247,240.0,526,43.82,36.9,1.6,2.1,86.7,1.0,56,109,70,13,20,1,0,2,4
MS-AS-015,Jorhat · AS3,Assam,North-East,2023-08,230,231.0,507,43.82,36.1,4.2,2.7,86.6,0.0,42,140,56,12,15,0,1,0,0
MS-AS-015,Jorhat · AS3,Assam,North-East,2023-09,250,289.0,546,43.82,40.7,3.6,6.2,86.9,1.0,45,141,63,19,19,1,0,1,1
MS-AS-015,Jorhat · AS3,Assam,North-East,2023-10,326,341.0,610,43.82,38.5,2.8,7.7,86.5,0.0,59,134,56,10,18,0,0,0,0
MS-AS-015,Jorhat · AS3,Assam,North-East,2023-11,233,293.0,506,43.82,46.2,14.1,6.6,89.1,2.0,39,119,75,17,13,1,0,3,1
MS-AS-015,Jorhat · AS3,Assam,North-East,2023-12,254,215.0,552,43.82,34.4,2.1,8.2,89.4,2.0,49,134,79,12,13,2,0,2,1
MS-AS-015,Jorhat · AS3,Assam,North-East,2024-01,250,262.0,511,43.82,33.8,2.1,6.0,88.4,1.0,43,126,68,3,14,2,1,0,0
MS-AS-015,Jorhat · AS3,Assam,North-East,2024-02,204,220.0,460,43.82,35.7,3.5,4.7,84.8,1.0,41,119,61,22,6,1,0,4,0
MS-AS-015,Jorhat · AS3,Assam,North-East,2024-03,209,252.0,540,43.82,40.5,3.0,1.2,84.9,2.0,37,174,82,17,17,1,1,0,0
MS-AS-015,Jorhat · AS3,Assam,North-East,2024-04,215,247.0,477,43.82,46.5,13.7,5.4,83.3,0.0,45,114,63,16,14,3,0,5,0
MS-AS-015,Jorhat · AS3,Assam,North-East,2024-05,205,251.0,437,43.82,49.2,15.5,3.2,84.4,5.0,19,134,46,13,15,1,0,2,1
MS-AS-021,Dibrugarh · AS6,Assam,North-East,2021-06,150,,415,42.51,,,,,,55,66,42,68,11,8,2,1,4
MS-AS-021,Dibrugarh · AS6,Assam,North-East,2021-07,202,,482,42.51,,,,,,57,66,64,34,19,11,10,1,9
MS-AS-021,Dibrugarh · AS6,Assam,North-East,2021-08,267,,555,42.51,,,,,,81,58,48,53,9,11,9,0,12
MS-AS-021,Dibrugarh · AS6,Assam,North-East,2021-09,237,,542,42.51,,,,,,78,85,49,34,22,19,10,0,5
MS-AS-021,Dibrugarh · AS6,Assam,North-East,2021-10,227,,517,42.51,,,,,,69,93,29,37,27,17,7,2,6
MS-AS-021,Dibrugarh · AS6,Assam,North-East,2021-11,195,,492,42.51,,,,,,48,78,75,41,25,15,6,0,9
MS-AS-021,Dibrugarh · AS6,Assam,North-East,2021-12,293,,618,42.51,,,,,,53,99,102,29,19,14,6,0,1
MS-AS-021,Dibrugarh · AS6,Assam,North-East,2022-01,166,,423,42.51,,,,,,67,84,33,19,21,12,11,0,5
MS-AS-021,Dibrugarh · AS6,Assam,North-East,2022-02,206,,495,42.51,,,,,,52,113,55,31,15,11,6,0,4
MS-AS-021,Dibrugarh · AS6,Assam,North-East,2022-03,267,,648,42.51,,,,,,58,143,95,41,13,14,7,0,8
MS-AS-021,Dibrugarh · AS6,Assam,North-East,2022-04,206,251.0,530,42.51,50.7,20.8,6.1,81.6,4.0,42,117,77,38,21,11,8,3,3
MS-AS-021,Dibrugarh · AS6,Assam,North-East,2022-05,281,256.0,617,42.51,35.3,5.0,1.6,81.8,1.0,55,144,55,27,26,13,5,1,6
MS-AS-021,Dibrugarh · AS6,Assam,North-East,2022-06,280,226.0,527,42.51,26.0,3.3,4.3,81.7,5.0,33,72,42,47,21,14,11,1,5
MS-AS-021,Dibrugarh · AS6,Assam,North-East,2022-07,245,233.0,554,42.51,22.5,2.2,2.0,82.6,0.0,57,131,46,37,21,5,10,0,2
MS-AS-021,Dibrugarh · AS6,Assam,North-East,2022-08,212,224.0,547,42.51,29.0,3.1,0.3,80.3,3.0,54,97,93,33,30,10,9,2,5
MS-AS-021,Dibrugarh · AS6,Assam,North-East,2022-09,349,280.0,709,42.51,20.1,3.3,1.1,80.2,4.0,50,141,89,28,26,11,7,1,7
MS-AS-021,Dibrugarh · AS6,Assam,North-East,2022-10,211,332.0,476,42.51,42.6,4.2,0.0,79.7,3.0,19,129,54,28,13,4,4,0,7
MS-AS-021,Dibrugarh · AS6,Assam,North-East,2022-11,320,285.0,781,42.51,32.1,5.0,0.0,79.6,3.0,63,190,113,31,26,16,4,1,7
MS-AS-021,Dibrugarh · AS6,Assam,North-East,2022-12,355,209.0,734,42.51,12.5,2.5,0.0,80.3,4.0,49,161,103,17,21,4,3,1,8
MS-AS-021,Dibrugarh · AS6,Assam,North-East,2023-01,316,255.0,625,42.51,9.7,6.5,2.6,80.5,3.0,41,141,85,18,9,7,3,1,0
MS-AS-021,Dibrugarh · AS6,Assam,North-East,2023-02,303,214.0,655,42.51,6.6,0.3,1.6,82.0,3.0,27,168,110,10,14,8,3,3,4
MS-AS-021,Dibrugarh · AS6,Assam,North-East,2023-03,327,245.0,733,42.51,5.8,3.3,3.8,82.9,1.0,50,179,108,14,27,7,3,6,3
MS-AS-021,Dibrugarh · AS6,Assam,North-East,2023-04,243,318.0,634,42.51,23.2,3.1,5.5,82.9,4.0,60,186,87,15,17,6,5,5,2
MS-AS-021,Dibrugarh · AS6,Assam,North-East,2023-05,211,324.0,532,42.51,38.4,3.7,6.7,82.2,4.0,39,113,106,13,24,3,5,8,3
MS-AS-021,Dibrugarh · AS6,Assam,North-East,2023-06,222,286.0,595,42.51,53.7,20.3,6.4,83.2,2.0,38,152,131,9,24,6,3,7,0
MS-AS-021,Dibrugarh · AS6,Assam,North-East,2023-07,261,295.0,606,42.51,51.0,18.6,3.8,82.2,3.0,49,137,89,12,34,5,2,3,2
MS-AS-021,Dibrugarh · AS6,Assam,North-East,2023-08,275,284.0,609,42.51,48.4,16.8,2.8,82.7,0.0,52,122,89,24,27,2,6,1,3
MS-AS-021,Dibrugarh · AS6,Assam,North-East,2023-09,283,355.0,671,42.51,50.4,18.1,7.5,83.3,1.0,59,175,84,20,28,5,5,6,3
MS-AS-021,Dibrugarh · AS6,Assam,North-East,2023-10,310,420.0,654,42.51,59.6,31.4,11.8,82.2,2.0,51,129,97,21,20,13,2,7,1
MS-AS-021,Dibrugarh · AS6,Assam,North-East,2023-11,257,361.0,570,42.51,64.3,29.6,15.5,82.4,3.0,53,141,59,14,25,9,4,6,0
MS-AS-021,Dibrugarh · AS6,Assam,North-East,2023-12,251,265.0,566,42.51,58.4,24.9,11.6,83.1,1.0,47,143,77,4,23,8,3,6,1
MS-AS-021,Dibrugarh · AS6,Assam,North-East,2024-01,276,323.0,588,42.51,62.1,29.6,13.5,82.5,2.0,49,129,64,16,27,10,2,9,0
MS-AS-021,Dibrugarh · AS6,Assam,North-East,2024-02,225,271.0,507,42.51,58.9,27.1,12.0,84.4,2.0,45,133,45,15,26,6,0,7,0
MS-AS-021,Dibrugarh · AS6,Assam,North-East,2024-03,239,310.0,563,42.51,59.0,28.1,10.8,82.7,4.0,32,163,75,18,23,2,2,7,1
MS-AS-021,Dibrugarh · AS6,Assam,North-East,2024-04,220,266.0,509,42.51,58.5,27.8,11.5,82.7,2.0,53,109,60,17,26,2,5,9,3
MS-AS-021,Dibrugarh · AS6,Assam,North-East,2024-05,174,271.0,443,42.51,69.8,34.6,19.3,81.9,2.0,37,133,46,15,18,4,4,5,1
MS-BR-004,Gaya · BR2,Bihar,East,2021-06,91,,289,26.62,,,,,,47,69,42,0,6,2,0,0,22
MS-BR-004,Gaya · BR2,Bihar,East,2021-07,114,,333,26.62,,,,,,45,66,59,2,15,8,0,0,16
MS-BR-004,Gaya · BR2,Bihar,East,2021-08,124,,350,26.62,,,,,,43,74,69,0,15,5,1,0,15
MS-BR-004,Gaya · BR2,Bihar,East,2021-09,84,,283,26.62,,,,,,46,64,59,0,7,4,0,0,17
MS-BR-004,Gaya · BR2,Bihar,East,2021-10,128,,359,26.62,,,,,,38,84,69,0,4,8,0,0,27
MS-BR-004,Gaya · BR2,Bihar,East,2021-11,185,,517,26.62,,,,,,61,120,98,0,10,17,0,0,25
MS-BR-004,Gaya · BR2,Bihar,East,2021-12,100,,318,26.62,,,,,,34,92,53,2,8,7,1,1,19
MS-BR-004,Gaya · BR2,Bihar,East,2022-01,170,,420,26.62,,,,,,34,135,58,1,8,2,0,0,11
MS-BR-004,Gaya · BR2,Bihar,East,2022-02,189,,455,26.62,,,,,,53,117,71,0,3,7,0,0,13
MS-BR-004,Gaya · BR2,Bihar,East,2022-03,166,,452,26.62,,,,,,42,124,88,2,7,4,1,1,17
MS-BR-004,Gaya · BR2,Bihar,East,2022-04,157,130.0,447,26.62,23.0,2.2,1.7,84.6,0.0,41,124,85,2,13,12,0,0,13
MS-BR-004,Gaya · BR2,Bihar,East,2022-05,158,129.0,420,26.62,17.1,2.7,3.8,84.3,0.0,49,125,48,0,13,11,1,0,14
MS-BR-004,Gaya · BR2,Bihar,East,2022-06,137,125.0,366,26.62,16.1,4.9,3.1,83.2,1.0,32,94,76,2,11,7,0,0,7
MS-BR-004,Gaya · BR2,Bihar,East,2022-07,129,119.0,397,26.62,19.7,2.3,4.5,85.6,5.0,46,122,73,1,10,3,1,0,12
MS-BR-004,Gaya · BR2,Bihar,East,2022-08,110,108.0,298,26.62,20.7,2.4,5.0,85.0,2.0,21,81,61,2,10,4,1,0,7
MS-BR-004,Gaya · BR2,Bihar,East,2022-09,130,127.0,381,26.62,20.4,0.6,5.8,82.7,0.0,28,116,94,1,2,1,0,1,6
MS-BR-004,Gaya · BR2,Bihar,East,2022-10,210,157.0,531,26.62,12.9,2.4,3.9,84.4,1.0,47,139,110,1,3,6,0,2,13
MS-BR-004,Gaya · BR2,Bihar,East,2022-11,166,172.0,434,26.62,18.2,1.0,1.8,82.6,2.0,33,112,92,0,11,10,0,1,9
MS-BR-004,Gaya · BR2,Bihar,East,2022-12,95,125.0,367,26.62,28.4,7.2,4.0,85.5,0.0,30,106,111,4,8,2,0,0,11
MS-BR-004,Gaya · BR2,Bihar,East,2023-01,213,165.0,537,26.62,17.1,2.1,4.7,86.0,1.0,32,154,105,1,6,13,0,0,11
MS-BR-004,Gaya · BR2,Bihar,East,2023-02,140,122.0,465,26.62,17.8,3.2,4.2,85.0,0.0,37,151,121,0,7,5,0,0,4
MS-BR-004,Gaya · BR2,Bihar,East,2023-03,167,133.0,441,26.62,12.4,5.2,3.7,86.8,2.0,38,126,87,0,8,2,0,0,13
MS-BR-004,Gaya · BR2,Bihar,East,2023-04,134,163.0,392,26.62,24.6,6.6,1.8,85.8,1.0,23,128,82,1,9,8,0,0,7
MS-BR-004,Gaya · BR2,Bihar,East,2023-05,171,163.0,446,26.62,23.6,3.0,1.0,83.2,1.0,32,116,104,0,7,6,0,0,9
MS-BR-004,Gaya · BR2,Bihar,East,2023-06,142,158.0,374,26.62,28.2,2.4,3.3,83.3,0.0,50,71,90,0,8,7,0,0,6
MS-BR-004,Gaya · BR2,Bihar,East,2023-07,117,150.0,348,26.62,39.8,4.9,4.2,84.2,0.0,43,85,92,1,7,0,1,0,2
MS-BR-004,Gaya · BR2,Bihar,East,2023-08,117,136.0,346,26.62,48.0,16.3,4.8,83.4,1.0,46,89,78,2,4,2,0,0,8
MS-BR-004,Gaya · BR2,Bihar,East,2023-09,98,160.0,448,26.62,63.6,30.3,11.1,82.8,0.0,38,168,109,2,12,6,0,0,15
MS-BR-004,Gaya · BR2,Bihar,East,2023-10,147,198.0,432,26.62,64.1,32.3,10.6,83.7,3.0,20,128,111,0,7,5,1,0,12
MS-BR-004,Gaya · BR2,Bihar,East,2023-11,246,216.0,599,26.62,41.5,6.2,0.9,84.8,2.0,57,124,135,2,11,14,1,1,8
MS-BR-004,Gaya · BR2,Bihar,East,2023-12,112,158.0,329,26.62,44.7,9.3,1.3,82.3,0.0,16,94,80,6,7,4,0,0,8
MS-BR-004,Gaya · BR2,Bihar,East,2024-01,165,207.0,420,26.62,48.3,16.8,1.2,81.4,2.0,33,104,79,13,10,6,1,1,8
MS-BR-004,Gaya · BR2,Bihar,East,2024-02,154,153.0,445,26.62,49.1,15.7,3.1,80.7,4.0,43,119,90,11,11,3,1,1,11
MS-BR-004,Gaya · BR2,Bihar,East,2024-03,140,167.0,405,26.62,46.4,13.2,4.7,80.4,1.0,22,128,73,20,6,6,0,0,10
MS-BR-004,Gaya · BR2,Bihar,East,2024-04,144,146.0,443,26.62,41.2,4.3,5.4,80.4,3.0,48,126,77,27,7,0,0,2,11
MS-BR-004,Gaya · BR2,Bihar,East,2024-05,119,146.0,369,26.62,47.3,14.3,4.4,82.2,2.0,23,119,80,11,6,3,0,0,7
MS-BR-010,Bhojpur · BR3,Bihar,East,2021-06,38,,98,29.31,,,,,,7,9,43,0,0,0,0,0,0
MS-BR-010,Bhojpur · BR3,Bihar,East,2021-07,42,,75,29.31,,,,,,3,7,23,0,0,0,0,0,0
MS-BR-010,Bhojpur · BR3,Bihar,East,2021-08,43,,106,29.31,,,,,,13,26,19,1,1,0,0,0,1
MS-BR-010,Bhojpur · BR3,Bihar,East,2021-09,25,,79,29.31,,,,,,6,18,30,0,0,0,0,0,0
MS-BR-010,Bhojpur · BR3,Bihar,East,2021-10,31,,93,29.31,,,,,,13,21,26,0,0,0,0,0,0
MS-BR-010,Bhojpur · BR3,Bihar,East,2021-11,35,,96,29.31,,,,,,7,19,34,0,0,0,0,0,1
MS-BR-010,Bhojpur · BR3,Bihar,East,2021-12,33,,97,29.31,,,,,,10,18,36,0,0,0,0,0,0
MS-BR-010,Bhojpur · BR3,Bihar,East,2022-01,17,,68,29.31,,,,,,3,15,30,0,2,0,0,0,1
MS-BR-010,Bhojpur · BR3,Bihar,East,2022-02,27,,78,29.31,,,,,,4,13,31,2,0,0,0,0,1
MS-BR-010,Bhojpur · BR3,Bihar,East,2022-03,27,,99,29.31,,,,,,10,21,38,1,2,0,0,0,0
MS-BR-010,Bhojpur · BR3,Bihar,East,2022-04,9,31.0,74,29.31,109.7,49.5,38.3,84.7,0.0,4,21,40,0,0,0,0,0,0
MS-BR-010,Bhojpur · BR3,Bihar,East,2022-05,34,31.0,88,29.31,40.4,4.0,11.8,90.9,0.0,3,12,38,0,0,1,0,0,0
MS-BR-010,Bhojpur · BR3,Bihar,East,2022-06,23,30.0,66,29.31,48.1,15.9,13.4,87.3,0.0,5,9,27,0,2,0,0,0,0
MS-BR-010,Bhojpur · BR3,Bihar,East,2022-07,24,29.0,80,29.31,42.0,6.2,9.2,87.9,1.0,3,13,40,0,0,0,0,0,0
MS-BR-010,Bhojpur · BR3,Bihar,East,2022-08,21,26.0,84,29.31,48.3,18.3,8.6,89.6,0.0,3,18,40,0,1,0,1,0,0
MS-BR-010,Bhojpur · BR3,Bihar,East,2022-09,22,31.0,86,29.31,59.2,26.1,11.3,87.5,0.0,5,22,35,1,0,0,0,1,0
MS-BR-010,Bhojpur · BR3,Bihar,East,2022-10,36,38.0,132,29.31,50.2,19.2,5.5,87.3,2.0,6,48,39,2,0,0,0,0,0
MS-BR-010,Bhojpur · BR3,Bihar,East,2022-11,35,42.0,117,29.31,47.5,17.1,4.8,88.1,0.0,9,21,45,3,1,0,0,2,0
MS-BR-010,Bhojpur · BR3,Bihar,East,2022-12,18,30.0,64,29.31,56.1,23.1,8.9,88.0,1.0,3,17,25,0,1,0,0,0,0
MS-BR-010,Bhojpur · BR3,Bihar,East,2023-01,33,40.0,112,29.31,58.4,25.7,12.2,86.7,0.0,2,30,44,1,1,0,0,1,0
MS-BR-010,Bhojpur · BR3,Bihar,East,2023-02,49,30.0,104,29.31,26.3,5.3,2.2,87.0,0.0,4,18,28,1,1,2,0,0,0
MS-BR-010,Bhojpur · BR3,Bihar,East,2023-03,20,32.0,88,29.31,36.5,1.5,3.7,87.7,1.0,5,28,35,0,0,0,0,0,0
MS-BR-010,Bhojpur · BR3,Bihar,East,2023-04,29,29.0,104,29.31,33.8,3.2,4.1,87.3,0.0,9,23,37,2,3,0,0,1,0
MS-BR-010,Bhojpur · BR3,Bihar,East,2023-05,33,29.0,93,29.31,34.5,2.9,2.4,86.4,0.0,9,26,24,1,0,0,0,0,0
MS-BR-010,Bhojpur · BR3,Bihar,East,2023-06,23,28.0,92,29.31,38.5,2.4,2.0,87.8,0.0,4,24,39,0,2,0,0,0,0
MS-BR-010,Bhojpur · BR3,Bihar,East,2023-07,24,27.0,87,29.31,42.2,6.5,4.1,86.8,0.0,2,22,36,1,1,0,0,0,0
MS-BR-010,Bhojpur · BR3,Bihar,East,2023-08,27,24.0,90,29.31,34.6,1.6,2.5,88.8,0.0,6,21,36,0,0,0,0,0,0
MS-BR-010,Bhojpur · BR3,Bihar,East,2023-09,35,29.0,171,29.31,23.5,0.9,3.5,91.2,0.0,4,88,40,0,2,2,0,0,0
MS-BR-010,Bhojpur · BR3,Bihar,East,2023-10,31,35.0,154,29.31,32.0,3.2,6.7,89.7,0.0,2,80,37,1,3,0,0,0,0
MS-BR-010,Bhojpur · BR3,Bihar,East,2023-11,28,39.0,182,29.31,43.2,10.4,6.6,88.3,0.0,10,93,47,1,3,0,0,0,0
MS-BR-010,Bhojpur · BR3,Bihar,East,2023-12,24,28.0,156,29.31,49.6,19.4,8.4,87.7,1.0,3,93,35,0,1,0,0,0,0
MS-BR-010,Bhojpur · BR3,Bihar,East,2024-01,20,37.0,170,29.31,78.8,41.8,17.2,85.6,0.0,6,106,35,0,1,1,0,0,0
MS-BR-010,Bhojpur · BR3,Bihar,East,2024-02,22,27.0,130,29.31,77.8,37.7,14.2,85.1,0.0,4,69,30,0,3,1,0,1,0
MS-BR-010,Bhojpur · BR3,Bihar,East,2024-03,25,30.0,175,29.31,70.5,34.5,13.4,88.6,0.0,7,94,47,1,1,0,0,0,0
MS-BR-010,Bhojpur · BR3,Bihar,East,2024-04,37,27.0,182,29.31,34.6,0.3,1.3,91.2,0.0,3,106,31,1,3,0,1,0,0
MS-BR-010,Bhojpur · BR3,Bihar,East,2024-05,20,27.0,136,29.31,40.4,4.8,1.7,88.6,0.0,5,85,22,1,3,0,0,0,0
MS-BR-016,Motihari · BR5,Bihar,East,2021-06,21,,145,28.34,,,,,,6,53,57,3,3,0,0,1,0
MS-BR-016,Motihari · BR5,Bihar,East,2021-07,34,,163,28.34,,,,,,6,38,73,4,7,0,0,0,0
MS-BR-016,Motihari · BR5,Bihar,East,2021-08,29,,149,28.34,,,,,,12,24,71,0,9,1,0,0,0
MS-BR-016,Motihari · BR5,Bihar,East,2021-09,16,,122,28.34,,,,,,6,34,58,0,8,0,0,0,0
MS-BR-016,Motihari · BR5,Bihar,East,2021-10,9,,135,28.34,,,,,,7,55,52,1,9,1,0,0,0
MS-BR-016,Motihari · BR5,Bihar,East,2021-11,28,,188,28.34,,,,,,13,41,96,0,8,1,0,0,1
MS-BR-016,Motihari · BR5,Bihar,East,2021-12,31,,139,28.34,,,,,,2,50,53,0,3,0,0,0,0
MS-BR-016,Motihari · BR5,Bihar,East,2022-01,39,,160,28.34,,,,,,9,37,67,1,4,0,1,1,1
MS-BR-016,Motihari · BR5,Bihar,East,2022-02,58,,212,28.34,,,,,,12,68,69,0,4,1,0,0,0
MS-BR-016,Motihari · BR5,Bihar,East,2022-03,50,,205,28.34,,,,,,10,49,81,5,9,0,0,0,0
MS-BR-016,Motihari · BR5,Bihar,East,2022-04,18,29.0,172,28.34,60.3,27.9,8.5,88.9,0.0,13,58,80,1,2,0,0,0,0
MS-BR-016,Motihari · BR5,Bihar,East,2022-05,30,29.0,162,28.34,40.3,1.0,1.8,91.9,0.0,12,48,63,5,2,0,0,1,0
MS-BR-016,Motihari · BR5,Bihar,East,2022-06,32,28.0,143,28.34,31.1,0.6,1.7,90.7,0.0,11,45,51,3,1,0,0,0,0
MS-BR-016,Motihari · BR5,Bihar,East,2022-07,40,27.0,164,28.34,13.3,3.9,4.4,92.5,1.0,10,34,71,1,6,0,1,0,0
MS-BR-016,Motihari · BR5,Bihar,East,2022-08,31,25.0,152,28.34,12.1,4.8,5.8,91.9,0.0,11,40,58,2,3,5,1,1,0
MS-BR-016,Motihari · BR5,Bihar,East,2022-09,35,29.0,163,28.34,13.1,2.8,4.1,89.9,0.0,6,41,74,1,5,0,0,1,0
MS-BR-016,Motihari · BR5,Bihar,East,2022-10,82,36.0,280,28.34,0.0,1.9,2.0,91.2,0.0,8,77,105,3,3,0,0,1,0
MS-BR-016,Motihari · BR5,Bihar,East,2022-11,63,39.0,244,28.34,0.0,2.6,1.3,91.3,0.0,18,66,88,2,3,0,0,1,1
MS-BR-016,Motihari · BR5,Bihar,East,2022-12,30,28.0,155,28.34,4.6,0.2,0.6,91.5,0.0,10,49,62,1,3,0,0,0,0
MS-BR-016,Motihari · BR5,Bihar,East,2023-01,49,37.0,231,28.34,3.4,3.1,0.6,89.4,0.0,19,66,86,1,6,1,0,0,0
MS-BR-016,Motihari · BR5,Bihar,East,2023-02,56,28.0,208,28.34,0.0,3.5,1.7,89.0,0.0,10,52,80,3,6,1,0,0,0
MS-BR-016,Motihari · BR5,Bihar,East,2023-03,60,30.0,290,28.34,0.0,3.1,4.4,89.6,0.0,15,84,118,2,6,0,2,1,1
MS-BR-016,Motihari · BR5,Bihar,East,2023-04,48,47.0,202,28.34,9.8,2.4,4.9,91.0,0.0,18,50,71,4,7,2,1,0,0
MS-BR-016,Motihari · BR5,Bihar,East,2023-05,46,47.0,236,28.34,18.8,2.7,6.4,89.8,0.0,11,62,109,1,3,1,1,0,0
MS-BR-016,Motihari · BR5,Bihar,East,2023-06,48,46.0,198,28.34,24.2,3.0,5.7,86.7,0.0,13,55,70,3,6,1,0,1,0
MS-BR-016,Motihari · BR5,Bihar,East,2023-07,38,43.0,193,28.34,32.1,3.5,4.3,86.7,0.0,7,51,92,0,4,0,0,0,0
MS-BR-016,Motihari · BR5,Bihar,East,2023-08,38,40.0,177,28.34,32.7,0.7,4.2,86.7,2.0,10,42,83,2,1,0,1,0,0
MS-BR-016,Motihari · BR5,Bihar,East,2023-09,35,46.0,184,28.34,48.9,15.7,2.2,87.7,0.0,12,36,94,1,4,0,0,0,2
MS-BR-016,Motihari · BR5,Bihar,East,2023-10,62,57.0,228,28.34,37.2,4.9,0.0,88.2,0.0,11,68,80,0,3,1,0,1,0
MS-BR-016,Motihari · BR5,Bihar,East,2023-11,70,63.0,312,28.34,30.7,2.1,0.0,88.6,0.0,12,99,123,1,2,1,0,0,1
MS-BR-016,Motihari · BR5,Bihar,East,2023-12,39,46.0,121,28.34,30.2,2.8,0.0,89.8,0.0,9,29,42,0,2,0,0,0,0
MS-BR-016,Motihari · BR5,Bihar,East,2024-01,40,60.0,226,28.34,48.0,14.2,1.7,89.4,0.0,16,81,76,5,6,1,0,0,0
MS-BR-016,Motihari · BR5,Bihar,East,2024-02,52,45.0,219,28.34,37.6,2.6,1.0,87.4,1.0,21,63,76,2,3,1,0,1,0
MS-BR-016,Motihari · BR5,Bihar,East,2024-03,66,49.0,248,28.34,19.6,3.3,0.0,87.3,0.0,20,66,84,0,9,0,2,0,1
MS-BR-016,Motihari · BR5,Bihar,East,2024-04,57,49.0,222,28.34,16.0,3.2,2.5,90.4,0.0,15,81,56,2,7,2,0,0,0
MS-BR-016,Motihari · BR5,Bihar,East,2024-05,40,49.0,198,28.34,28.3,0.8,4.4,88.9,0.0,15,62,67,4,8,0,1,0,0
MS-CG-002,Janjgir Champa · CG11,Chhattisgarh,Central,2021-06,131,,226,33.37,,,,,,20,39,23,0,2,0,2,2,5
MS-CG-002,Janjgir Champa · CG11,Chhattisgarh,Central,2021-07,101,,218,33.37,,,,,,25,32,27,7,4,3,3,0,12
MS-CG-002,Janjgir Champa · CG11,Chhattisgarh,Central,2021-08,106,,199,33.37,,,,,,15,25,22,5,4,1,2,0,18
MS-CG-002,Janjgir Champa · CG11,Chhattisgarh,Central,2021-09,91,,195,33.37,,,,,,21,47,16,2,4,1,0,0,12
MS-CG-002,Janjgir Champa · CG11,Chhattisgarh,Central,2021-10,123,,268,33.37,,,,,,34,51,35,4,7,1,2,0,9
MS-CG-002,Janjgir Champa · CG11,Chhattisgarh,Central,2021-11,124,,250,33.37,,,,,,26,44,25,8,4,0,0,1,18
MS-CG-002,Janjgir Champa · CG11,Chhattisgarh,Central,2021-12,90,,211,33.37,,,,,,21,53,25,7,5,0,1,1,6
MS-CG-002,Janjgir Champa · CG11,Chhattisgarh,Central,2022-01,108,,232,33.37,,,,,,27,41,26,3,8,3,3,0,9
MS-CG-002,Janjgir Champa · CG11,Chhattisgarh,Central,2022-02,92,,224,33.37,,,,,,28,50,33,3,6,1,4,0,6
MS-CG-002,Janjgir Champa · CG11,Chhattisgarh,Central,2022-03,91,,239,33.37,,,,,,25,58,34,8,6,1,2,0,12
MS-CG-002,Janjgir Champa · CG11,Chhattisgarh,Central,2022-04,90,92.0,222,33.37,32.6,2.7,4.0,84.7,0.0,33,44,26,7,8,0,0,1,12
MS-CG-002,Janjgir Champa · CG11,Chhattisgarh,Central,2022-05,110,104.0,236,33.37,28.2,1.5,0.0,84.8,1.0,24,47,39,7,6,0,0,1,2
MS-CG-002,Janjgir Champa · CG11,Chhattisgarh,Central,2022-06,85,84.0,203,33.37,28.6,6.4,0.0,85.4,0.0,20,51,25,9,6,0,1,0,5
MS-CG-002,Janjgir Champa · CG11,Chhattisgarh,Central,2022-07,79,98.0,234,33.37,36.1,1.0,0.0,82.5,1.0,21,72,31,10,12,0,0,2,5
MS-CG-002,Janjgir Champa · CG11,Chhattisgarh,Central,2022-08,91,74.0,228,33.37,30.2,1.7,0.0,83.6,2.0,30,44,34,10,5,1,1,3,8
MS-CG-002,Janjgir Champa · CG11,Chhattisgarh,Central,2022-09,88,72.0,193,33.37,25.7,2.2,0.0,85.5,1.0,18,37,30,7,3,0,2,0,7
MS-CG-002,Janjgir Champa · CG11,Chhattisgarh,Central,2022-10,174,119.0,421,33.37,8.4,3.0,1.4,84.0,0.0,52,98,54,12,9,1,2,3,16
MS-CG-002,Janjgir Champa · CG11,Chhattisgarh,Central,2022-11,76,146.0,183,33.37,31.5,0.9,5.0,83.9,0.0,31,35,32,4,1,0,1,0,3
MS-CG-002,Janjgir Champa · CG11,Chhattisgarh,Central,2022-12,75,94.0,189,33.37,36.3,4.8,7.4,83.5,2.0,12,49,36,7,0,0,2,1,6
MS-CG-002,Janjgir Champa · CG11,Chhattisgarh,Central,2023-01,136,113.0,284,33.37,30.6,5.3,9.2,83.1,1.0,30,48,55,6,1,0,2,0,6
MS-CG-002,Janjgir Champa · CG11,Chhattisgarh,Central,2023-02,95,106.0,277,33.37,33.8,4.3,3.3,84.5,1.0,25,82,44,13,7,1,1,2,6
MS-CG-002,Janjgir Champa · CG11,Chhattisgarh,Central,2023-03,123,106.0,285,33.37,25.6,1.9,0.0,83.5,3.0,20,74,46,6,9,1,1,0,5
MS-CG-002,Janjgir Champa · CG11,Chhattisgarh,Central,2023-04,64,105.0,172,33.37,46.8,13.9,5.6,84.5,4.0,20,46,29,6,2,0,1,0,2
MS-CG-002,Janjgir Champa · CG11,Chhattisgarh,Central,2023-05,108,118.0,216,33.37,43.2,7.9,1.6,84.2,1.0,21,37,29,9,8,0,0,0,4
MS-CG-002,Janjgir Champa · CG11,Chhattisgarh,Central,2023-06,93,96.0,223,33.37,47.2,12.4,3.4,84.8,1.0,18,60,36,7,8,0,0,0,1
MS-CG-002,Janjgir Champa · CG11,Chhattisgarh,Central,2023-07,84,111.0,197,33.37,51.3,19.4,6.9,83.7,0.0,14,56,30,5,6,0,1,0,0
MS-CG-002,Janjgir Champa · CG11,Chhattisgarh,Central,2023-08,108,84.0,254,33.37,36.1,3.4,2.8,84.2,2.0,27,60,37,7,15,0,0,0,0
MS-CG-002,Janjgir Champa · CG11,Chhattisgarh,Central,2023-09,101,81.0,257,33.37,26.5,4.0,1.4,83.1,0.0,28,58,50,9,4,2,1,1,3
MS-CG-002,Janjgir Champa · CG11,Chhattisgarh,Central,2023-10,166,134.0,309,33.37,15.7,2.8,2.2,83.1,3.0,19,54,37,12,14,0,1,1,4
MS-CG-002,Janjgir Champa · CG11,Chhattisgarh,Central,2023-11,188,165.0,386,33.37,12.7,2.4,3.7,81.5,0.0,33,72,60,11,7,0,1,3,7
MS-CG-002,Janjgir Champa · CG11,Chhattisgarh,Central,2023-12,101,106.0,206,33.37,16.5,2.7,6.4,83.4,1.0,13,48,31,5,5,0,0,0,3
MS-CG-002,Janjgir Champa · CG11,Chhattisgarh,Central,2024-01,147,128.0,293,33.37,15.7,3.8,6.4,84.2,2.0,21,63,41,6,7,0,1,1,6
MS-CG-002,Janjgir Champa · CG11,Chhattisgarh,Central,2024-02,134,120.0,291,33.37,18.4,0.6,2.2,83.0,0.0,24,66,44,11,11,0,0,0,1
MS-CG-002,Janjgir Champa · CG11,Chhattisgarh,Central,2024-03,142,120.0,304,33.37,13.5,5.2,0.0,83.0,0.0,29,57,49,19,4,0,1,0,3
MS-CG-002,Janjgir Champa · CG11,Chhattisgarh,Central,2024-04,140,113.0,274,33.37,12.2,1.1,0.9,82.6,2.0,22,47,41,14,4,0,1,0,3
MS-CG-002,Janjgir Champa · CG11,Chhattisgarh,Central,2024-05,126,128.0,268,33.37,16.7,4.3,0.7,83.4,2.0,26,48,42,15,7,0,1,1,1
MS-CG-008,Jagdalpur · CG17,Chhattisgarh,Central,2021-06,46,,126,32.4,,,,,,22,19,17,3,4,2,2,0,9
MS-CG-008,Jagdalpur · CG17,Chhattisgarh,Central,2021-07,56,,140,32.4,,,,,,20,31,19,2,5,0,0,0,6
MS-CG-008,Jagdalpur · CG17,Chhattisgarh,Central,2021-08,44,,145,32.4,,,,,,19,39,23,4,2,2,0,4,6
MS-CG-008,Jagdalpur · CG17,Chhattisgarh,Central,2021-09,38,,107,32.4,,,,,,14,27,8,1,2,0,1,2,11
MS-CG-008,Jagdalpur · CG17,Chhattisgarh,Central,2021-10,45,,147,32.4,,,,,,33,26,17,0,6,2,2,0,16
MS-CG-008,Jagdalpur · CG17,Chhattisgarh,Central,2021-11,47,,149,32.4,,,,,,19,28,28,0,3,5,1,1,14
MS-CG-008,Jagdalpur · CG17,Chhattisgarh,Central,2021-12,34,,132,32.4,,,,,,19,27,33,0,3,2,0,2,12
MS-CG-008,Jagdalpur · CG17,Chhattisgarh,Central,2022-01,33,,136,32.4,,,,,,24,35,15,2,6,4,1,1,15
MS-CG-008,Jagdalpur · CG17,Chhattisgarh,Central,2022-02,39,,134,32.4,,,,,,19,36,26,1,3,1,1,1,6
MS-CG-008,Jagdalpur · CG17,Chhattisgarh,Central,2022-03,33,,125,32.4,,,,,,21,34,18,3,7,2,2,1,4
MS-CG-008,Jagdalpur · CG17,Chhattisgarh,Central,2022-04,40,36.0,149,32.4,38.0,3.7,3.9,83.4,0.0,16,39,31,3,8,0,0,0,12
MS-CG-008,Jagdalpur · CG17,Chhattisgarh,Central,2022-05,52,40.0,138,32.4,23.0,1.8,2.4,84.9,0.0,11,36,17,0,10,0,1,2,9
MS-CG-008,Jagdalpur · CG17,Chhattisgarh,Central,2022-06,47,33.0,133,32.4,12.3,2.8,1.1,83.7,0.0,12,29,22,2,6,1,1,0,13
MS-CG-008,Jagdalpur · CG17,Chhattisgarh,Central,2022-07,40,38.0,128,32.4,12.9,2.0,0.9,81.9,1.0,22,27,18,3,5,0,1,3,9
MS-CG-008,Jagdalpur · CG17,Chhattisgarh,Central,2022-08,31,29.0,124,32.4,18.4,2.3,2.6,83.6,2.0,27,18,18,3,11,2,0,2,11
MS-CG-008,Jagdalpur · CG17,Chhattisgarh,Central,2022-09,26,28.0,133,32.4,24.1,0.3,3.8,86.1,0.0,24,50,18,3,8,0,0,1,2
MS-CG-008,Jagdalpur · CG17,Chhattisgarh,Central,2022-10,58,46.0,189,32.4,11.0,2.5,4.7,84.6,0.0,20,60,28,1,15,1,0,1,5
MS-CG-008,Jagdalpur · CG17,Chhattisgarh,Central,2022-11,39,56.0,125,32.4,35.7,1.9,3.8,86.2,0.0,11,36,24,0,6,0,0,0,9
MS-CG-008,Jagdalpur · CG17,Chhattisgarh,Central,2022-12,46,36.0,148,32.4,24.8,3.7,4.6,84.7,0.0,24,34,28,1,4,2,0,0,8
MS-CG-008,Jagdalpur · CG17,Chhattisgarh,Central,2023-01,34,44.0,132,32.4,39.3,1.5,7.1,84.7,0.0,9,45,21,5,10,2,0,1,5
MS-CG-008,Jagdalpur · CG17,Chhattisgarh,Central,2023-02,69,41.0,151,32.4,12.7,0.4,4.8,84.3,0.0,16,30,14,4,8,5,1,0,3
MS-CG-008,Jagdalpur · CG17,Chhattisgarh,Central,2023-03,25,41.0,119,32.4,26.9,1.5,3.0,82.7,0.0,20,36,22,2,6,1,0,0,6
MS-CG-008,Jagdalpur · CG17,Chhattisgarh,Central,2023-04,36,43.0,104,32.4,30.9,1.6,3.4,83.0,2.0,18,35,9,1,2,0,0,0,3
MS-CG-008,Jagdalpur · CG17,Chhattisgarh,Central,2023-05,42,49.0,143,32.4,49.0,18.5,8.3,82.8,0.0,22,32,34,0,9,1,0,0,3
MS-CG-008,Jagdalpur · CG17,Chhattisgarh,Central,2023-06,53,40.0,163,32.4,26.0,4.0,3.2,83.6,1.0,24,27,36,2,11,0,2,2,6
MS-CG-008,Jagdalpur · CG17,Chhattisgarh,Central,2023-07,49,46.0,153,32.4,25.2,2.8,0.0,82.8,0.0,19,30,37,2,8,1,0,2,5
MS-CG-008,Jagdalpur · CG17,Chhattisgarh,Central,2023-08,49,35.0,161,32.4,14.0,2.3,1.1,84.3,0.0,21,33,39,2,11,0,0,1,4
MS-CG-008,Jagdalpur · CG17,Chhattisgarh,Central,2023-09,63,34.0,180,32.4,0.0,4.1,2.0,84.4,0.0,19,36,40,2,12,2,0,1,3
MS-CG-008,Jagdalpur · CG17,Chhattisgarh,Central,2023-10,70,56.0,201,32.4,0.0,3.2,1.6,84.4,1.0,29,30,49,5,6,0,1,3,8
MS-CG-008,Jagdalpur · CG17,Chhattisgarh,Central,2023-11,83,69.0,237,32.4,3.4,3.9,2.5,84.4,0.0,19,37,72,12,10,0,1,1,2
MS-CG-008,Jagdalpur · CG17,Chhattisgarh,Central,2023-12,44,44.0,142,32.4,7.8,2.4,4.6,84.3,0.0,28,22,31,3,7,0,1,1,4
MS-CG-008,Jagdalpur · CG17,Chhattisgarh,Central,2024-01,74,53.0,227,32.4,1.5,2.1,3.5,83.8,2.0,23,41,61,2,17,0,1,1,6
MS-CG-008,Jagdalpur · CG17,Chhattisgarh,Central,2024-02,48,50.0,211,32.4,7.2,2.7,2.7,85.8,1.0,19,63,56,4,11,0,1,4,5
MS-CG-008,Jagdalpur · CG17,Chhattisgarh,Central,2024-03,50,50.0,183,32.4,12.6,4.1,3.6,84.1,0.0,22,39,63,1,4,1,0,2,1
MS-CG-008,Jagdalpur · CG17,Chhattisgarh,Central,2024-04,56,52.0,194,32.4,17.0,2.5,1.6,86.5,0.0,31,35,52,2,11,0,1,3,3
MS-CG-008,Jagdalpur · CG17,Chhattisgarh,Central,2024-05,42,59.0,185,32.4,37.4,1.2,4.9,83.2,0.0,26,35,63,0,9,4,0,1,4
MS-CG-014,Mungeli · CG28,Chhattisgarh,Central,2021-06,33,,54,41.66,,,,,,6,6,6,2,0,1,0,0,0
MS-CG-014,Mungeli · CG28,Chhattisgarh,Central,2021-07,22,,39,41.66,,,,,,2,4,7,2,0,0,0,0,1
MS-CG-014,Mungeli · CG28,Chhattisgarh,Central,2021-08,23,,43,41.66,,,,,,2,6,8,1,2,0,0,0,0
MS-CG-014,Mungeli · CG28,Chhattisgarh,Central,2021-09,20,,37,41.66,,,,,,1,6,6,0,0,0,0,1,2
MS-CG-014,Mungeli · CG28,Chhattisgarh,Central,2021-10,48,,75,41.66,,,,,,3,10,9,2,1,0,0,0,2
MS-CG-014,Mungeli · CG28,Chhattisgarh,Central,2021-11,33,,59,41.66,,,,,,4,11,8,1,0,0,0,0,2
MS-CG-014,Mungeli · CG28,Chhattisgarh,Central,2021-12,10,,32,41.66,,,,,,1,10,7,1,2,0,0,1,0
MS-CG-014,Mungeli · CG28,Chhattisgarh,Central,2022-01,24,,50,41.66,,,,,,4,11,6,2,1,0,0,0,2
MS-CG-014,Mungeli · CG28,Chhattisgarh,Central,2022-02,17,,40,41.66,,,,,,0,13,6,2,1,0,1,0,0
MS-CG-014,Mungeli · CG28,Chhattisgarh,Central,2022-03,26,,55,41.66,,,,,,2,13,12,0,1,0,0,0,1
MS-CG-014,Mungeli · CG28,Chhattisgarh,Central,2022-04,29,23.0,58,41.66,16.6,2.5,0.0,83.8,0.0,4,13,5,2,2,0,1,2,0
MS-CG-014,Mungeli · CG28,Chhattisgarh,Central,2022-05,29,26.0,49,41.66,23.4,1.4,0.0,83.1,1.0,4,9,2,1,2,0,0,0,2
MS-CG-014,Mungeli · CG28,Chhattisgarh,Central,2022-06,15,21.0,35,41.66,34.9,3.1,0.3,82.2,0.0,2,12,4,1,0,0,0,0,1
MS-CG-014,Mungeli · CG28,Chhattisgarh,Central,2022-07,24,25.0,51,41.66,38.0,1.5,2.4,83.8,0.0,1,9,12,2,2,0,1,0,0
MS-CG-014,Mungeli · CG28,Chhattisgarh,Central,2022-08,30,19.0,49,41.66,16.3,5.4,0.5,85.5,1.0,3,5,8,0,2,0,0,0,1
MS-CG-014,Mungeli · CG28,Chhattisgarh,Central,2022-09,27,18.0,44,41.66,7.1,5.6,0.0,84.2,1.0,2,6,6,0,2,0,1,0,0
MS-CG-014,Mungeli · CG28,Chhattisgarh,Central,2022-10,63,30.0,108,41.66,0.0,3.1,0.0,86.3,0.0,5,25,13,1,1,0,0,0,0
MS-CG-014,Mungeli · CG28,Chhattisgarh,Central,2022-11,22,37.0,51,41.66,23.9,3.4,0.0,84.1,0.0,3,7,14,1,1,0,1,0,2
MS-CG-014,Mungeli · CG28,Chhattisgarh,Central,2022-12,27,24.0,55,41.66,18.9,1.9,0.0,81.7,0.0,1,12,14,0,0,0,0,0,1
MS-CG-014,Mungeli · CG28,Chhattisgarh,Central,2023-01,40,29.0,84,41.66,15.2,1.2,0.0,81.7,0.0,6,17,16,4,1,0,0,0,0
MS-CG-014,Mungeli · CG28,Chhattisgarh,Central,2023-02,27,27.0,53,41.66,17.2,1.2,0.0,82.2,0.0,2,16,5,0,2,0,1,0,0
MS-CG-014,Mungeli · CG28,Chhattisgarh,Central,2023-03,24,27.0,49,41.66,24.2,0.8,0.5,84.2,1.0,2,10,9,1,1,1,0,1,0
MS-CG-014,Mungeli · CG28,Chhattisgarh,Central,2023-04,23,31.0,42,41.66,43.4,8.0,2.3,88.1,0.0,0,8,9,0,0,0,0,0,0
MS-CG-014,Mungeli · CG28,Chhattisgarh,Central,2023-05,21,34.0,52,41.66,65.1,31.8,12.5,84.1,0.0,3,12,15,1,0,0,0,0,0
MS-CG-014,Mungeli · CG28,Chhattisgarh,Central,2023-06,23,28.0,45,41.66,66.4,34.0,13.2,83.5,0.0,4,7,9,1,0,0,0,0,0
MS-CG-014,Mungeli · CG28,Chhattisgarh,Central,2023-07,12,32.0,28,41.66,99.2,46.9,23.0,80.8,0.0,0,8,8,0,0,0,0,0,0
MS-CG-014,Mungeli · CG28,Chhattisgarh,Central,2023-08,17,25.0,35,41.66,87.5,42.1,20.5,81.8,0.0,4,10,2,0,2,0,0,0,0
MS-CG-014,Mungeli · CG28,Chhattisgarh,Central,2023-09,21,24.0,44,41.66,71.0,33.5,13.8,82.0,0.0,5,7,9,0,0,1,0,0,1
MS-CG-014,Mungeli · CG28,Chhattisgarh,Central,2023-10,34,39.0,63,41.66,53.7,21.9,7.8,82.0,1.0,5,12,8,0,0,0,1,0,1
MS-CG-014,Mungeli · CG28,Chhattisgarh,Central,2023-11,40,48.0,76,41.66,50.3,17.4,4.6,82.1,0.0,3,10,17,0,3,0,0,1,1
MS-CG-014,Mungeli · CG28,Chhattisgarh,Central,2023-12,20,31.0,50,41.66,52.0,20.9,4.3,80.3,0.0,4,8,16,1,0,1,0,0,0
MS-CG-014,Mungeli · CG28,Chhattisgarh,Central,2024-01,44,37.0,87,41.66,34.5,0.0,1.4,82.2,0.0,1,23,11,0,4,2,0,1,1
MS-CG-014,Mungeli · CG28,Chhattisgarh,Central,2024-02,32,35.0,75,41.66,37.8,3.4,0.0,81.6,0.0,5,18,12,1,1,0,1,0,5
MS-CG-014,Mungeli · CG28,Chhattisgarh,Central,2024-03,26,35.0,54,41.66,43.7,7.4,0.0,82.0,0.0,3,14,9,0,0,0,0,0,1
MS-CG-014,Mungeli · CG28,Chhattisgarh,Central,2024-04,45,25.0,73,41.66,16.5,3.0,0.0,83.3,2.0,3,12,11,0,1,0,0,1,0
MS-CG-014,Mungeli · CG28,Chhattisgarh,Central,2024-05,21,28.0,52,41.66,27.4,0.9,0.0,83.2,0.0,2,15,11,1,1,0,1,0,0
MS-CG-020,Durg · CG7,Chhattisgarh,Central,2021-06,257,,712,35.51,,,,,,117,139,66,36,25,11,4,3,30
MS-CG-020,Durg · CG7,Chhattisgarh,Central,2021-07,297,,737,35.51,,,,,,122,117,73,30,31,12,6,7,20
MS-CG-020,Durg · CG7,Chhattisgarh,Central,2021-08,232,,633,35.51,,,,,,91,93,66,34,36,20,8,5,29
MS-CG-020,Durg · CG7,Chhattisgarh,Central,2021-09,184,,567,35.51,,,,,,99,106,54,27,23,21,6,4,29
MS-CG-020,Durg · CG7,Chhattisgarh,Central,2021-10,278,,766,35.51,,,,,,103,148,67,42,41,30,5,4,38
MS-CG-020,Durg · CG7,Chhattisgarh,Central,2021-11,223,,685,35.51,,,,,,110,128,68,35,35,29,5,5,38
MS-CG-020,Durg · CG7,Chhattisgarh,Central,2021-12,195,,568,35.51,,,,,,65,125,97,21,19,12,4,4,19
MS-CG-020,Durg · CG7,Chhattisgarh,Central,2022-01,241,,721,35.51,,,,,,88,162,99,16,39,27,10,6,19
MS-CG-020,Durg · CG7,Chhattisgarh,Central,2022-02,168,,643,35.51,,,,,,92,181,84,26,25,19,6,12,17
MS-CG-020,Durg · CG7,Chhattisgarh,Central,2022-03,219,,669,35.51,,,,,,87,155,88,43,24,19,4,6,18
MS-CG-020,Durg · CG7,Chhattisgarh,Central,2022-04,237,199.0,765,35.51,16.2,2.6,0.0,83.4,3.0,109,183,101,44,41,13,1,5,24
MS-CG-020,Durg · CG7,Chhattisgarh,Central,2022-05,210,224.0,615,35.51,22.6,3.9,0.0,82.7,1.0,73,139,78,29,23,24,5,8,21
MS-CG-020,Durg · CG7,Chhattisgarh,Central,2022-06,203,182.0,637,35.51,21.1,3.4,0.0,82.6,1.0,51,173,92,32,23,13,9,9,25
MS-CG-020,Durg · CG7,Chhattisgarh,Central,2022-07,248,211.0,653,35.51,16.4,2.4,0.0,82.7,5.0,69,134,90,33,39,8,4,6,14
MS-CG-020,Durg · CG7,Chhattisgarh,Central,2022-08,188,160.0,630,35.51,13.6,3.2,0.0,82.8,0.0,70,166,84,43,38,10,5,9,9
MS-CG-020,Durg · CG7,Chhattisgarh,Central,2022-09,185,154.0,654,35.51,12.3,3.4,0.0,83.0,2.0,74,179,100,50,23,10,2,7,15
MS-CG-020,Durg · CG7,Chhattisgarh,Central,2022-10,379,256.0,998,35.51,4.0,3.3,0.0,83.4,2.0,97,196,154,47,51,18,5,17,20
MS-CG-020,Durg · CG7,Chhattisgarh,Central,2022-11,196,315.0,625,35.51,27.0,5.9,1.4,83.7,1.0,70,173,97,26,20,12,3,4,17
MS-CG-020,Durg · CG7,Chhattisgarh,Central,2022-12,160,202.0,594,35.51,32.5,3.0,0.2,82.5,2.0,81,186,72,37,19,14,5,6,9
MS-CG-020,Durg · CG7,Chhattisgarh,Central,2023-01,247,244.0,676,35.51,39.6,2.7,0.0,81.5,4.0,56,182,102,26,15,14,1,7,13
MS-CG-020,Durg · CG7,Chhattisgarh,Central,2023-02,201,228.0,678,35.51,45.1,8.7,0.0,82.9,0.0,64,212,104,32,24,9,8,8,10
MS-CG-020,Durg · CG7,Chhattisgarh,Central,2023-03,175,227.0,638,35.51,48.7,15.8,2.2,83.9,0.0,48,204,121,17,32,14,5,1,17
MS-CG-020,Durg · CG7,Chhattisgarh,Central,2023-04,103,225.0,431,35.51,79.6,40.2,14.5,82.2,2.0,39,172,76,9,13,6,2,2,8
MS-CG-020,Durg · CG7,Chhattisgarh,Central,2023-05,158,254.0,574,35.51,91.4,49.0,21.2,79.7,6.0,67,187,85,8,25,10,5,7,13
MS-CG-020,Durg · CG7,Chhattisgarh,Central,2023-06,188,206.0,657,35.51,68.2,33.6,14.3,80.3,2.0,69,197,104,22,32,14,6,8,7
MS-CG-020,Durg · CG7,Chhattisgarh,Central,2023-07,208,239.0,683,35.51,53.8,22.4,7.1,81.1,2.0,79,191,130,17,23,9,3,5,9
MS-CG-020,Durg · CG7,Chhattisgarh,Central,2023-08,205,181.0,724,35.51,40.1,3.3,1.9,83.4,1.0,82,194,135,34,32,10,8,11,7
MS-CG-020,Durg · CG7,Chhattisgarh,Central,2023-09,222,174.0,971,35.51,26.8,2.1,0.7,82.1,0.0,97,195,329,36,40,19,6,11,9
MS-CG-020,Durg · CG7,Chhattisgarh,Central,2023-10,287,289.0,1020,35.51,24.9,2.3,1.2,82.7,5.0,85,229,296,24,41,17,6,10,20
MS-CG-020,Durg · CG7,Chhattisgarh,Central,2023-11,308,356.0,904,35.51,35.1,3.0,0.8,81.5,3.0,93,231,126,45,28,25,7,15,14
MS-CG-020,Durg · CG7,Chhattisgarh,Central,2023-12,152,229.0,589,35.51,44.2,10.0,0.0,80.6,3.0,62,172,123,17,18,19,3,9,8
MS-CG-020,Durg · CG7,Chhattisgarh,Central,2024-01,282,276.0,811,35.51,40.1,4.5,0.0,81.6,3.0,110,218,97,21,43,9,6,12,10
MS-CG-020,Durg · CG7,Chhattisgarh,Central,2024-02,191,258.0,642,35.51,55.2,23.2,3.7,80.8,0.0,89,170,93,28,28,13,6,7,11
MS-CG-020,Durg · CG7,Chhattisgarh,Central,2024-03,189,257.0,715,35.51,55.9,23.5,4.4,81.2,2.0,70,164,177,34,22,14,14,10,11
MS-CG-020,Durg · CG7,Chhattisgarh,Central,2024-04,240,196.0,794,35.51,42.4,7.4,0.8,83.5,4.0,85,191,137,52,42,13,10,10,8
MS-CG-020,Durg · CG7,Chhattisgarh,Central,2024-05,192,221.0,658,35.51,40.1,3.7,1.1,81.4,2.0,81,192,89,40,25,14,5,8,8
MS-DL-002,Rajouri Garden · DL10,Delhi,North,2021-06,243,,1487,32.33,,,,,,138,315,63,234,107,64,110,39,92
MS-DL-002,Rajouri Garden · DL10,Delhi,North,2021-07,355,,1659,32.33,,,,,,189,285,63,141,164,111,128,56,74
MS-DL-002,Rajouri Garden · DL10,Delhi,North,2021-08,350,,1569,32.33,,,,,,145,299,86,141,107,83,121,105,67
MS-DL-002,Rajouri Garden · DL10,Delhi,North,2021-09,230,,1087,32.33,,,,,,118,186,62,112,99,68,70,50,44
MS-DL-002,Rajouri Garden · DL10,Delhi,North,2021-10,387,,1502,32.33,,,,,,168,81,97,167,133,124,77,99,117
MS-DL-002,Rajouri Garden · DL10,Delhi,North,2021-11,319,,1277,32.33,,,,,,113,54,102,115,109,141,72,114,100
MS-DL-002,Rajouri Garden · DL10,Delhi,North,2021-12,363,,1455,32.33,,,,,,153,242,121,113,113,95,83,69,67
MS-DL-002,Rajouri Garden · DL10,Delhi,North,2022-01,371,,1290,32.33,,,,,,128,48,123,99,96,83,94,101,96
MS-DL-002,Rajouri Garden · DL10,Delhi,North,2022-02,214,,1193,32.33,,,,,,147,19,124,155,88,121,113,113,54
MS-DL-002,Rajouri Garden · DL10,Delhi,North,2022-03,319,,1349,32.33,,,,,,157,10,106,164,89,126,117,150,68
MS-DL-002,Rajouri Garden · DL10,Delhi,North,2022-04,370,355.0,1563,32.33,24.9,3.0,5.1,78.2,9.0,184,17,98,165,180,123,82,182,114
MS-DL-002,Rajouri Garden · DL10,Delhi,North,2022-05,333,341.0,1403,32.33,25.6,4.3,9.3,78.8,9.0,145,1,91,183,119,113,88,186,110
MS-DL-002,Rajouri Garden · DL10,Delhi,North,2022-06,324,284.0,1494,32.33,23.3,2.9,9.3,79.2,2.0,195,5,73,165,149,123,121,206,93
MS-DL-002,Rajouri Garden · DL10,Delhi,North,2022-07,304,277.0,1493,32.33,20.4,0.2,8.4,79.6,3.0,220,8,119,164,195,121,96,148,87
MS-DL-002,Rajouri Garden · DL10,Delhi,North,2022-08,366,232.0,1632,32.33,5.7,3.4,9.9,77.1,2.0,239,30,125,208,204,99,104,148,51
MS-DL-002,Rajouri Garden · DL10,Delhi,North,2022-09,367,200.0,1455,32.33,0.0,4.4,12.6,79.0,4.0,193,49,138,173,133,83,81,131,58
MS-DL-002,Rajouri Garden · DL10,Delhi,North,2022-10,494,330.0,1889,32.33,0.0,2.8,9.4,79.3,9.0,230,10,159,231,193,120,128,172,102
MS-DL-002,Rajouri Garden · DL10,Delhi,North,2022-11,357,391.0,1438,32.33,14.4,1.3,9.2,77.6,4.0,188,7,126,144,140,90,98,178,74
MS-DL-002,Rajouri Garden · DL10,Delhi,North,2022-12,502,301.0,1544,32.33,2.2,5.7,8.2,78.6,7.0,178,1,133,167,116,98,79,180,63
MS-DL-002,Rajouri Garden · DL10,Delhi,North,2023-01,425,407.0,1604,32.33,10.5,2.2,7.5,78.9,7.0,202,16,163,142,122,88,116,250,52
MS-DL-002,Rajouri Garden · DL10,Delhi,North,2023-02,364,335.0,1319,32.33,12.2,7.8,5.7,77.5,4.0,169,26,91,141,134,54,118,200,3
MS-DL-002,Rajouri Garden · DL10,Delhi,North,2023-03,482,347.0,1892,32.33,6.9,4.5,5.5,80.2,7.0,205,52,159,181,276,90,180,206,2
MS-DL-002,Rajouri Garden · DL10,Delhi,North,2023-04,299,491.0,1329,32.33,37.8,4.0,6.6,78.1,3.0,179,32,129,130,159,74,141,156,2
MS-DL-002,Rajouri Garden · DL10,Delhi,North,2023-05,513,471.0,1589,32.33,28.2,3.9,4.7,78.4,7.0,216,28,128,109,117,76,162,208,0
MS-DL-002,Rajouri Garden · DL10,Delhi,North,2023-06,436,393.0,1707,32.33,28.3,0.0,4.5,79.8,4.0,212,258,101,135,152,61,160,173,0
MS-DL-002,Rajouri Garden · DL10,Delhi,North,2023-07,394,382.0,1777,32.33,24.4,2.8,5.5,79.3,5.0,198,410,99,104,218,56,124,160,0
MS-DL-002,Rajouri Garden · DL10,Delhi,North,2023-08,496,320.0,1950,32.33,12.2,1.8,6.4,79.0,9.0,229,419,88,140,181,61,107,209,0
MS-DL-002,Rajouri Garden · DL10,Delhi,North,2023-09,507,276.0,2128,32.33,0.8,6.2,2.9,76.9,6.0,228,364,137,164,172,131,154,242,1
MS-DL-002,Rajouri Garden · DL10,Delhi,North,2023-10,391,457.0,2087,32.33,19.0,3.9,6.2,78.0,7.0,200,541,112,141,212,119,116,221,0
MS-DL-002,Rajouri Garden · DL10,Delhi,North,2023-11,616,540.0,2401,32.33,19.7,4.3,7.9,77.5,8.0,238,602,128,126,158,143,130,222,0
MS-DL-002,Rajouri Garden · DL10,Delhi,North,2023-12,434,416.0,1904,32.33,22.4,5.7,9.6,81.1,9.0,167,361,127,131,133,151,131,237,0
MS-DL-002,Rajouri Garden · DL10,Delhi,North,2024-01,502,562.0,2109,32.33,28.0,1.5,5.2,80.2,9.0,226,371,100,188,233,99,179,165,0
MS-DL-002,Rajouri Garden · DL10,Delhi,North,2024-02,364,463.0,2054,32.33,46.5,13.0,7.0,79.1,8.0,222,412,117,226,265,109,139,134,1
MS-DL-002,Rajouri Garden · DL10,Delhi,North,2024-03,288,480.0,1847,32.33,61.2,27.9,12.8,75.7,8.0,200,368,115,207,287,83,79,141,0
MS-DL-002,Rajouri Garden · DL10,Delhi,North,2024-04,349,549.0,1955,32.33,82.0,39.6,20.8,75.2,3.0,223,406,109,186,239,74,105,188,0
MS-DL-002,Rajouri Garden · DL10,Delhi,North,2024-05,242,527.0,1528,32.33,105.2,51.2,37.4,73.1,2.0,201,313,105,139,177,53,104,127,0
MS-DL-008,Loni Road · DL5,Delhi,North,2021-06,558,,975,30.83,,,,,,332,0,0,51,0,27,0,0,7
MS-DL-008,Loni Road · DL5,Delhi,North,2021-07,679,,1057,30.83,,,,,,307,0,0,30,2,28,0,2,5
MS-DL-008,Loni Road · DL5,Delhi,North,2021-08,581,,1152,30.83,,,,,,288,175,5,33,20,19,7,7,3
MS-DL-008,Loni Road · DL5,Delhi,North,2021-09,323,,836,30.83,,,,,,222,152,11,43,14,30,5,7,3
MS-DL-008,Loni Road · DL5,Delhi,North,2021-10,339,,723,30.83,,,,,,228,0,8,39,17,50,10,7,11
MS-DL-008,Loni Road · DL5,Delhi,North,2021-11,506,,877,30.83,,,,,,257,0,13,38,2,28,1,4,9
MS-DL-008,Loni Road · DL5,Delhi,North,2021-12,378,,688,30.83,,,,,,239,0,7,24,3,26,1,0,7
MS-DL-008,Loni Road · DL5,Delhi,North,2022-01,706,,1215,30.83,,,,,,237,219,0,23,1,21,2,0,3
MS-DL-008,Loni Road · DL5,Delhi,North,2022-02,469,,913,30.83,,,,,,198,187,0,15,3,36,0,0,4
MS-DL-008,Loni Road · DL5,Delhi,North,2022-03,464,,859,30.83,,,,,,221,117,2,21,1,30,1,0,1
MS-DL-008,Loni Road · DL5,Delhi,North,2022-04,508,573.0,1023,30.83,38.0,1.4,5.5,80.1,5.0,264,198,0,20,1,26,0,0,6
MS-DL-008,Loni Road · DL5,Delhi,North,2022-05,516,550.0,976,30.83,39.9,4.8,5.5,80.1,7.0,257,142,2,22,0,30,0,1,5
MS-DL-008,Loni Road · DL5,Delhi,North,2022-06,467,458.0,1079,30.83,33.6,6.0,6.9,79.1,1.0,306,165,25,17,24,35,10,10,5
MS-DL-008,Loni Road · DL5,Delhi,North,2022-07,426,446.0,1076,30.83,32.8,0.6,9.5,78.9,5.0,338,157,27,27,28,29,6,15,2
MS-DL-008,Loni Road · DL5,Delhi,North,2022-08,427,374.0,876,30.83,27.2,4.6,6.3,80.3,6.0,182,179,8,16,17,27,7,4,0
MS-DL-008,Loni Road · DL5,Delhi,North,2022-09,342,322.0,734,30.83,25.0,1.9,3.8,79.5,4.0,207,141,4,7,2,19,1,4,2
MS-DL-008,Loni Road · DL5,Delhi,North,2022-10,542,533.0,1122,30.83,27.0,3.4,5.4,79.8,5.0,316,211,6,2,7,24,1,1,6
MS-DL-008,Loni Road · DL5,Delhi,North,2022-11,467,631.0,947,30.83,45.1,12.1,5.2,80.0,3.0,272,160,8,3,2,25,2,1,4
MS-DL-008,Loni Road · DL5,Delhi,North,2022-12,358,486.0,811,30.83,52.0,20.0,6.6,80.1,6.0,271,135,2,4,1,33,1,2,2
MS-DL-008,Loni Road · DL5,Delhi,North,2023-01,791,656.0,1414,30.83,34.0,3.2,4.6,78.1,9.0,289,281,4,3,6,32,1,1,3
MS-DL-008,Loni Road · DL5,Delhi,North,2023-02,412,541.0,857,30.83,42.6,8.3,4.1,78.2,6.0,231,170,5,6,3,25,1,0,3
MS-DL-008,Loni Road · DL5,Delhi,North,2023-03,385,560.0,827,30.83,50.5,16.6,7.6,78.4,2.0,227,177,0,1,2,31,1,0,1
MS-DL-008,Loni Road · DL5,Delhi,North,2023-04,484,591.0,855,30.83,63.4,30.4,18.8,77.4,8.0,200,129,10,3,5,19,2,1,0
MS-DL-008,Loni Road · DL5,Delhi,North,2023-05,517,567.0,1192,30.83,54.8,23.8,17.2,78.5,5.0,303,131,100,20,39,27,22,20,0
MS-DL-008,Loni Road · DL5,Delhi,North,2023-06,416,472.0,918,30.83,51.0,20.6,13.7,78.6,4.0,225,134,64,12,24,17,8,10,0
MS-DL-008,Loni Road · DL5,Delhi,North,2023-07,407,460.0,794,30.83,53.5,21.6,10.9,76.7,9.0,192,116,22,1,12,15,4,11,0
MS-DL-008,Loni Road · DL5,Delhi,North,2023-08,385,386.0,768,30.83,52.4,21.6,11.3,77.9,6.0,194,135,17,6,10,11,6,1,0
MS-DL-008,Loni Road · DL5,Delhi,North,2023-09,394,332.0,783,30.83,39.6,2.2,4.7,79.5,8.0,192,113,37,8,6,28,0,1,0
MS-DL-008,Loni Road · DL5,Delhi,North,2023-10,336,549.0,799,30.83,61.3,28.6,10.4,80.5,3.0,189,197,43,5,1,24,0,1,0
MS-DL-008,Loni Road · DL5,Delhi,North,2023-11,491,650.0,1073,30.83,67.0,32.0,17.4,79.2,6.0,210,250,64,6,7,37,1,0,0
MS-DL-008,Loni Road · DL5,Delhi,North,2023-12,285,501.0,613,30.83,77.9,37.9,21.2,79.2,4.0,109,140,37,10,4,26,0,2,0
MS-DL-008,Loni Road · DL5,Delhi,North,2024-01,703,676.0,1411,30.83,46.9,14.7,9.7,78.8,8.0,260,330,51,23,4,35,1,1,0
MS-DL-008,Loni Road · DL5,Delhi,North,2024-02,357,557.0,774,30.83,64.0,27.6,14.0,77.4,5.0,125,195,54,21,2,20,0,0,0
MS-DL-008,Loni Road · DL5,Delhi,North,2024-03,293,577.0,733,30.83,77.3,39.4,18.0,75.7,7.0,138,211,39,21,1,28,0,1,0
MS-DL-008,Loni Road · DL5,Delhi,North,2024-04,430,531.0,1232,30.83,88.1,43.9,21.3,73.8,11.0,193,219,120,78,84,41,23,19,0
MS-DL-008,Loni Road · DL5,Delhi,North,2024-05,376,509.0,953,30.83,78.1,40.2,19.2,76.2,8.0,139,176,65,45,83,16,15,19,0
MS-GA-003,Mapusa · GA3,Goa,West,2021-06,84,,194,48.11,,,,,,28,23,10,14,6,2,1,7,7
MS-GA-003,Mapusa · GA3,Goa,West,2021-07,136,,265,48.11,,,,,,41,17,21,14,8,2,3,7,8
MS-GA-003,Mapusa · GA3,Goa,West,2021-08,188,,361,48.11,,,,,,51,26,13,18,12,3,10,11,13
MS-GA-003,Mapusa · GA3,Goa,West,2021-09,130,,285,48.11,,,,,,55,31,9,13,16,2,1,7,6
MS-GA-003,Mapusa · GA3,Goa,West,2021-10,102,,278,48.11,,,,,,29,55,19,20,24,1,3,5,10
MS-GA-003,Mapusa · GA3,Goa,West,2021-11,150,,326,48.11,,,,,,39,57,18,15,22,4,2,9,9
MS-GA-003,Mapusa · GA3,Goa,West,2021-12,175,,368,48.11,,,,,,42,48,17,18,22,4,3,13,10
MS-GA-003,Mapusa · GA3,Goa,West,2022-01,145,,314,48.11,,,,,,35,51,16,18,11,3,9,10,6
MS-GA-003,Mapusa · GA3,Goa,West,2022-02,131,,326,48.11,,,,,,39,58,23,17,18,3,3,10,16
MS-GA-003,Mapusa · GA3,Goa,West,2022-03,197,,418,48.11,,,,,,43,62,27,21,13,5,8,12,15
MS-GA-003,Mapusa · GA3,Goa,West,2022-04,156,161.0,367,48.11,30.6,2.0,1.1,83.0,1.0,43,60,18,18,25,4,6,16,9
MS-GA-003,Mapusa · GA3,Goa,West,2022-05,167,160.0,354,48.11,27.1,6.1,0.0,84.0,2.0,43,63,17,17,15,2,4,10,6
MS-GA-003,Mapusa · GA3,Goa,West,2022-06,190,120.0,373,48.11,10.9,3.8,0.0,84.1,0.0,46,58,17,24,20,1,1,6,7
MS-GA-003,Mapusa · GA3,Goa,West,2022-07,204,128.0,445,48.11,1.6,1.1,0.0,84.2,2.0,40,71,37,24,33,3,7,4,15
MS-GA-003,Mapusa · GA3,Goa,West,2022-08,427,128.0,781,48.11,0.0,3.1,0.0,83.8,4.0,75,82,86,27,40,9,9,7,13
MS-GA-003,Mapusa · GA3,Goa,West,2022-09,304,110.0,522,48.11,0.0,4.7,0.0,85.5,2.0,52,45,50,14,18,7,4,13,7
MS-GA-003,Mapusa · GA3,Goa,West,2022-10,360,214.0,702,48.11,0.0,3.7,0.8,83.2,2.0,72,77,66,43,35,4,6,18,10
MS-GA-003,Mapusa · GA3,Goa,West,2022-11,292,196.0,556,48.11,0.0,5.6,1.0,83.9,2.0,45,57,40,30,40,6,9,14,12
MS-GA-003,Mapusa · GA3,Goa,West,2022-12,299,138.0,539,48.11,0.0,0.9,1.0,83.0,2.0,61,60,29,22,22,5,7,12,10
MS-GA-003,Mapusa · GA3,Goa,West,2023-01,300,205.0,540,48.11,0.0,4.3,2.3,80.0,3.0,53,63,32,21,28,2,2,16,9
MS-GA-003,Mapusa · GA3,Goa,West,2023-02,280,143.0,489,48.11,0.0,2.7,3.8,83.6,0.0,47,63,32,18,28,1,1,8,4
MS-GA-003,Mapusa · GA3,Goa,West,2023-03,363,142.0,663,48.11,0.0,4.2,1.7,86.1,2.0,79,77,37,25,29,2,8,18,9
MS-GA-003,Mapusa · GA3,Goa,West,2023-04,217,326.0,440,48.11,27.6,3.6,0.0,86.3,1.0,46,66,24,19,41,2,8,4,7
MS-GA-003,Mapusa · GA3,Goa,West,2023-05,248,324.0,479,48.11,40.4,4.5,0.0,86.1,2.0,64,64,27,28,23,2,4,8,6
MS-GA-003,Mapusa · GA3,Goa,West,2023-06,244,244.0,491,48.11,44.5,10.6,2.3,87.0,0.0,53,71,27,33,36,1,7,7,2
MS-GA-003,Mapusa · GA3,Goa,West,2023-07,272,260.0,516,48.11,37.2,2.0,0.0,86.3,4.0,51,53,32,22,50,3,8,16,3
MS-GA-003,Mapusa · GA3,Goa,West,2023-08,358,260.0,624,48.11,20.2,2.7,0.0,85.0,4.0,73,73,31,23,36,3,8,12,1
MS-GA-003,Mapusa · GA3,Goa,West,2023-09,496,223.0,831,48.11,0.0,3.0,0.0,83.1,5.0,84,80,32,40,54,3,12,17,5
MS-GA-003,Mapusa · GA3,Goa,West,2023-10,355,433.0,649,48.11,19.0,3.5,0.0,84.5,2.0,74,91,36,21,41,8,4,11,3
MS-GA-003,Mapusa · GA3,Goa,West,2023-11,380,397.0,708,48.11,22.7,3.7,2.6,85.7,5.0,47,77,40,55,54,6,6,19,11
MS-GA-003,Mapusa · GA3,Goa,West,2023-12,297,279.0,553,48.11,28.5,4.2,3.4,84.8,0.0,50,77,29,36,26,6,2,11,6
MS-GA-003,Mapusa · GA3,Goa,West,2024-01,358,417.0,643,48.11,38.6,3.4,1.6,85.1,1.0,55,77,29,33,39,15,8,13,5
MS-GA-003,Mapusa · GA3,Goa,West,2024-02,242,291.0,567,48.11,44.5,10.4,0.0,83.4,1.0,65,94,36,40,50,13,6,12,2
MS-GA-003,Mapusa · GA3,Goa,West,2024-03,211,289.0,485,48.11,52.3,21.3,0.1,82.9,3.0,66,71,21,37,41,4,6,15,3
MS-GA-003,Mapusa · GA3,Goa,West,2024-04,278,341.0,599,48.11,60.7,28.5,0.6,82.6,1.0,78,82,20,46,54,7,8,11,7
MS-GA-003,Mapusa · GA3,Goa,West,2024-05,204,340.0,484,48.11,71.6,36.2,10.3,81.3,4.0,64,63,20,44,47,2,11,9,6
MS-GJ-001,Ahmedabad · GJ1,Gujarat,West,2021-06,755,,3226,38.51,,,,,,519,533,163,619,83,208,78,47,78
MS-GJ-001,Ahmedabad · GJ1,Gujarat,West,2021-07,1248,,3575,38.51,,,,,,701,502,137,296,95,188,75,85,58
MS-GJ-001,Ahmedabad · GJ1,Gujarat,West,2021-08,857,,2751,38.51,,,,,,623,497,137,174,59,148,57,58,34
MS-GJ-001,Ahmedabad · GJ1,Gujarat,West,2021-09,1174,,3376,38.51,,,,,,778,0,225,359,193,245,97,102,32
MS-GJ-001,Ahmedabad · GJ1,Gujarat,West,2021-10,884,,2916,38.51,,,,,,597,352,137,283,86,198,80,99,82
MS-GJ-001,Ahmedabad · GJ1,Gujarat,West,2021-11,1015,,2815,38.51,,,,,,585,0,225,273,121,226,91,106,56
MS-GJ-001,Ahmedabad · GJ1,Gujarat,West,2021-12,1086,,3039,38.51,,,,,,603,0,284,307,195,213,59,141,58
MS-GJ-001,Ahmedabad · GJ1,Gujarat,West,2022-01,1036,,2846,38.51,,,,,,375,568,213,167,52,195,51,88,33
MS-GJ-001,Ahmedabad · GJ1,Gujarat,West,2022-02,1012,,3200,38.51,,,,,,513,623,228,285,78,191,75,111,25
MS-GJ-001,Ahmedabad · GJ1,Gujarat,West,2022-03,1029,,4137,38.51,,,,,,623,843,340,455,118,237,100,218,54
MS-GJ-001,Ahmedabad · GJ1,Gujarat,West,2022-04,1260,1147.0,4038,38.51,31.6,0.7,9.6,78.0,27.0,591,726,277,388,205,192,68,203,40
MS-GJ-001,Ahmedabad · GJ1,Gujarat,West,2022-05,776,1141.0,2505,38.51,47.4,12.0,9.3,77.2,10.0,338,557,154,223,93,144,20,128,35
MS-GJ-001,Ahmedabad · GJ1,Gujarat,West,2022-06,1276,859.0,4910,38.51,26.2,2.5,9.1,78.3,20.0,692,1069,322,535,161,277,90,278,52
MS-GJ-001,Ahmedabad · GJ1,Gujarat,West,2022-07,1170,915.0,4079,38.51,18.3,3.0,8.4,77.6,11.0,606,973,270,414,104,185,67,173,34
MS-GJ-001,Ahmedabad · GJ1,Gujarat,West,2022-08,960,913.0,3878,38.51,17.8,3.4,7.4,74.8,11.0,566,899,321,429,176,178,63,184,21
MS-GJ-001,Ahmedabad · GJ1,Gujarat,West,2022-09,974,783.0,3891,38.51,15.6,3.1,5.8,76.0,18.0,555,924,292,407,204,153,81,166,54
MS-GJ-001,Ahmedabad · GJ1,Gujarat,West,2022-10,1366,1525.0,4143,38.51,30.1,2.4,3.7,78.3,18.0,585,790,285,337,229,168,57,195,42
MS-GJ-001,Ahmedabad · GJ1,Gujarat,West,2022-11,1660,1398.0,6257,38.51,19.8,5.0,6.3,80.0,29.0,799,1493,545,712,250,255,99,233,65
MS-GJ-001,Ahmedabad · GJ1,Gujarat,West,2022-12,1203,983.0,4082,38.51,15.3,2.8,9.8,78.5,15.0,581,949,298,414,164,159,65,142,37
MS-GJ-001,Ahmedabad · GJ1,Gujarat,West,2023-01,1013,1466.0,3453,38.51,32.4,4.0,9.9,79.7,6.0,494,551,326,385,163,157,42,190,33
MS-GJ-001,Ahmedabad · GJ1,Gujarat,West,2023-02,1382,1022.0,4733,38.51,23.6,2.8,8.5,79.0,9.0,578,1153,364,483,235,177,75,176,36
MS-GJ-001,Ahmedabad · GJ1,Gujarat,West,2023-03,1230,1015.0,3825,38.51,17.2,3.1,9.7,79.5,12.0,514,653,325,458,182,125,81,150,18
MS-GJ-001,Ahmedabad · GJ1,Gujarat,West,2023-04,1289,1392.0,4623,38.51,24.0,5.4,8.2,78.4,21.0,676,979,438,350,275,168,80,216,32
MS-GJ-001,Ahmedabad · GJ1,Gujarat,West,2023-05,995,1385.0,3614,38.51,37.7,4.9,10.2,75.4,15.0,516,887,308,299,187,115,99,118,20
MS-GJ-001,Ahmedabad · GJ1,Gujarat,West,2023-06,1130,1042.0,4015,38.51,33.1,1.1,12.6,77.7,19.0,571,857,438,379,231,106,70,142,16
MS-GJ-001,Ahmedabad · GJ1,Gujarat,West,2023-07,1247,1111.0,4385,38.51,29.5,4.1,13.9,78.2,15.0,668,998,381,332,197,130,113,219,14
MS-GJ-001,Ahmedabad · GJ1,Gujarat,West,2023-08,1095,1109.0,3331,38.51,29.1,0.1,12.4,80.0,15.0,397,678,317,322,198,63,59,128,6
MS-GJ-001,Ahmedabad · GJ1,Gujarat,West,2023-09,1605,951.0,6498,38.51,8.1,2.6,12.1,79.2,32.0,1135,1258,583,703,404,241,113,294,31
MS-GJ-001,Ahmedabad · GJ1,Gujarat,West,2023-10,1644,1851.0,5527,38.51,25.6,6.0,11.1,80.5,17.0,806,1216,459,523,269,235,87,184,20
MS-GJ-001,Ahmedabad · GJ1,Gujarat,West,2023-11,1192,1697.0,4807,38.51,38.3,5.1,9.1,79.3,15.0,673,963,556,483,334,204,56,200,14
MS-GJ-001,Ahmedabad · GJ1,Gujarat,West,2023-12,1058,1193.0,4071,38.51,42.1,5.6,12.5,78.6,7.0,558,968,355,383,256,188,47,164,15
MS-GJ-001,Ahmedabad · GJ1,Gujarat,West,2024-01,1463,1779.0,4820,38.51,52.0,20.1,15.5,78.8,22.0,690,860,411,425,330,222,85,181,18
MS-GJ-001,Ahmedabad · GJ1,Gujarat,West,2024-02,1055,1241.0,3778,38.51,48.9,17.6,12.5,78.2,13.0,595,641,406,407,286,138,49,120,13
MS-GJ-001,Ahmedabad · GJ1,Gujarat,West,2024-03,882,1232.0,3423,38.51,54.6,20.9,16.3,77.7,11.0,534,743,322,330,232,137,49,126,9
MS-GJ-001,Ahmedabad · GJ1,Gujarat,West,2024-04,1126,1360.0,4359,38.51,61.2,28.9,21.1,77.7,17.0,691,815,401,408,395,133,65,184,22
MS-GJ-001,Ahmedabad · GJ1,Gujarat,West,2024-05,1027,1354.0,3821,38.51,62.7,29.5,19.1,77.6,16.0,642,708,358,351,259,134,102,143,15
MS-GJ-007,Bharuch · GJ16,Gujarat,West,2021-06,258,,747,40.51,,,,,,172,118,66,57,4,24,7,6,16
MS-GJ-007,Bharuch · GJ16,Gujarat,West,2021-07,455,,905,40.51,,,,,,150,107,65,36,9,34,9,5,22
MS-GJ-007,Bharuch · GJ16,Gujarat,West,2021-08,404,,879,40.51,,,,,,147,134,65,36,19,30,8,4,20
MS-GJ-007,Bharuch · GJ16,Gujarat,West,2021-09,299,,800,40.51,,,,,,170,127,64,33,27,29,7,11,21
MS-GJ-007,Bharuch · GJ16,Gujarat,West,2021-10,423,,1160,40.51,,,,,,150,253,137,62,32,47,7,13,19
MS-GJ-007,Bharuch · GJ16,Gujarat,West,2021-11,311,,774,40.51,,,,,,113,151,62,28,17,31,6,17,29
MS-GJ-007,Bharuch · GJ16,Gujarat,West,2021-12,369,,945,40.51,,,,,,115,209,116,29,28,41,5,9,15
MS-GJ-007,Bharuch · GJ16,Gujarat,West,2022-01,521,,1071,40.51,,,,,,151,197,74,28,27,27,6,8,20
MS-GJ-007,Bharuch · GJ16,Gujarat,West,2022-02,451,,1014,40.51,,,,,,108,242,89,36,16,27,9,16,13
MS-GJ-007,Bharuch · GJ16,Gujarat,West,2022-03,447,,1126,40.51,,,,,,155,231,119,60,31,27,10,18,15
MS-GJ-007,Bharuch · GJ16,Gujarat,West,2022-04,472,437.0,1094,40.51,35.6,3.9,7.1,79.5,3.0,128,225,100,68,34,23,5,19,13
MS-GJ-007,Bharuch · GJ16,Gujarat,West,2022-05,386,435.0,930,40.51,39.5,2.0,8.6,79.6,8.0,143,164,84,53,29,31,10,10,12
MS-GJ-007,Bharuch · GJ16,Gujarat,West,2022-06,442,328.0,1025,40.51,23.8,1.0,8.3,79.4,5.0,127,238,93,36,24,21,8,21,8
MS-GJ-007,Bharuch · GJ16,Gujarat,West,2022-07,408,349.0,935,40.51,21.6,3.3,7.8,80.2,5.0,125,182,100,49,25,15,2,14,8
MS-GJ-007,Bharuch · GJ16,Gujarat,West,2022-08,387,348.0,1014,40.51,20.5,4.4,4.0,82.5,8.0,158,243,76,61,24,20,7,15,15
MS-GJ-007,Bharuch · GJ16,Gujarat,West,2022-09,373,299.0,945,40.51,14.0,4.2,8.5,83.9,4.0,99,219,110,46,28,27,11,10,9
MS-GJ-007,Bharuch · GJ16,Gujarat,West,2022-10,625,582.0,1485,40.51,15.1,1.4,8.4,83.9,8.0,202,304,135,69,28,35,10,30,32
MS-GJ-007,Bharuch · GJ16,Gujarat,West,2022-11,478,533.0,1127,40.51,26.5,4.6,7.6,82.3,4.0,143,245,113,48,32,29,6,14,11
MS-GJ-007,Bharuch · GJ16,Gujarat,West,2022-12,461,375.0,1151,40.51,19.0,3.3,4.5,83.6,8.0,207,242,91,59,25,23,5,14,15
MS-GJ-007,Bharuch · GJ16,Gujarat,West,2023-01,511,559.0,1174,40.51,26.4,2.0,3.9,81.0,4.0,173,247,99,54,18,21,12,16,19
MS-GJ-007,Bharuch · GJ16,Gujarat,West,2023-02,401,390.0,1035,40.51,26.9,2.2,6.1,82.1,4.0,139,220,154,50,18,22,9,13,6
MS-GJ-007,Bharuch · GJ16,Gujarat,West,2023-03,411,387.0,985,40.51,25.4,5.0,6.4,81.5,4.0,139,203,112,49,20,10,6,19,12
MS-GJ-007,Bharuch · GJ16,Gujarat,West,2023-04,413,522.0,1086,40.51,39.3,2.9,6.8,78.4,6.0,168,221,156,34,30,6,12,24,8
MS-GJ-007,Bharuch · GJ16,Gujarat,West,2023-05,407,520.0,924,40.51,48.6,16.3,10.1,76.9,13.0,135,146,142,23,28,10,5,15,5
MS-GJ-007,Bharuch · GJ16,Gujarat,West,2023-06,416,391.0,989,40.51,41.2,3.9,8.0,77.4,3.0,191,164,106,37,21,12,6,17,10
MS-GJ-007,Bharuch · GJ16,Gujarat,West,2023-07,352,417.0,920,40.51,47.3,15.3,10.0,78.7,3.0,155,203,91,33,39,11,15,9,6
MS-GJ-007,Bharuch · GJ16,Gujarat,West,2023-08,370,416.0,850,40.51,46.6,13.2,8.1,80.4,3.0,125,165,94,30,30,9,2,14,6
MS-GJ-007,Bharuch · GJ16,Gujarat,West,2023-09,537,357.0,1392,40.51,22.9,4.2,7.0,79.1,6.0,239,246,181,64,56,24,15,16,5
MS-GJ-007,Bharuch · GJ16,Gujarat,West,2023-10,745,695.0,1659,40.51,21.7,2.9,10.1,78.5,6.0,267,307,140,62,56,22,10,27,6
MS-GJ-007,Bharuch · GJ16,Gujarat,West,2023-11,610,637.0,1416,40.51,28.5,4.3,5.9,78.5,5.0,229,246,171,43,28,30,14,24,12
MS-GJ-007,Bharuch · GJ16,Gujarat,West,2023-12,422,448.0,1093,40.51,30.3,4.6,5.3,79.6,2.0,184,201,143,47,27,39,3,14,4
MS-GJ-007,Bharuch · GJ16,Gujarat,West,2024-01,648,668.0,1392,40.51,35.4,1.1,5.9,78.8,9.0,230,203,132,50,40,29,11,25,6
MS-GJ-007,Bharuch · GJ16,Gujarat,West,2024-02,381,466.0,1040,40.51,42.1,7.0,6.8,82.6,5.0,205,218,110,50,24,18,2,20,4
MS-GJ-007,Bharuch · GJ16,Gujarat,West,2024-03,396,462.0,1005,40.51,45.2,10.1,5.6,82.9,5.0,182,184,106,46,48,8,6,15,5
MS-GJ-007,Bharuch · GJ16,Gujarat,West,2024-04,444,529.0,1089,40.51,51.3,22.9,8.9,79.5,5.0,189,222,104,39,39,14,3,16,9
MS-GJ-007,Bharuch · GJ16,Gujarat,West,2024-05,445,526.0,1105,40.51,52.2,20.6,13.7,81.9,6.0,207,194,145,37,38,7,6,13,7
MS-GJ-013,Navsari · GJ21,Gujarat,West,2021-06,138,,340,39.58,,,,,,65,57,4,34,5,7,2,1,10
MS-GJ-013,Navsari · GJ21,Gujarat,West,2021-07,295,,547,39.58,,,,,,92,46,37,22,12,13,3,3,8
MS-GJ-013,Navsari · GJ21,Gujarat,West,2021-08,259,,522,39.58,,,,,,82,50,28,31,11,10,7,9,16
MS-GJ-013,Navsari · GJ21,Gujarat,West,2021-09,239,,521,39.58,,,,,,91,62,30,31,15,13,4,8,12
MS-GJ-013,Navsari · GJ21,Gujarat,West,2021-10,218,,572,39.58,,,,,,91,79,42,37,18,19,6,24,17
MS-GJ-013,Navsari · GJ21,Gujarat,West,2021-11,203,,492,39.58,,,,,,76,81,30,37,11,12,2,12,17
MS-GJ-013,Navsari · GJ21,Gujarat,West,2021-12,214,,541,39.58,,,,,,96,96,52,27,12,7,3,13,15
MS-GJ-013,Navsari · GJ21,Gujarat,West,2022-01,271,,518,39.58,,,,,,64,80,28,22,7,11,4,15,10
MS-GJ-013,Navsari · GJ21,Gujarat,West,2022-02,371,,662,39.58,,,,,,89,71,46,24,10,14,3,20,7
MS-GJ-013,Navsari · GJ21,Gujarat,West,2022-03,311,,640,39.58,,,,,,89,78,45,47,21,11,1,16,8
MS-GJ-013,Navsari · GJ21,Gujarat,West,2022-04,288,278.0,637,39.58,28.5,2.2,0.0,83.6,2.0,118,90,41,41,20,10,1,15,3
MS-GJ-013,Navsari · GJ21,Gujarat,West,2022-05,243,277.0,560,39.58,36.5,4.1,1.0,84.7,1.0,80,68,59,38,12,18,0,30,7
MS-GJ-013,Navsari · GJ21,Gujarat,West,2022-06,247,209.0,543,39.58,27.1,1.9,0.0,86.2,2.0,57,80,47,40,25,15,2,20,3
MS-GJ-013,Navsari · GJ21,Gujarat,West,2022-07,222,222.0,530,39.58,30.2,4.6,0.0,86.9,0.0,83,79,46,45,12,6,1,16,6
MS-GJ-013,Navsari · GJ21,Gujarat,West,2022-08,249,222.0,584,39.58,28.3,5.5,0.0,83.7,2.0,88,93,52,38,22,11,3,14,2
MS-GJ-013,Navsari · GJ21,Gujarat,West,2022-09,232,190.0,537,39.58,24.1,3.2,0.0,83.4,1.0,72,78,52,40,20,8,1,14,9
MS-GJ-013,Navsari · GJ21,Gujarat,West,2022-10,395,370.0,784,39.58,21.0,2.3,0.0,84.3,2.0,122,95,57,43,11,15,0,18,10
MS-GJ-013,Navsari · GJ21,Gujarat,West,2022-11,370,339.0,864,39.58,19.3,2.0,0.0,84.4,1.0,137,104,92,58,18,16,6,20,14
MS-GJ-013,Navsari · GJ21,Gujarat,West,2022-12,302,239.0,644,39.58,13.2,2.0,0.0,84.4,2.0,82,94,61,37,24,7,1,15,4
MS-GJ-013,Navsari · GJ21,Gujarat,West,2023-01,336,356.0,704,39.58,20.2,1.4,0.0,83.6,4.0,83,93,87,41,17,8,4,14,10
MS-GJ-013,Navsari · GJ21,Gujarat,West,2023-02,236,248.0,589,39.58,23.1,5.1,0.0,85.2,1.0,70,96,67,45,23,7,5,29,3
MS-GJ-013,Navsari · GJ21,Gujarat,West,2023-03,237,247.0,616,39.58,26.7,3.5,0.0,85.9,1.0,101,88,65,44,30,4,8,19,3
MS-GJ-013,Navsari · GJ21,Gujarat,West,2023-04,279,327.0,694,39.58,36.9,3.9,3.2,86.8,3.0,96,112,95,30,27,5,3,22,7
MS-GJ-013,Navsari · GJ21,Gujarat,West,2023-05,219,326.0,613,39.58,52.3,20.6,4.8,84.4,0.0,106,102,71,44,19,6,3,22,6
MS-GJ-013,Navsari · GJ21,Gujarat,West,2023-06,184,245.0,497,39.58,58.3,27.0,9.4,82.3,2.0,79,61,84,28,29,3,1,15,2
MS-GJ-013,Navsari · GJ21,Gujarat,West,2023-07,268,261.0,622,39.58,49.1,18.0,1.5,85.1,1.0,85,112,63,28,21,4,6,24,2
MS-GJ-013,Navsari · GJ21,Gujarat,West,2023-08,244,261.0,625,39.58,43.3,7.9,0.0,86.4,3.0,97,94,73,36,39,9,3,20,2
MS-GJ-013,Navsari · GJ21,Gujarat,West,2023-09,420,224.0,999,39.58,8.5,3.2,1.2,85.3,4.0,155,157,96,60,46,19,1,25,4
MS-GJ-013,Navsari · GJ21,Gujarat,West,2023-10,438,435.0,951,39.58,19.9,1.0,1.3,84.0,5.0,130,140,94,45,34,20,7,31,3
MS-GJ-013,Navsari · GJ21,Gujarat,West,2023-11,311,399.0,762,39.58,29.3,1.6,0.0,83.2,2.0,139,109,85,42,32,16,4,9,4
MS-GJ-013,Navsari · GJ21,Gujarat,West,2023-12,234,281.0,590,39.58,37.5,0.5,0.0,86.1,0.0,71,126,62,28,20,17,4,13,3
MS-GJ-013,Navsari · GJ21,Gujarat,West,2024-01,358,419.0,794,39.58,48.6,14.2,0.0,84.3,3.0,78,123,92,50,37,17,2,21,3
MS-GJ-013,Navsari · GJ21,Gujarat,West,2024-02,223,292.0,642,39.58,57.5,25.6,3.4,80.7,5.0,92,121,70,59,36,8,2,17,3
MS-GJ-013,Navsari · GJ21,Gujarat,West,2024-03,235,290.0,580,39.58,58.3,26.8,6.6,83.7,3.0,78,121,52,28,27,12,6,9,1
MS-GJ-013,Navsari · GJ21,Gujarat,West,2024-04,226,317.0,642,39.58,76.4,38.8,14.2,83.2,4.0,97,112,87,55,24,10,6,14,1
MS-GJ-013,Navsari · GJ21,Gujarat,West,2024-05,226,315.0,614,39.58,77.2,38.7,12.1,80.1,3.0,97,97,71,63,23,10,1,10,2
MS-GJ-019,Ahmedabad East · GJ27,Gujarat,West,2021-06,445,,1245,37.73,,,,,,221,216,81,165,16,34,6,7,26
MS-GJ-019,Ahmedabad East · GJ27,Gujarat,West,2021-07,747,,1502,37.73,,,,,,208,184,117,74,32,45,14,12,27
MS-GJ-019,Ahmedabad East · GJ27,Gujarat,West,2021-08,462,,1219,37.73,,,,,,246,229,100,71,17,24,12,8,16
MS-GJ-019,Ahmedabad East · GJ27,Gujarat,West,2021-09,618,,1445,37.73,,,,,,217,254,130,77,37,45,11,14,14
MS-GJ-019,Ahmedabad East · GJ27,Gujarat,West,2021-10,567,,1509,37.73,,,,,,263,266,131,81,37,51,16,24,36
MS-GJ-019,Ahmedabad East · GJ27,Gujarat,West,2021-11,610,,1347,37.73,,,,,,169,236,119,75,35,43,14,18,10
MS-GJ-019,Ahmedabad East · GJ27,Gujarat,West,2021-12,604,,1521,37.73,,,,,,261,279,129,70,54,29,9,20,37
MS-GJ-019,Ahmedabad East · GJ27,Gujarat,West,2022-01,516,,1112,37.73,,,,,,151,206,103,38,29,25,3,12,11
MS-GJ-019,Ahmedabad East · GJ27,Gujarat,West,2022-02,645,,1527,37.73,,,,,,244,263,129,98,24,62,13,22,15
MS-GJ-019,Ahmedabad East · GJ27,Gujarat,West,2022-03,620,,1492,37.73,,,,,,210,295,148,90,25,30,8,32,14
MS-GJ-019,Ahmedabad East · GJ27,Gujarat,West,2022-04,679,648.0,1803,37.73,25.3,3.1,9.4,88.1,4.0,268,353,193,159,36,50,5,29,13
MS-GJ-019,Ahmedabad East · GJ27,Gujarat,West,2022-05,498,645.0,1321,37.73,40.8,5.1,11.2,87.6,4.0,179,310,113,103,25,35,4,25,19
MS-GJ-019,Ahmedabad East · GJ27,Gujarat,West,2022-06,530,485.0,1576,37.73,38.5,5.1,8.1,85.5,1.0,253,329,151,141,37,42,16,44,11
MS-GJ-019,Ahmedabad East · GJ27,Gujarat,West,2022-07,566,517.0,1545,37.73,34.4,3.8,7.3,89.3,4.0,209,342,142,120,58,34,15,31,17
MS-GJ-019,Ahmedabad East · GJ27,Gujarat,West,2022-08,498,516.0,1445,37.73,32.7,6.7,6.7,90.1,2.0,258,318,130,115,33,28,11,31,6
MS-GJ-019,Ahmedabad East · GJ27,Gujarat,West,2022-09,594,443.0,1685,37.73,19.7,2.2,8.1,90.1,3.0,237,348,198,123,52,54,7,41,11
MS-GJ-019,Ahmedabad East · GJ27,Gujarat,West,2022-10,755,862.0,1913,37.73,27.1,4.2,7.6,89.8,4.0,252,375,201,135,46,44,14,51,23
MS-GJ-019,Ahmedabad East · GJ27,Gujarat,West,2022-11,761,790.0,2124,37.73,30.2,2.1,9.8,88.6,4.0,322,424,232,182,62,49,17,27,26
MS-GJ-019,Ahmedabad East · GJ27,Gujarat,West,2022-12,663,556.0,1927,37.73,25.1,4.4,12.7,87.1,1.0,280,414,238,171,43,44,12,30,20
MS-GJ-019,Ahmedabad East · GJ27,Gujarat,West,2023-01,549,829.0,1228,37.73,39.5,3.9,14.1,83.5,4.0,133,224,138,92,16,29,3,24,10
MS-GJ-019,Ahmedabad East · GJ27,Gujarat,West,2023-02,760,578.0,2205,37.73,26.8,3.1,13.6,85.3,3.0,304,452,306,176,59,38,21,49,16
MS-GJ-019,Ahmedabad East · GJ27,Gujarat,West,2023-03,690,574.0,1677,37.73,18.9,3.8,14.0,87.5,4.0,253,278,214,107,40,26,15,29,9
MS-GJ-019,Ahmedabad East · GJ27,Gujarat,West,2023-04,667,736.0,1886,37.73,25.0,1.5,13.0,88.8,7.0,288,352,306,111,44,32,14,30,12
MS-GJ-019,Ahmedabad East · GJ27,Gujarat,West,2023-05,598,732.0,1682,37.73,32.8,4.0,13.4,85.7,1.0,229,366,218,111,46,29,19,35,13
MS-GJ-019,Ahmedabad East · GJ27,Gujarat,West,2023-06,619,551.0,1508,37.73,27.4,3.0,13.3,87.1,4.0,245,230,201,83,56,22,7,31,3
MS-GJ-019,Ahmedabad East · GJ27,Gujarat,West,2023-07,572,587.0,1631,37.73,28.0,4.9,12.6,87.6,1.0,264,340,226,96,32,27,14,34,7
MS-GJ-019,Ahmedabad East · GJ27,Gujarat,West,2023-08,587,586.0,1749,37.73,28.8,1.0,12.6,86.7,1.0,273,345,279,107,68,26,9,35,5
MS-GJ-019,Ahmedabad East · GJ27,Gujarat,West,2023-09,915,503.0,2572,37.73,5.4,0.0,10.1,87.9,7.0,429,486,336,193,76,41,11,53,4
MS-GJ-019,Ahmedabad East · GJ27,Gujarat,West,2023-10,946,978.0,2677,37.73,14.3,3.1,9.4,87.3,7.0,442,492,358,203,84,41,21,45,12
MS-GJ-019,Ahmedabad East · GJ27,Gujarat,West,2023-11,634,897.0,1779,37.73,26.7,1.8,11.3,88.3,4.0,280,340,246,119,63,35,8,32,5
MS-GJ-019,Ahmedabad East · GJ27,Gujarat,West,2023-12,472,631.0,1536,37.73,37.3,2.6,10.7,88.2,4.0,227,368,226,86,60,30,6,33,12
MS-GJ-019,Ahmedabad East · GJ27,Gujarat,West,2024-01,795,940.0,2064,37.73,46.5,10.5,13.2,87.6,2.0,294,411,260,117,67,36,11,48,1
MS-GJ-019,Ahmedabad East · GJ27,Gujarat,West,2024-02,505,656.0,1635,37.73,52.7,18.2,26.5,88.6,1.0,282,272,290,130,91,20,7,20,6
MS-GJ-019,Ahmedabad East · GJ27,Gujarat,West,2024-03,501,651.0,1608,37.73,51.3,19.7,23.2,88.2,2.0,249,331,251,119,66,33,14,26,2
MS-GJ-019,Ahmedabad East · GJ27,Gujarat,West,2024-04,580,725.0,1684,37.73,61.1,29.8,30.7,85.6,2.0,279,318,217,137,59,15,26,29,7
MS-GJ-019,Ahmedabad East · GJ27,Gujarat,West,2024-05,548,722.0,1587,37.73,60.0,27.9,36.0,85.1,5.0,291,296,226,113,52,17,7,19,6
MS-GJ-025,Chhotaudaipur · GJ34,Gujarat,West,2021-06,45,,86,41.45,,,,,,14,7,13,4,0,0,1,0,1
MS-GJ-025,Chhotaudaipur · GJ34,Gujarat,West,2021-07,107,,166,41.45,,,,,,18,12,20,1,2,0,0,1,2
MS-GJ-025,Chhotaudaipur · GJ34,Gujarat,West,2021-08,53,,86,41.45,,,,,,10,10,12,0,0,0,0,0,0
MS-GJ-025,Chhotaudaipur · GJ34,Gujarat,West,2021-09,67,,139,41.45,,,,,,14,19,22,1,5,1,3,1,5
MS-GJ-025,Chhotaudaipur · GJ34,Gujarat,West,2021-10,53,,106,41.45,,,,,,11,11,17,6,1,4,1,0,1
MS-GJ-025,Chhotaudaipur · GJ34,Gujarat,West,2021-11,77,,127,41.45,,,,,,10,14,15,4,0,1,2,0,3
MS-GJ-025,Chhotaudaipur · GJ34,Gujarat,West,2021-12,101,,167,41.45,,,,,,15,30,12,6,0,1,0,0,1
MS-GJ-025,Chhotaudaipur · GJ34,Gujarat,West,2022-01,103,,148,41.45,,,,,,12,10,11,5,3,0,1,1,0
MS-GJ-025,Chhotaudaipur · GJ34,Gujarat,West,2022-02,70,,120,41.45,,,,,,15,14,12,2,0,2,0,1,3
MS-GJ-025,Chhotaudaipur · GJ34,Gujarat,West,2022-03,75,,174,41.45,,,,,,16,24,41,4,4,1,0,4,4
MS-GJ-025,Chhotaudaipur · GJ34,Gujarat,West,2022-04,71,85.0,148,41.45,36.2,1.3,2.4,84.6,0.0,9,24,31,4,4,1,2,1,1
MS-GJ-025,Chhotaudaipur · GJ34,Gujarat,West,2022-05,65,85.0,139,41.45,46.8,14.2,2.8,84.0,0.0,22,19,23,3,4,1,1,0,1
MS-GJ-025,Chhotaudaipur · GJ34,Gujarat,West,2022-06,64,64.0,119,41.45,41.6,4.0,1.2,83.6,0.0,12,24,9,5,1,1,1,2,0
MS-GJ-025,Chhotaudaipur · GJ34,Gujarat,West,2022-07,69,68.0,135,41.45,42.4,7.8,0.0,85.7,0.0,13,25,16,6,2,1,0,2,1
MS-GJ-025,Chhotaudaipur · GJ34,Gujarat,West,2022-08,64,68.0,124,41.45,42.8,6.8,0.0,86.5,2.0,19,20,14,6,0,0,0,0,0
MS-GJ-025,Chhotaudaipur · GJ34,Gujarat,West,2022-09,76,58.0,149,41.45,26.6,3.1,0.0,85.5,0.0,21,28,14,7,1,0,0,0,2
MS-GJ-025,Chhotaudaipur · GJ34,Gujarat,West,2022-10,127,113.0,208,41.45,23.2,1.4,0.0,85.7,0.0,18,24,27,5,4,1,0,0,2
MS-GJ-025,Chhotaudaipur · GJ34,Gujarat,West,2022-11,80,104.0,188,41.45,35.0,3.7,0.0,83.8,0.0,37,23,36,5,6,0,0,0,0
MS-GJ-025,Chhotaudaipur · GJ34,Gujarat,West,2022-12,67,73.0,156,41.45,35.5,2.6,0.0,84.8,0.0,19,25,27,8,5,0,0,1,2
MS-GJ-025,Chhotaudaipur · GJ34,Gujarat,West,2023-01,85,109.0,162,41.45,60.5,28.3,3.5,81.8,0.0,18,14,32,4,0,1,1,4,1
MS-GJ-025,Chhotaudaipur · GJ34,Gujarat,West,2023-02,112,76.0,197,41.45,27.7,1.6,0.0,84.5,0.0,19,19,36,5,1,0,1,0,1
MS-GJ-025,Chhotaudaipur · GJ34,Gujarat,West,2023-03,112,75.0,197,41.45,11.2,1.5,0.0,83.0,0.0,19,19,36,5,1,0,1,0,1
MS-GJ-025,Chhotaudaipur · GJ34,Gujarat,West,2023-04,71,97.0,152,41.45,26.0,4.5,1.1,83.0,2.0,25,16,31,1,1,1,2,1,2
MS-GJ-025,Chhotaudaipur · GJ34,Gujarat,West,2023-05,95,96.0,194,41.45,28.7,0.0,0.0,83.1,3.0,24,24,35,9,1,0,1,1,1
MS-GJ-025,Chhotaudaipur · GJ34,Gujarat,West,2023-06,70,72.0,152,41.45,32.5,2.9,1.4,84.9,0.0,24,12,38,4,3,1,0,0,0
MS-GJ-025,Chhotaudaipur · GJ34,Gujarat,West,2023-07,63,77.0,133,41.45,35.4,4.4,0.0,85.3,0.0,25,19,21,3,1,0,0,0,0
MS-GJ-025,Chhotaudaipur · GJ34,Gujarat,West,2023-08,79,77.0,153,41.45,34.6,1.1,0.0,85.4,0.0,26,21,23,1,2,1,0,0,0
MS-GJ-025,Chhotaudaipur · GJ34,Gujarat,West,2023-09,66,66.0,173,41.45,33.7,2.0,0.0,82.4,0.0,39,20,33,6,5,1,0,1,2
MS-GJ-025,Chhotaudaipur · GJ34,Gujarat,West,2023-10,116,129.0,265,41.45,42.8,9.7,0.0,83.3,0.0,43,47,40,9,5,0,1,3,0
MS-GJ-025,Chhotaudaipur · GJ34,Gujarat,West,2023-11,85,118.0,204,41.45,53.4,21.8,1.5,83.6,2.0,28,30,48,4,4,1,2,0,1
MS-GJ-025,Chhotaudaipur · GJ34,Gujarat,West,2023-12,60,83.0,138,41.45,49.7,16.3,5.0,84.4,0.0,23,26,24,2,2,0,0,0,1
MS-GJ-025,Chhotaudaipur · GJ34,Gujarat,West,2024-01,84,124.0,174,41.45,72.0,37.0,13.1,81.1,0.0,23,20,36,4,1,1,0,1,2
MS-GJ-025,Chhotaudaipur · GJ34,Gujarat,West,2024-02,62,86.0,150,41.45,75.7,36.3,13.1,84.0,0.0,24,21,28,4,7,1,1,0,0
MS-GJ-025,Chhotaudaipur · GJ34,Gujarat,West,2024-03,68,86.0,168,41.45,62.0,27.9,7.4,83.9,0.0,27,26,33,6,2,1,1,2,1
MS-GJ-025,Chhotaudaipur · GJ34,Gujarat,West,2024-04,61,85.0,166,41.45,74.8,39.3,13.4,82.6,1.0,31,28,33,6,2,0,0,3,1
MS-GJ-025,Chhotaudaipur · GJ34,Gujarat,West,2024-05,62,85.0,154,41.45,73.7,35.9,10.0,80.3,0.0,28,29,29,5,0,0,0,1,0
MS-GJ-031,Surat · GJ5,Gujarat,West,2021-06,591,,1844,37.56,,,,,,357,251,67,299,19,49,37,39,46
MS-GJ-031,Surat · GJ5,Gujarat,West,2021-07,929,,2354,37.56,,,,,,406,278,112,215,35,85,44,70,65
MS-GJ-031,Surat · GJ5,Gujarat,West,2021-08,723,,1947,37.56,,,,,,331,249,127,119,48,109,34,69,40
MS-GJ-031,Surat · GJ5,Gujarat,West,2021-09,1059,,3272,37.56,,,,,,658,415,210,298,56,148,44,108,95
MS-GJ-031,Surat · GJ5,Gujarat,West,2021-10,912,,3055,37.56,,,,,,599,381,161,340,106,133,47,143,87
MS-GJ-031,Surat · GJ5,Gujarat,West,2021-11,739,,2316,37.56,,,,,,401,332,185,220,52,88,33,114,59
MS-GJ-031,Surat · GJ5,Gujarat,West,2021-12,932,,2621,37.56,,,,,,428,349,193,244,81,94,32,128,64
MS-GJ-031,Surat · GJ5,Gujarat,West,2022-01,800,,2184,37.56,,,,,,335,312,177,176,53,80,14,122,34
MS-GJ-031,Surat · GJ5,Gujarat,West,2022-02,907,,2609,37.56,,,,,,406,327,195,269,44,121,50,183,32
MS-GJ-031,Surat · GJ5,Gujarat,West,2022-03,800,,2600,37.56,,,,,,394,381,223,265,52,97,37,224,47
MS-GJ-031,Surat · GJ5,Gujarat,West,2022-04,936,949.0,2839,37.56,24.3,3.7,3.4,90.5,3.0,441,370,227,350,67,100,28,210,30
MS-GJ-031,Surat · GJ5,Gujarat,West,2022-05,753,944.0,2423,37.56,33.6,1.3,4.9,88.6,5.0,372,302,205,248,81,86,27,212,65
MS-GJ-031,Surat · GJ5,Gujarat,West,2022-06,861,710.0,2548,37.56,25.2,2.1,2.6,87.2,6.0,350,407,195,327,48,85,18,163,29
MS-GJ-031,Surat · GJ5,Gujarat,West,2022-07,827,757.0,2546,37.56,25.7,1.7,4.0,87.4,4.0,471,358,202,242,63,65,17,197,31
MS-GJ-031,Surat · GJ5,Gujarat,West,2022-08,837,756.0,2577,37.56,24.4,5.3,2.8,88.7,6.0,425,355,201,299,102,81,38,141,34
MS-GJ-031,Surat · GJ5,Gujarat,West,2022-09,785,648.0,2698,37.56,19.1,4.1,3.6,90.0,4.0,423,407,306,278,100,85,20,174,31
MS-GJ-031,Surat · GJ5,Gujarat,West,2022-10,1380,1261.0,4132,37.56,21.0,4.0,3.5,89.0,10.0,696,562,335,455,88,143,29,259,77
MS-GJ-031,Surat · GJ5,Gujarat,West,2022-11,989,1156.0,2971,37.56,33.1,3.0,2.9,87.8,4.0,494,498,275,294,64,96,35,110,40
MS-GJ-031,Surat · GJ5,Gujarat,West,2022-12,913,813.0,2986,37.56,28.1,1.1,1.2,88.7,6.0,486,485,358,280,66,87,33,171,29
MS-GJ-031,Surat · GJ5,Gujarat,West,2023-01,966,1213.0,2800,37.56,47.4,14.8,3.7,89.2,6.0,397,441,270,258,72,89,21,173,37
MS-GJ-031,Surat · GJ5,Gujarat,West,2023-02,683,846.0,2393,37.56,54.5,23.0,7.6,88.6,7.0,333,389,291,242,79,63,43,172,34
MS-GJ-031,Surat · GJ5,Gujarat,West,2023-03,876,840.0,2754,37.56,47.0,13.1,7.1,89.7,3.0,334,536,251,276,134,63,47,133,34
MS-GJ-031,Surat · GJ5,Gujarat,West,2023-04,953,1054.0,3080,37.56,43.6,11.7,10.9,89.4,9.0,492,513,264,273,124,62,52,179,27
MS-GJ-031,Surat · GJ5,Gujarat,West,2023-05,692,1049.0,2475,37.56,54.2,22.0,12.5,86.7,3.0,434,428,270,178,136,48,43,133,29
MS-GJ-031,Surat · GJ5,Gujarat,West,2023-06,778,789.0,2633,37.56,47.7,14.7,8.5,88.7,2.0,432,467,285,275,97,66,19,106,11
MS-GJ-031,Surat · GJ5,Gujarat,West,2023-07,912,841.0,3007,37.56,41.2,6.5,6.2,88.2,4.0,481,601,296,234,152,44,40,153,26
MS-GJ-031,Surat · GJ5,Gujarat,West,2023-08,751,840.0,2732,37.56,37.0,2.7,6.3,87.8,4.0,444,546,279,256,127,48,43,115,28
MS-GJ-031,Surat · GJ5,Gujarat,West,2023-09,1233,720.0,3576,37.56,11.0,2.6,3.0,88.6,6.0,481,588,364,328,135,103,35,155,26
MS-GJ-031,Surat · GJ5,Gujarat,West,2023-10,1360,1402.0,4766,37.56,17.8,3.7,6.3,88.0,9.0,697,918,502,533,200,134,35,215,26
MS-GJ-031,Surat · GJ5,Gujarat,West,2023-11,940,1285.0,3028,37.56,28.7,3.2,7.6,88.4,4.0,409,604,286,258,153,83,23,167,16
MS-GJ-031,Surat · GJ5,Gujarat,West,2023-12,671,903.0,2232,37.56,39.4,1.7,8.6,89.2,6.0,262,507,206,212,104,67,19,99,8
MS-GJ-031,Surat · GJ5,Gujarat,West,2024-01,1068,1347.0,3155,37.56,55.1,23.3,18.0,88.5,10.0,390,587,340,265,154,101,38,126,19
MS-GJ-031,Surat · GJ5,Gujarat,West,2024-02,715,940.0,2752,37.56,61.6,30.1,20.0,88.7,4.0,415,558,322,269,144,79,26,118,14
MS-GJ-031,Surat · GJ5,Gujarat,West,2024-03,666,933.0,2417,37.56,64.3,32.3,18.7,88.8,3.0,354,568,277,191,99,74,31,69,16
MS-GJ-031,Surat · GJ5,Gujarat,West,2024-04,798,997.0,2843,37.56,73.2,36.2,16.7,88.6,7.0,463,589,239,277,125,70,33,125,11
MS-GJ-031,Surat · GJ5,Gujarat,West,2024-05,753,992.0,2551,37.56,75.5,38.6,16.7,86.5,14.0,409,523,217,263,128,46,31,99,19
MS-HP-002,Gagret · HP101,Himachal Pradesh,North,2021-06,25,,64,44.72,,,,,,26,6,1,1,3,1,0,0,0
MS-HP-002,Gagret · HP101,Himachal Pradesh,North,2021-07,32,,57,44.72,,,,,,9,7,3,3,0,0,0,0,1
MS-HP-002,Gagret · HP101,Himachal Pradesh,North,2021-08,10,,30,44.72,,,,,,13,5,1,0,0,1,0,0,0
MS-HP-002,Gagret · HP101,Himachal Pradesh,North,2021-09,19,,41,44.72,,,,,,1,8,5,4,2,0,0,0,2
MS-HP-002,Gagret · HP101,Himachal Pradesh,North,2021-10,17,,29,44.72,,,,,,3,4,1,1,0,1,1,0,0
MS-HP-002,Gagret · HP101,Himachal Pradesh,North,2021-11,20,,46,44.72,,,,,,14,7,3,1,0,0,0,1,0
MS-HP-002,Gagret · HP101,Himachal Pradesh,North,2021-12,7,,16,44.72,,,,,,4,4,0,0,0,0,0,1,0
MS-HP-002,Gagret · HP101,Himachal Pradesh,North,2022-01,11,,33,44.72,,,,,,8,10,1,1,2,0,0,0,0
MS-HP-002,Gagret · HP101,Himachal Pradesh,North,2022-02,13,,24,44.72,,,,,,5,3,0,0,1,1,0,0,1
MS-HP-002,Gagret · HP101,Himachal Pradesh,North,2022-03,22,,49,44.72,,,,,,7,11,5,0,1,3,0,0,0
MS-HP-002,Gagret · HP101,Himachal Pradesh,North,2022-04,5,19.0,9,44.72,134.8,54.1,30.7,78.3,0.0,2,0,1,0,0,0,0,1,0
MS-HP-002,Gagret · HP101,Himachal Pradesh,North,2022-05,8,19.0,14,44.72,114.2,53.9,27.6,77.9,0.0,2,3,1,0,0,0,0,0,0
MS-HP-002,Gagret · HP101,Himachal Pradesh,North,2022-06,21,16.0,49,44.72,32.7,3.2,4.9,83.6,0.0,5,11,6,2,0,2,0,1,0
MS-HP-002,Gagret · HP101,Himachal Pradesh,North,2022-07,11,15.0,35,44.72,40.7,3.2,0.0,84.1,0.0,7,11,3,0,0,0,0,2,0
MS-HP-002,Gagret · HP101,Himachal Pradesh,North,2022-08,13,13.0,34,44.72,32.5,4.1,0.0,83.3,2.0,10,5,3,1,0,0,0,1,1
MS-HP-002,Gagret · HP101,Himachal Pradesh,North,2022-09,3,11.0,9,44.72,75.8,36.7,14.0,80.5,0.0,1,0,2,1,1,1,0,0,0
MS-HP-002,Gagret · HP101,Himachal Pradesh,North,2022-10,10,18.0,21,44.72,101.7,50.5,24.8,78.7,0.0,7,2,0,2,0,0,0,0,0
MS-HP-002,Gagret · HP101,Himachal Pradesh,North,2022-11,36,21.0,72,44.72,5.7,1.0,0.0,84.6,0.0,16,15,2,2,0,0,0,0,0
MS-HP-002,Gagret · HP101,Himachal Pradesh,North,2022-12,10,17.0,28,44.72,22.3,2.0,0.0,84.1,0.0,6,8,4,0,0,0,0,0,0
MS-HP-002,Gagret · HP101,Himachal Pradesh,North,2023-01,7,22.0,15,44.72,53.5,24.6,1.9,84.1,0.0,3,4,1,0,0,0,0,0,0
MS-HP-002,Gagret · HP101,Himachal Pradesh,North,2023-02,13,18.0,46,44.72,92.9,47.9,19.5,79.5,0.0,11,11,5,1,0,0,1,2,0
MS-HP-002,Gagret · HP101,Himachal Pradesh,North,2023-03,29,19.0,54,44.72,23.1,4.8,0.0,81.9,0.0,9,11,3,0,0,0,0,0,1
MS-HP-002,Gagret · HP101,Himachal Pradesh,North,2023-04,15,17.0,33,44.72,25.6,1.0,0.0,83.1,0.0,5,7,3,0,2,0,0,1,0
MS-HP-002,Gagret · HP101,Himachal Pradesh,North,2023-05,15,17.0,32,44.72,28.5,4.0,0.0,83.0,0.0,8,7,0,2,0,0,0,0,0
MS-HP-002,Gagret · HP101,Himachal Pradesh,North,2023-06,18,14.0,41,44.72,23.5,5.3,0.0,82.8,0.0,5,15,1,0,0,1,0,1,0
MS-HP-002,Gagret · HP101,Himachal Pradesh,North,2023-07,11,14.0,37,44.72,31.5,3.8,0.0,83.7,0.0,8,4,5,1,3,2,0,2,0
MS-HP-002,Gagret · HP101,Himachal Pradesh,North,2023-08,25,11.0,61,44.72,0.0,3.7,0.0,82.5,0.0,11,6,8,2,5,0,2,2,0
MS-HP-002,Gagret · HP101,Himachal Pradesh,North,2023-09,19,10.0,76,44.72,0.0,3.9,0.0,84.4,0.0,21,11,12,4,5,0,1,3,0
MS-HP-002,Gagret · HP101,Himachal Pradesh,North,2023-10,12,16.0,27,44.72,16.7,5.2,0.0,84.4,0.0,4,6,1,1,2,1,0,0,0
MS-HP-002,Gagret · HP101,Himachal Pradesh,North,2023-11,14,19.0,32,44.72,35.3,2.7,0.0,83.1,0.0,4,7,4,0,0,0,0,3,0
MS-HP-002,Gagret · HP101,Himachal Pradesh,North,2023-12,30,15.0,97,44.72,1.6,3.4,0.0,82.6,1.0,31,19,12,1,2,2,0,0,0
MS-HP-002,Gagret · HP101,Himachal Pradesh,North,2024-01,19,20.0,47,44.72,13.4,3.3,0.0,82.9,0.0,4,12,6,0,3,0,1,0,2
MS-HP-002,Gagret · HP101,Himachal Pradesh,North,2024-02,36,16.0,80,44.72,0.0,0.8,0.0,80.5,0.0,14,11,11,1,1,3,2,0,0
MS-HP-002,Gagret · HP101,Himachal Pradesh,North,2024-03,8,17.0,43,44.72,24.2,4.6,0.4,80.3,0.0,19,6,6,1,0,2,0,0,0
MS-HP-002,Gagret · HP101,Himachal Pradesh,North,2024-04,35,23.0,90,44.72,7.7,1.9,0.0,80.9,0.0,14,20,16,1,1,1,0,1,0
MS-HP-002,Gagret · HP101,Himachal Pradesh,North,2024-05,26,22.0,54,44.72,11.4,3.5,0.0,82.8,1.0,11,9,3,0,1,2,0,1,0
MS-HP-008,Hamirpur · HP22,Himachal Pradesh,North,2021-06,45,,112,45.19,,,,,,26,22,5,0,6,2,0,1,1
MS-HP-008,Hamirpur · HP22,Himachal Pradesh,North,2021-07,45,,85,45.19,,,,,,20,10,1,3,1,0,1,1,3
MS-HP-008,Hamirpur · HP22,Himachal Pradesh,North,2021-08,35,,67,45.19,,,,,,15,4,6,0,2,3,0,0,1
MS-HP-008,Hamirpur · HP22,Himachal Pradesh,North,2021-09,50,,110,45.19,,,,,,25,17,7,4,0,3,0,1,2
MS-HP-008,Hamirpur · HP22,Himachal Pradesh,North,2021-10,13,,38,45.19,,,,,,14,9,0,0,1,0,0,0,1
MS-HP-008,Hamirpur · HP22,Himachal Pradesh,North,2021-11,32,,100,45.19,,,,,,30,16,7,3,4,4,1,1,1
MS-HP-008,Hamirpur · HP22,Himachal Pradesh,North,2021-12,66,,129,45.19,,,,,,24,16,11,4,1,1,0,5,1
MS-HP-008,Hamirpur · HP22,Himachal Pradesh,North,2022-01,36,,77,45.19,,,,,,17,12,6,2,2,1,0,0,1
MS-HP-008,Hamirpur · HP22,Himachal Pradesh,North,2022-02,35,,70,45.19,,,,,,14,13,3,1,1,1,0,1,1
MS-HP-008,Hamirpur · HP22,Himachal Pradesh,North,2022-03,30,,76,45.19,,,,,,12,24,3,2,0,1,0,3,0
MS-HP-008,Hamirpur · HP22,Himachal Pradesh,North,2022-04,32,45.0,76,45.19,62.2,30.1,8.9,85.1,0.0,15,12,5,1,3,3,0,4,1
MS-HP-008,Hamirpur · HP22,Himachal Pradesh,North,2022-05,24,44.0,61,45.19,82.8,39.1,18.8,82.6,0.0,14,15,4,1,0,0,0,1,1
MS-HP-008,Hamirpur · HP22,Himachal Pradesh,North,2022-06,44,36.0,112,45.19,45.9,11.5,3.0,85.8,0.0,31,21,6,2,4,1,1,0,0
MS-HP-008,Hamirpur · HP22,Himachal Pradesh,North,2022-07,32,35.0,73,45.19,47.2,15.0,4.5,85.1,0.0,16,9,9,1,1,0,2,3,0
MS-HP-008,Hamirpur · HP22,Himachal Pradesh,North,2022-08,32,30.0,73,45.19,38.0,2.9,2.9,84.5,0.0,16,9,9,1,1,0,2,3,0
MS-HP-008,Hamirpur · HP22,Himachal Pradesh,North,2022-09,41,26.0,81,45.19,23.2,3.8,2.1,84.9,1.0,15,11,8,0,4,1,0,1,0
MS-HP-008,Hamirpur · HP22,Himachal Pradesh,North,2022-10,15,42.0,36,45.19,60.7,28.3,8.1,81.9,0.0,9,5,2,1,3,0,0,0,0
MS-HP-008,Hamirpur · HP22,Himachal Pradesh,North,2022-11,43,50.0,135,45.19,58.7,23.8,9.9,85.0,1.0,34,44,4,1,4,1,0,2,2
MS-HP-008,Hamirpur · HP22,Himachal Pradesh,North,2022-12,65,39.0,109,45.19,24.9,0.0,1.8,87.8,0.0,14,11,11,4,3,1,0,0,0
MS-HP-008,Hamirpur · HP22,Himachal Pradesh,North,2023-01,47,52.0,99,45.19,24.8,2.8,2.2,84.9,1.0,24,16,3,0,0,2,1,4,0
MS-HP-008,Hamirpur · HP22,Himachal Pradesh,North,2023-02,34,43.0,79,45.19,30.6,0.3,5.0,84.1,0.0,21,14,8,0,1,0,0,0,1
MS-HP-008,Hamirpur · HP22,Himachal Pradesh,North,2023-03,50,44.0,107,45.19,29.4,4.2,3.8,84.1,0.0,22,25,7,1,0,0,2,0,0
MS-HP-008,Hamirpur · HP22,Himachal Pradesh,North,2023-04,20,48.0,48,45.19,62.0,28.1,12.9,84.7,0.0,8,9,8,0,0,0,0,2,1
MS-HP-008,Hamirpur · HP22,Himachal Pradesh,North,2023-05,73,46.0,161,45.19,18.6,2.8,3.6,87.7,0.0,39,25,14,1,2,0,1,5,1
MS-HP-008,Hamirpur · HP22,Himachal Pradesh,North,2023-06,24,38.0,73,45.19,36.3,4.7,5.6,85.7,0.0,20,11,13,1,0,2,1,0,0
MS-HP-008,Hamirpur · HP22,Himachal Pradesh,North,2023-07,48,37.0,117,45.19,20.5,4.6,3.1,87.1,0.0,29,23,8,1,3,1,2,0,1
MS-HP-008,Hamirpur · HP22,Himachal Pradesh,North,2023-08,30,31.0,90,45.19,27.8,4.4,6.4,84.3,2.0,31,13,6,0,3,2,1,3,1
MS-HP-008,Hamirpur · HP22,Himachal Pradesh,North,2023-09,53,27.0,111,45.19,4.1,2.4,1.6,84.7,0.0,29,14,5,2,2,1,0,3,1
MS-HP-008,Hamirpur · HP22,Himachal Pradesh,North,2023-10,35,45.0,82,45.19,17.5,5.3,6.5,86.2,0.0,23,7,9,0,1,1,3,3,0
MS-HP-008,Hamirpur · HP22,Himachal Pradesh,North,2023-11,26,53.0,81,45.19,42.2,6.7,5.4,86.1,0.0,22,15,11,0,5,1,0,1,0
MS-HP-008,Hamirpur · HP22,Himachal Pradesh,North,2023-12,21,41.0,81,45.19,76.7,39.9,21.1,82.5,0.0,17,23,11,1,2,3,0,0,2
MS-HP-008,Hamirpur · HP22,Himachal Pradesh,North,2024-01,44,55.0,125,45.19,74.2,38.5,21.8,81.4,1.0,23,26,10,10,3,4,1,4,0
MS-HP-008,Hamirpur · HP22,Himachal Pradesh,North,2024-02,46,45.0,118,45.19,52.4,19.3,11.6,84.0,0.0,36,17,12,0,1,3,0,1,1
MS-HP-008,Hamirpur · HP22,Himachal Pradesh,North,2024-03,33,47.0,103,45.19,55.3,23.8,6.5,84.5,0.0,24,27,12,1,4,1,0,0,0
MS-HP-008,Hamirpur · HP22,Himachal Pradesh,North,2024-04,29,47.0,87,45.19,72.7,36.8,12.5,83.9,3.0,29,14,5,2,3,3,0,2,0
MS-HP-008,Hamirpur · HP22,Himachal Pradesh,North,2024-05,26,46.0,39,45.19,98.2,49.3,23.8,81.2,0.0,3,4,0,2,1,0,1,2,0
MS-HP-014,Sundarnagar · HP31,Himachal Pradesh,North,2021-06,20,,57,37.65,,,,,,12,5,9,2,3,3,0,1,1
MS-HP-014,Sundarnagar · HP31,Himachal Pradesh,North,2021-07,40,,88,37.65,,,,,,14,9,13,1,1,1,0,1,5
MS-HP-014,Sundarnagar · HP31,Himachal Pradesh,North,2021-08,31,,87,37.65,,,,,,11,10,14,3,2,3,1,3,7
MS-HP-014,Sundarnagar · HP31,Himachal Pradesh,North,2021-09,30,,65,37.65,,,,,,10,8,7,3,0,2,0,1,3
MS-HP-014,Sundarnagar · HP31,Himachal Pradesh,North,2021-10,13,,33,37.65,,,,,,6,4,7,0,2,0,0,1,0
MS-HP-014,Sundarnagar · HP31,Himachal Pradesh,North,2021-11,57,,117,37.65,,,,,,12,12,25,5,3,1,1,0,1
MS-HP-014,Sundarnagar · HP31,Himachal Pradesh,North,2021-12,36,,84,37.65,,,,,,17,14,4,0,4,3,0,1,4
MS-HP-014,Sundarnagar · HP31,Himachal Pradesh,North,2022-01,12,,24,37.65,,,,,,3,2,5,1,1,0,0,0,0
MS-HP-014,Sundarnagar · HP31,Himachal Pradesh,North,2022-02,60,,140,37.65,,,,,,19,16,18,5,4,7,1,7,3
MS-HP-014,Sundarnagar · HP31,Himachal Pradesh,North,2022-03,31,,61,37.65,,,,,,2,9,14,2,1,1,0,1,0
MS-HP-014,Sundarnagar · HP31,Himachal Pradesh,North,2022-04,3,39.0,25,37.65,146.6,55.7,38.5,75.2,0.0,4,5,7,1,3,0,0,2,0
MS-HP-014,Sundarnagar · HP31,Himachal Pradesh,North,2022-05,53,37.0,142,37.65,27.4,3.2,12.2,79.7,0.0,23,22,17,7,9,2,1,4,3
MS-HP-014,Sundarnagar · HP31,Himachal Pradesh,North,2022-06,25,31.0,62,37.65,36.7,0.2,9.7,78.6,1.0,9,7,10,2,5,1,0,0,2
MS-HP-014,Sundarnagar · HP31,Himachal Pradesh,North,2022-07,27,30.0,70,37.65,27.9,3.3,2.5,78.9,0.0,4,10,17,4,4,0,0,2,2
MS-HP-014,Sundarnagar · HP31,Himachal Pradesh,North,2022-08,22,25.0,64,37.65,39.7,0.0,2.2,81.6,0.0,10,10,10,1,6,1,0,1,2
MS-HP-014,Sundarnagar · HP31,Himachal Pradesh,North,2022-09,14,22.0,45,37.65,51.1,18.2,5.0,80.6,1.0,5,11,13,0,1,0,0,1,0
MS-HP-014,Sundarnagar · HP31,Himachal Pradesh,North,2022-10,32,36.0,83,37.65,51.4,19.2,8.3,81.1,0.0,17,8,13,4,4,1,1,2,1
MS-HP-014,Sundarnagar · HP31,Himachal Pradesh,North,2022-11,14,42.0,51,37.65,95.6,47.6,26.2,77.6,0.0,9,8,11,2,2,1,1,0,3
MS-HP-014,Sundarnagar · HP31,Himachal Pradesh,North,2022-12,88,33.0,161,37.65,0.0,1.6,5.9,81.5,2.0,13,20,17,5,5,3,2,4,2
MS-HP-014,Sundarnagar · HP31,Himachal Pradesh,North,2023-01,42,44.0,97,37.65,13.1,3.9,5.8,79.9,0.0,13,13,14,1,5,6,1,1,1
MS-HP-014,Sundarnagar · HP31,Himachal Pradesh,North,2023-02,32,36.0,77,37.65,16.7,5.1,4.6,79.2,0.0,5,14,15,2,4,2,0,2,1
MS-HP-014,Sundarnagar · HP31,Himachal Pradesh,North,2023-03,32,38.0,70,37.65,31.2,2.8,9.2,80.6,0.0,13,5,12,3,2,1,1,1,0
MS-HP-014,Sundarnagar · HP31,Himachal Pradesh,North,2023-04,37,40.0,74,37.65,39.4,3.5,8.3,81.3,2.0,8,12,10,1,0,2,1,3,0
MS-HP-014,Sundarnagar · HP31,Himachal Pradesh,North,2023-05,42,39.0,99,37.65,32.0,2.8,5.3,79.1,0.0,12,16,12,5,4,2,0,5,1
MS-HP-014,Sundarnagar · HP31,Himachal Pradesh,North,2023-06,24,32.0,94,37.65,38.9,3.5,5.1,80.0,1.0,12,27,20,2,3,1,1,2,2
MS-HP-014,Sundarnagar · HP31,Himachal Pradesh,North,2023-07,13,31.0,61,37.65,64.9,32.4,18.9,79.9,0.0,12,9,13,2,2,2,0,6,2
MS-HP-014,Sundarnagar · HP31,Himachal Pradesh,North,2023-08,23,26.0,64,37.65,70.0,36.5,23.8,80.4,0.0,7,18,7,1,2,0,1,5,0
MS-HP-014,Sundarnagar · HP31,Himachal Pradesh,North,2023-09,29,23.0,82,37.65,44.2,5.9,8.3,81.5,1.0,20,9,13,2,3,0,1,3,0
MS-HP-014,Sundarnagar · HP31,Himachal Pradesh,North,2023-10,16,37.0,58,37.65,73.6,37.9,16.5,80.1,0.0,8,8,20,3,0,0,1,1,0
MS-HP-014,Sundarnagar · HP31,Himachal Pradesh,North,2023-11,19,44.0,41,37.65,102.7,49.6,26.6,76.9,0.0,6,5,9,0,1,0,0,0,0
MS-HP-014,Sundarnagar · HP31,Himachal Pradesh,North,2023-12,63,34.0,136,37.65,13.9,5.3,3.3,83.0,0.0,21,19,16,6,2,4,2,3,0
MS-HP-014,Sundarnagar · HP31,Himachal Pradesh,North,2024-01,47,46.0,116,37.65,16.3,3.2,0.5,82.7,0.0,19,13,18,2,8,2,0,4,2
MS-HP-014,Sundarnagar · HP31,Himachal Pradesh,North,2024-02,34,38.0,84,37.65,22.4,2.5,0.0,81.9,1.0,5,13,22,1,3,3,0,2,1
MS-HP-014,Sundarnagar · HP31,Himachal Pradesh,North,2024-03,29,39.0,77,37.65,39.4,5.2,6.1,78.5,0.0,12,12,13,3,2,0,0,5,0
MS-HP-014,Sundarnagar · HP31,Himachal Pradesh,North,2024-04,25,39.0,88,37.65,60.3,29.0,13.5,78.1,1.0,16,19,16,0,8,1,0,2,1
MS-HP-014,Sundarnagar · HP31,Himachal Pradesh,North,2024-05,41,38.0,127,37.65,41.7,6.0,10.2,81.0,0.0,16,26,29,2,7,2,1,2,1
MS-HP-020,Dharamshala · HP39,Himachal Pradesh,North,2021-06,5,,37,39.12,,,,,,15,4,2,5,0,1,0,0,4
MS-HP-020,Dharamshala · HP39,Himachal Pradesh,North,2021-07,40,,108,39.12,,,,,,29,13,4,3,6,3,1,0,7
MS-HP-020,Dharamshala · HP39,Himachal Pradesh,North,2021-08,32,,66,39.12,,,,,,9,9,5,2,2,2,2,1,2
MS-HP-020,Dharamshala · HP39,Himachal Pradesh,North,2021-09,30,,70,39.12,,,,,,12,11,4,1,3,3,1,1,0
MS-HP-020,Dharamshala · HP39,Himachal Pradesh,North,2021-10,12,,32,39.12,,,,,,5,4,1,3,2,1,0,1,3
MS-HP-020,Dharamshala · HP39,Himachal Pradesh,North,2021-11,29,,84,39.12,,,,,,18,14,5,4,4,3,0,2,5
MS-HP-020,Dharamshala · HP39,Himachal Pradesh,North,2021-12,59,,135,39.12,,,,,,20,20,10,3,5,6,0,1,11
MS-HP-020,Dharamshala · HP39,Himachal Pradesh,North,2022-01,19,,53,39.12,,,,,,10,11,2,1,2,1,0,2,4
MS-HP-020,Dharamshala · HP39,Himachal Pradesh,North,2022-02,26,,85,39.12,,,,,,14,19,5,3,10,2,0,1,5
MS-HP-020,Dharamshala · HP39,Himachal Pradesh,North,2022-03,60,,118,39.12,,,,,,15,16,16,6,2,1,0,1,1
MS-HP-020,Dharamshala · HP39,Himachal Pradesh,North,2022-04,18,38.0,50,39.12,75.6,37.7,24.7,75.7,0.0,7,10,3,2,2,1,0,2,5
MS-HP-020,Dharamshala · HP39,Himachal Pradesh,North,2022-05,28,36.0,99,39.12,65.8,32.8,18.1,76.0,0.0,12,29,7,5,6,0,1,3,8
MS-HP-020,Dharamshala · HP39,Himachal Pradesh,North,2022-06,26,30.0,76,39.12,57.1,27.3,15.2,76.1,1.0,15,5,5,4,11,1,1,2,2
MS-HP-020,Dharamshala · HP39,Himachal Pradesh,North,2022-07,32,29.0,93,39.12,38.3,3.4,9.7,79.5,1.0,19,5,3,10,8,6,1,1,6
MS-HP-020,Dharamshala · HP39,Himachal Pradesh,North,2022-08,33,25.0,106,39.12,24.6,2.1,6.7,80.9,2.0,30,16,6,10,7,0,0,2,2
MS-HP-020,Dharamshala · HP39,Himachal Pradesh,North,2022-09,8,21.0,24,39.12,45.9,12.9,9.6,81.8,0.0,2,5,1,3,1,2,0,0,2
MS-HP-020,Dharamshala · HP39,Himachal Pradesh,North,2022-10,21,35.0,77,39.12,72.5,36.2,21.8,80.6,0.0,16,5,11,2,11,1,0,0,6
MS-HP-020,Dharamshala · HP39,Himachal Pradesh,North,2022-11,45,41.0,120,39.12,48.5,16.5,16.9,80.6,0.0,19,23,12,7,4,3,0,3,3
MS-HP-020,Dharamshala · HP39,Himachal Pradesh,North,2022-12,28,32.0,85,39.12,40.2,3.3,11.8,82.6,0.0,13,16,6,7,6,0,2,2,2
MS-HP-020,Dharamshala · HP39,Himachal Pradesh,North,2023-01,20,43.0,47,39.12,62.3,29.7,16.5,79.2,0.0,11,6,6,1,0,0,0,0,1
MS-HP-020,Dharamshala · HP39,Himachal Pradesh,North,2023-02,26,35.0,50,39.12,74.6,39.0,23.9,77.4,0.0,7,5,1,4,3,0,0,1,2
MS-HP-020,Dharamshala · HP39,Himachal Pradesh,North,2023-03,38,37.0,85,39.12,53.3,24.4,12.7,78.3,0.0,16,8,7,5,7,0,0,1,2
MS-HP-020,Dharamshala · HP39,Himachal Pradesh,North,2023-04,37,34.0,108,39.12,34.7,1.0,5.0,78.6,0.0,25,18,5,6,9,1,0,4,3
MS-HP-020,Dharamshala · HP39,Himachal Pradesh,North,2023-05,24,32.0,77,39.12,42.4,8.6,6.0,81.4,0.0,19,13,5,3,5,2,0,0,2
MS-HP-020,Dharamshala · HP39,Himachal Pradesh,North,2023-06,29,27.0,93,39.12,35.9,4.6,9.0,83.5,0.0,25,11,13,7,2,2,1,2,1
MS-HP-020,Dharamshala · HP39,Himachal Pradesh,North,2023-07,30,26.0,89,39.12,26.5,2.9,5.8,83.7,0.0,10,22,10,3,2,0,3,4,3
MS-HP-020,Dharamshala · HP39,Himachal Pradesh,North,2023-08,30,22.0,72,39.12,16.1,4.9,6.5,78.7,0.0,13,11,8,4,2,1,0,1,1
MS-HP-020,Dharamshala · HP39,Himachal Pradesh,North,2023-09,29,19.0,68,39.12,7.4,0.0,2.8,81.3,0.0,12,10,6,3,3,2,1,0,2
MS-HP-020,Dharamshala · HP39,Himachal Pradesh,North,2023-10,16,31.0,42,39.12,42.0,3.5,0.0,81.8,0.0,6,5,6,2,2,4,0,0,0
MS-HP-020,Dharamshala · HP39,Himachal Pradesh,North,2023-11,45,37.0,136,39.12,29.9,4.3,2.0,80.5,0.0,39,21,7,6,5,6,0,3,2
MS-HP-020,Dharamshala · HP39,Himachal Pradesh,North,2023-12,52,29.0,135,39.12,4.9,1.5,5.0,81.2,0.0,17,34,12,4,6,4,0,5,1
MS-HP-020,Dharamshala · HP39,Himachal Pradesh,North,2024-01,27,39.0,100,39.12,22.8,2.0,5.0,81.9,0.0,18,22,10,10,11,0,0,1,1
MS-HP-020,Dharamshala · HP39,Himachal Pradesh,North,2024-02,29,32.0,71,39.12,30.0,1.8,1.4,81.5,1.0,12,13,5,4,2,0,0,1,3
MS-HP-020,Dharamshala · HP39,Himachal Pradesh,North,2024-03,24,33.0,63,39.12,51.6,21.1,4.4,79.8,0.0,13,13,5,4,1,0,0,1,2
MS-HP-020,Dharamshala · HP39,Himachal Pradesh,North,2024-04,32,39.0,78,39.12,54.0,22.7,10.9,77.8,0.0,15,9,8,6,2,1,0,2,1
MS-HP-020,Dharamshala · HP39,Himachal Pradesh,North,2024-05,32,37.0,107,39.12,49.5,16.0,8.6,78.2,1.0,19,24,9,6,4,6,1,2,2
MS-HP-026,Rampur Bushar · HP6,Himachal Pradesh,North,2021-06,13,,31,46.3,,,,,,8,2,4,1,2,0,0,0,0
MS-HP-026,Rampur Bushar · HP6,Himachal Pradesh,North,2021-07,37,,65,46.3,,,,,,6,7,11,0,1,0,1,0,1
MS-HP-026,Rampur Bushar · HP6,Himachal Pradesh,North,2021-08,17,,41,46.3,,,,,,5,4,9,0,4,0,0,0,1
MS-HP-026,Rampur Bushar · HP6,Himachal Pradesh,North,2021-09,25,,45,46.3,,,,,,3,5,4,0,4,2,0,0,1
MS-HP-026,Rampur Bushar · HP6,Himachal Pradesh,North,2021-10,35,,54,46.3,,,,,,3,3,6,0,4,1,0,0,1
MS-HP-026,Rampur Bushar · HP6,Himachal Pradesh,North,2021-11,52,,90,46.3,,,,,,19,6,5,3,2,0,0,1,1
MS-HP-026,Rampur Bushar · HP6,Himachal Pradesh,North,2021-12,28,,50,46.3,,,,,,8,6,4,0,2,0,1,1,0
MS-HP-026,Rampur Bushar · HP6,Himachal Pradesh,North,2022-01,30,,58,46.3,,,,,,10,5,7,0,4,0,0,0,1
MS-HP-026,Rampur Bushar · HP6,Himachal Pradesh,North,2022-02,11,,33,46.3,,,,,,11,3,3,2,2,1,0,0,0
MS-HP-026,Rampur Bushar · HP6,Himachal Pradesh,North,2022-03,8,,22,46.3,,,,,,5,3,4,1,1,0,0,0,0
MS-HP-026,Rampur Bushar · HP6,Himachal Pradesh,North,2022-04,14,32.0,44,46.3,112.6,50.4,37.9,91.5,0.0,11,3,9,1,6,0,0,0,0
MS-HP-026,Rampur Bushar · HP6,Himachal Pradesh,North,2022-05,41,31.0,63,46.3,24.8,2.6,11.2,94.9,0.0,9,8,3,1,1,0,0,0,0
MS-HP-026,Rampur Bushar · HP6,Himachal Pradesh,North,2022-06,7,26.0,31,46.3,63.8,32.0,19.3,94.6,0.0,8,6,6,0,2,0,1,0,0
MS-HP-026,Rampur Bushar · HP6,Himachal Pradesh,North,2022-07,6,25.0,31,46.3,95.3,46.8,30.0,91.2,0.0,12,4,6,0,2,0,0,0,0
MS-HP-026,Rampur Bushar · HP6,Himachal Pradesh,North,2022-08,11,21.0,32,46.3,125.1,53.0,38.4,91.3,0.0,2,6,11,0,1,0,0,1,0
MS-HP-026,Rampur Bushar · HP6,Himachal Pradesh,North,2022-09,16,18.0,36,46.3,90.8,43.4,31.0,93.0,0.0,10,5,1,0,2,0,1,0,0
MS-HP-026,Rampur Bushar · HP6,Himachal Pradesh,North,2022-10,14,30.0,41,46.3,102.8,48.3,33.1,93.7,0.0,10,2,12,0,1,0,0,0,0
MS-HP-026,Rampur Bushar · HP6,Himachal Pradesh,North,2022-11,63,35.0,93,46.3,0.0,2.8,7.4,95.8,0.0,9,7,11,0,0,1,0,0,2
MS-HP-026,Rampur Bushar · HP6,Himachal Pradesh,North,2022-12,60,27.0,102,46.3,0.0,4.9,9.3,96.2,0.0,16,7,16,1,1,0,0,0,1
MS-HP-026,Rampur Bushar · HP6,Himachal Pradesh,North,2023-01,50,37.0,73,46.3,0.0,3.7,7.1,97.2,0.0,9,4,9,0,1,0,0,0,0
MS-HP-026,Rampur Bushar · HP6,Himachal Pradesh,North,2023-02,32,30.0,42,46.3,5.3,5.6,5.2,96.2,0.0,4,1,4,0,0,0,0,0,1
MS-HP-026,Rampur Bushar · HP6,Himachal Pradesh,North,2023-03,36,31.0,55,46.3,9.3,3.3,6.0,98.0,1.0,10,0,6,0,1,0,0,0,2
MS-HP-026,Rampur Bushar · HP6,Himachal Pradesh,North,2023-04,32,37.0,68,46.3,21.6,2.7,6.5,98.0,0.0,9,14,7,0,5,0,0,1,0
MS-HP-026,Rampur Bushar · HP6,Himachal Pradesh,North,2023-05,26,35.0,42,46.3,34.9,3.8,4.7,97.1,0.0,5,2,9,0,0,0,0,0,0
MS-HP-026,Rampur Bushar · HP6,Himachal Pradesh,North,2023-06,8,29.0,26,46.3,75.4,37.4,21.7,94.8,0.0,6,2,9,0,0,0,0,0,1
MS-HP-026,Rampur Bushar · HP6,Himachal Pradesh,North,2023-07,21,29.0,39,46.3,91.4,46.3,27.3,91.9,0.0,5,2,9,0,1,0,0,0,1
MS-HP-026,Rampur Bushar · HP6,Himachal Pradesh,North,2023-08,17,24.0,46,46.3,93.4,46.8,31.4,91.6,0.0,9,4,12,0,3,0,1,0,0
MS-HP-026,Rampur Bushar · HP6,Himachal Pradesh,North,2023-09,13,21.0,46,46.3,74.9,39.6,23.4,93.0,0.0,12,3,16,0,1,0,0,0,1
MS-HP-026,Rampur Bushar · HP6,Himachal Pradesh,North,2023-10,27,34.0,52,46.3,74.8,37.9,18.8,93.3,0.0,7,6,9,1,1,1,0,0,0
MS-HP-026,Rampur Bushar · HP6,Himachal Pradesh,North,2023-11,19,40.0,37,46.3,101.7,46.8,27.5,92.1,0.0,5,5,7,0,0,0,0,1,0
MS-HP-026,Rampur Bushar · HP6,Himachal Pradesh,North,2023-12,56,31.0,104,46.3,18.7,1.7,3.1,98.0,1.0,15,9,14,0,6,2,0,1,1
MS-HP-026,Rampur Bushar · HP6,Himachal Pradesh,North,2024-01,29,42.0,67,46.3,35.3,6.1,6.3,97.1,0.0,6,15,15,1,1,0,0,0,0
MS-HP-026,Rampur Bushar · HP6,Himachal Pradesh,North,2024-02,26,35.0,68,46.3,55.5,24.7,11.9,95.2,0.0,12,3,18,0,7,1,0,0,1
MS-HP-026,Rampur Bushar · HP6,Himachal Pradesh,North,2024-03,35,36.0,55,46.3,76.1,37.8,22.5,94.6,0.0,4,2,6,2,4,0,0,1,0
MS-HP-026,Rampur Bushar · HP6,Himachal Pradesh,North,2024-04,28,32.0,57,46.3,77.6,37.8,21.8,93.9,1.0,11,2,10,0,5,1,0,0,0
MS-HP-026,Rampur Bushar · HP6,Himachal Pradesh,North,2024-05,26,31.0,62,46.3,80.9,41.7,21.3,93.1,1.0,12,8,10,1,3,2,0,0,0
MS-HP-032,Dharamshala · HP68,Himachal Pradesh,North,2021-06,16,,27,42.06,,,,,,2,1,6,0,0,0,0,1,1
MS-HP-032,Dharamshala · HP68,Himachal Pradesh,North,2021-07,27,,53,42.06,,,,,,5,12,3,3,3,0,0,0,0
MS-HP-032,Dharamshala · HP68,Himachal Pradesh,North,2021-08,19,,50,42.06,,,,,,2,3,22,1,3,0,0,0,0
MS-HP-032,Dharamshala · HP68,Himachal Pradesh,North,2021-09,42,,60,42.06,,,,,,0,9,8,0,1,0,0,0,0
MS-HP-032,Dharamshala · HP68,Himachal Pradesh,North,2021-10,51,,64,42.06,,,,,,2,4,4,0,3,0,0,0,0
MS-HP-032,Dharamshala · HP68,Himachal Pradesh,North,2021-11,40,,66,42.06,,,,,,2,7,8,1,3,4,0,1,0
MS-HP-032,Dharamshala · HP68,Himachal Pradesh,North,2021-12,16,,30,42.06,,,,,,4,2,6,1,0,0,0,0,1
MS-HP-032,Dharamshala · HP68,Himachal Pradesh,North,2022-01,56,,74,42.06,,,,,,4,6,7,1,0,0,0,0,0
MS-HP-032,Dharamshala · HP68,Himachal Pradesh,North,2022-02,71,,104,42.06,,,,,,2,12,9,1,7,0,0,0,1
MS-HP-032,Dharamshala · HP68,Himachal Pradesh,North,2022-03,43,,55,42.06,,,,,,1,3,5,0,2,0,1,0,0
MS-HP-032,Dharamshala · HP68,Himachal Pradesh,North,2022-04,35,48.0,52,42.06,46.0,12.6,10.0,72.7,0.0,1,0,7,0,8,1,0,0,0
MS-HP-032,Dharamshala · HP68,Himachal Pradesh,North,2022-05,63,46.0,91,42.06,19.1,3.7,9.7,72.8,2.0,3,1,14,0,10,0,0,0,0
MS-HP-032,Dharamshala · HP68,Himachal Pradesh,North,2022-06,63,39.0,80,42.06,3.8,4.0,12.8,73.8,1.0,1,0,7,0,7,0,0,2,0
MS-HP-032,Dharamshala · HP68,Himachal Pradesh,North,2022-07,99,38.0,139,42.06,0.0,4.1,10.8,75.9,0.0,0,9,17,0,12,1,0,0,1
MS-HP-032,Dharamshala · HP68,Himachal Pradesh,North,2022-08,45,32.0,68,42.06,0.0,7.0,9.5,74.6,2.0,3,6,9,0,4,1,0,0,0
MS-HP-032,Dharamshala · HP68,Himachal Pradesh,North,2022-09,65,27.0,105,42.06,0.0,3.2,12.4,73.9,2.0,9,6,14,0,10,1,0,0,0
MS-HP-032,Dharamshala · HP68,Himachal Pradesh,North,2022-10,63,45.0,89,42.06,0.0,2.0,11.1,72.2,1.0,2,3,13,1,4,3,0,0,0
MS-HP-032,Dharamshala · HP68,Himachal Pradesh,North,2022-11,32,53.0,56,42.06,18.5,4.7,9.7,70.7,1.0,2,5,7,1,3,3,2,0,1
MS-HP-032,Dharamshala · HP68,Himachal Pradesh,North,2022-12,49,41.0,73,42.06,16.7,3.2,10.1,72.3,0.0,1,4,10,0,3,5,0,0,1
MS-HP-032,Dharamshala · HP68,Himachal Pradesh,North,2023-01,38,55.0,56,42.06,40.1,2.5,12.5,74.8,1.0,1,3,6,0,4,1,0,3,0
MS-HP-032,Dharamshala · HP68,Himachal Pradesh,North,2023-02,51,46.0,75,42.06,29.5,4.0,8.7,75.6,0.0,0,5,7,0,8,1,0,0,2
MS-HP-032,Dharamshala · HP68,Himachal Pradesh,North,2023-03,43,47.0,68,42.06,31.7,0.3,12.8,75.6,2.0,3,4,11,0,3,3,0,0,1
MS-HP-032,Dharamshala · HP68,Himachal Pradesh,North,2023-04,27,68.0,47,42.06,72.3,36.2,24.6,71.6,0.0,0,6,9,0,5,0,0,0,0
MS-HP-032,Dharamshala · HP68,Himachal Pradesh,North,2023-05,26,65.0,45,42.06,118.4,52.4,39.9,66.8,2.0,1,5,4,0,8,0,0,1,0
MS-HP-032,Dharamshala · HP68,Himachal Pradesh,North,2023-06,13,54.0,38,42.06,166.1,60.9,38.1,67.3,1.0,1,3,10,0,9,1,0,0,1
MS-HP-032,Dharamshala · HP68,Himachal Pradesh,North,2023-07,33,53.0,56,42.06,120.5,53.4,37.9,68.6,0.0,1,6,2,0,12,1,0,0,1
MS-HP-032,Dharamshala · HP68,Himachal Pradesh,North,2023-08,248,44.0,330,42.06,0.0,3.9,8.9,77.0,2.0,3,6,27,2,31,9,0,0,4
MS-HP-032,Dharamshala · HP68,Himachal Pradesh,North,2023-09,76,38.0,108,42.06,0.0,4.4,9.6,77.6,2.0,0,2,10,1,18,1,0,0,0
MS-HP-032,Dharamshala · HP68,Himachal Pradesh,North,2023-10,42,63.0,68,42.06,8.9,2.3,8.1,75.6,1.0,1,4,14,0,5,0,0,0,2
MS-HP-032,Dharamshala · HP68,Himachal Pradesh,North,2023-11,40,74.0,63,42.06,45.3,13.4,12.4,74.6,1.0,1,3,8,0,8,2,0,0,1
MS-HP-032,Dharamshala · HP68,Himachal Pradesh,North,2023-12,50,57.0,86,42.06,54.6,20.5,17.9,71.5,0.0,3,3,14,1,9,3,0,1,1
MS-HP-032,Dharamshala · HP68,Himachal Pradesh,North,2024-01,106,77.0,167,42.06,26.7,2.7,12.3,71.7,0.0,2,11,21,1,22,2,0,1,1
MS-HP-032,Dharamshala · HP68,Himachal Pradesh,North,2024-02,82,64.0,139,42.06,14.4,1.7,11.6,73.4,0.0,3,13,26,2,7,1,0,1,4
MS-HP-032,Dharamshala · HP68,Himachal Pradesh,North,2024-03,99,66.0,127,42.06,3.6,0.8,12.4,73.4,4.0,1,3,14,1,8,0,0,0,1
MS-HP-032,Dharamshala · HP68,Himachal Pradesh,North,2024-04,119,88.0,158,42.06,0.0,1.6,9.5,72.1,5.0,2,8,15,0,12,1,0,0,1
MS-HP-032,Dharamshala · HP68,Himachal Pradesh,North,2024-05,57,85.0,95,42.06,14.9,0.0,11.1,70.8,2.0,1,8,14,1,13,0,0,0,1
MS-HP-038,Nagrota Bagwan · HP94,Himachal Pradesh,North,2021-06,23,,33,46.46,,,,,,4,5,0,0,1,0,0,0,0
MS-HP-038,Nagrota Bagwan · HP94,Himachal Pradesh,North,2021-07,28,,61,46.46,,,,,,8,12,4,2,1,3,0,0,3
MS-HP-038,Nagrota Bagwan · HP94,Himachal Pradesh,North,2021-08,20,,36,46.46,,,,,,2,4,2,2,0,2,0,1,1
MS-HP-038,Nagrota Bagwan · HP94,Himachal Pradesh,North,2021-09,24,,47,46.46,,,,,,5,3,7,5,2,0,0,0,1
MS-HP-038,Nagrota Bagwan · HP94,Himachal Pradesh,North,2021-10,11,,36,46.46,,,,,,8,8,2,3,0,1,0,0,2
MS-HP-038,Nagrota Bagwan · HP94,Himachal Pradesh,North,2021-11,27,,74,46.46,,,,,,12,20,2,1,0,5,0,1,6
MS-HP-038,Nagrota Bagwan · HP94,Himachal Pradesh,North,2021-12,32,,47,46.46,,,,,,3,5,3,1,1,0,0,0,2
MS-HP-038,Nagrota Bagwan · HP94,Himachal Pradesh,North,2022-01,30,,58,46.46,,,,,,6,14,5,0,0,0,2,0,1
MS-HP-038,Nagrota Bagwan · HP94,Himachal Pradesh,North,2022-02,24,,47,46.46,,,,,,7,10,2,1,1,1,0,0,1
MS-HP-038,Nagrota Bagwan · HP94,Himachal Pradesh,North,2022-03,22,,38,46.46,,,,,,2,7,3,0,2,1,0,0,1
MS-HP-038,Nagrota Bagwan · HP94,Himachal Pradesh,North,2022-04,29,29.0,54,46.46,29.4,2.1,0.0,77.9,0.0,6,10,4,0,2,0,0,1,2
MS-HP-038,Nagrota Bagwan · HP94,Himachal Pradesh,North,2022-05,6,27.0,17,46.46,88.4,44.6,21.0,77.0,0.0,5,5,1,0,0,0,0,0,0
MS-HP-038,Nagrota Bagwan · HP94,Himachal Pradesh,North,2022-06,20,23.0,56,46.46,69.9,35.9,16.1,78.7,2.0,1,20,6,2,3,3,0,0,1
MS-HP-038,Nagrota Bagwan · HP94,Himachal Pradesh,North,2022-07,22,22.0,51,46.46,67.8,37.2,10.6,77.9,0.0,3,13,4,3,1,1,0,0,4
MS-HP-038,Nagrota Bagwan · HP94,Himachal Pradesh,North,2022-08,22,19.0,49,46.46,37.2,3.1,2.5,81.3,0.0,7,8,5,4,3,0,0,0,0
MS-HP-038,Nagrota Bagwan · HP94,Himachal Pradesh,North,2022-09,8,16.0,26,46.46,52.4,19.1,1.2,78.1,0.0,4,6,5,0,3,0,0,0,0
MS-HP-038,Nagrota Bagwan · HP94,Himachal Pradesh,North,2022-10,13,27.0,47,46.46,91.1,46.9,17.2,76.4,0.0,9,12,5,2,3,0,1,0,2
MS-HP-038,Nagrota Bagwan · HP94,Himachal Pradesh,North,2022-11,33,31.0,78,46.46,51.2,18.5,6.9,80.1,0.0,5,26,4,3,3,0,0,0,4
MS-HP-038,Nagrota Bagwan · HP94,Himachal Pradesh,North,2022-12,33,24.0,58,46.46,20.9,3.4,0.0,80.4,0.0,4,10,5,1,2,0,0,1,1
MS-HP-038,Nagrota Bagwan · HP94,Himachal Pradesh,North,2023-01,28,33.0,52,46.46,26.5,6.5,0.0,78.4,0.0,4,8,8,0,1,0,0,0,3
MS-HP-038,Nagrota Bagwan · HP94,Himachal Pradesh,North,2023-02,21,27.0,43,46.46,34.3,2.0,1.9,81.7,0.0,5,9,4,0,1,1,0,1,1
MS-HP-038,Nagrota Bagwan · HP94,Himachal Pradesh,North,2023-03,14,28.0,34,46.46,61.0,27.1,11.4,81.5,1.0,5,8,4,1,1,1,0,0,0
MS-HP-038,Nagrota Bagwan · HP94,Himachal Pradesh,North,2023-04,21,26.0,44,46.46,67.1,36.0,12.4,80.6,0.0,5,5,2,1,3,1,0,3,3
MS-HP-038,Nagrota Bagwan · HP94,Himachal Pradesh,North,2023-05,18,25.0,56,46.46,72.5,37.6,16.3,79.7,0.0,8,14,11,1,1,0,1,1,1
MS-HP-038,Nagrota Bagwan · HP94,Himachal Pradesh,North,2023-06,13,21.0,40,46.46,74.1,37.7,16.2,79.0,0.0,5,10,7,0,3,1,0,0,1
MS-HP-038,Nagrota Bagwan · HP94,Himachal Pradesh,North,2023-07,15,20.0,55,46.46,79.4,39.2,15.3,78.0,0.0,11,13,13,1,2,0,0,0,0
MS-HP-038,Nagrota Bagwan · HP94,Himachal Pradesh,North,2023-08,18,17.0,46,46.46,61.1,29.0,6.4,80.9,1.0,7,10,9,1,0,1,0,0,0
MS-HP-038,Nagrota Bagwan · HP94,Himachal Pradesh,North,2023-09,12,15.0,39,46.46,58.8,26.6,4.8,80.3,0.0,5,7,8,3,2,2,0,0,0
MS-HP-038,Nagrota Bagwan · HP94,Himachal Pradesh,North,2023-10,20,24.0,43,46.46,56.3,27.6,1.5,78.4,0.0,5,8,5,2,2,1,0,0,0
MS-HP-038,Nagrota Bagwan · HP94,Himachal Pradesh,North,2023-11,33,29.0,70,46.46,40.1,1.5,0.0,80.8,0.0,11,10,7,4,0,3,0,1,1
MS-HP-038,Nagrota Bagwan · HP94,Himachal Pradesh,North,2023-12,23,22.0,57,46.46,30.9,3.9,0.0,80.2,0.0,6,15,6,2,2,1,0,2,0
MS-HP-038,Nagrota Bagwan · HP94,Himachal Pradesh,North,2024-01,25,30.0,51,46.46,36.6,1.7,0.0,81.5,1.0,3,12,9,1,1,0,0,0,0
MS-HP-038,Nagrota Bagwan · HP94,Himachal Pradesh,North,2024-02,32,25.0,63,46.46,23.8,4.9,0.0,81.2,1.0,10,14,3,0,1,1,1,1,0
MS-HP-038,Nagrota Bagwan · HP94,Himachal Pradesh,North,2024-03,11,25.0,32,46.46,49.8,16.8,5.9,81.0,0.0,6,5,3,1,1,0,1,1,3
MS-HP-038,Nagrota Bagwan · HP94,Himachal Pradesh,North,2024-04,8,25.0,40,46.46,84.3,44.1,20.2,78.1,0.0,8,12,9,2,0,0,0,1,0
MS-HP-038,Nagrota Bagwan · HP94,Himachal Pradesh,North,2024-05,35,24.0,84,46.46,40.6,6.9,3.9,79.7,0.0,13,12,16,3,2,1,0,2,0
MS-HR-006,Jhajhar · HR14,Haryana,North,2021-06,87,,183,41.96,,,,,,35,26,6,15,4,3,0,1,3
MS-HR-006,Jhajhar · HR14,Haryana,North,2021-07,83,,159,41.96,,,,,,39,17,4,4,2,0,0,0,2
MS-HR-006,Jhajhar · HR14,Haryana,North,2021-08,90,,189,41.96,,,,,,57,14,9,6,1,0,0,0,5
MS-HR-006,Jhajhar · HR14,Haryana,North,2021-09,98,,178,41.96,,,,,,31,20,11,5,4,0,0,1,4
MS-HR-006,Jhajhar · HR14,Haryana,North,2021-10,57,,100,41.96,,,,,,16,8,6,4,4,1,0,0,3
MS-HR-006,Jhajhar · HR14,Haryana,North,2021-11,100,,187,41.96,,,,,,37,23,14,3,1,0,0,0,4
MS-HR-006,Jhajhar · HR14,Haryana,North,2021-12,79,,167,41.96,,,,,,37,15,13,4,3,5,0,3,4
MS-HR-006,Jhajhar · HR14,Haryana,North,2022-01,92,,190,41.96,,,,,,39,20,14,3,8,1,1,3,4
MS-HR-006,Jhajhar · HR14,Haryana,North,2022-02,100,,181,41.96,,,,,,31,31,7,5,4,1,0,1,1
MS-HR-006,Jhajhar · HR14,Haryana,North,2022-03,145,,241,41.96,,,,,,30,34,13,3,5,3,1,2,3
MS-HR-006,Jhajhar · HR14,Haryana,North,2022-04,54,112.0,114,41.96,96.7,49.0,31.3,77.3,1.0,17,16,6,7,2,3,3,1,3
MS-HR-006,Jhajhar · HR14,Haryana,North,2022-05,118,107.0,227,41.96,37.6,2.8,9.7,81.1,0.0,41,37,5,7,2,2,0,2,9
MS-HR-006,Jhajhar · HR14,Haryana,North,2022-06,68,89.0,141,41.96,45.2,10.5,9.6,81.6,2.0,24,14,13,6,6,1,0,3,3
MS-HR-006,Jhajhar · HR14,Haryana,North,2022-07,122,87.0,244,41.96,20.9,6.1,10.1,81.0,5.0,29,50,18,9,6,3,0,1,3
MS-HR-006,Jhajhar · HR14,Haryana,North,2022-08,106,73.0,187,41.96,12.1,2.1,9.7,82.5,1.0,24,35,8,6,3,0,0,0,1
MS-HR-006,Jhajhar · HR14,Haryana,North,2022-09,55,63.0,126,41.96,18.7,2.6,10.1,82.2,2.0,28,18,13,6,1,2,1,0,2
MS-HR-006,Jhajhar · HR14,Haryana,North,2022-10,129,104.0,235,41.96,21.8,1.6,5.3,85.9,1.0,39,34,17,10,2,2,0,0,2
MS-HR-006,Jhajhar · HR14,Haryana,North,2022-11,36,123.0,100,41.96,72.9,36.1,15.7,80.8,0.0,19,23,14,1,0,3,0,1,2
MS-HR-006,Jhajhar · HR14,Haryana,North,2022-12,159,95.0,282,41.96,21.0,2.9,5.4,81.6,2.0,41,35,18,13,8,2,0,2,0
MS-HR-006,Jhajhar · HR14,Haryana,North,2023-01,121,128.0,256,41.96,32.1,4.4,9.4,80.5,2.0,52,32,27,5,9,2,0,1,2
MS-HR-006,Jhajhar · HR14,Haryana,North,2023-02,147,105.0,288,41.96,12.8,2.7,8.5,83.0,1.0,47,54,17,6,2,2,2,0,6
MS-HR-006,Jhajhar · HR14,Haryana,North,2023-03,30,109.0,74,41.96,49.2,16.7,14.9,83.3,0.0,11,15,9,1,3,1,1,1,1
MS-HR-006,Jhajhar · HR14,Haryana,North,2023-04,161,120.0,353,41.96,28.8,2.5,11.1,84.1,3.0,72,55,33,15,4,1,3,1,5
MS-HR-006,Jhajhar · HR14,Haryana,North,2023-05,102,115.0,218,41.96,39.8,1.8,11.6,83.8,2.0,26,45,15,8,8,1,0,6,3
MS-HR-006,Jhajhar · HR14,Haryana,North,2023-06,123,96.0,247,41.96,17.9,1.0,8.8,83.9,0.0,50,26,23,9,4,1,0,3,2
MS-HR-006,Jhajhar · HR14,Haryana,North,2023-07,37,93.0,69,41.96,46.6,12.5,10.0,84.2,2.0,9,8,7,5,3,0,0,0,0
MS-HR-006,Jhajhar · HR14,Haryana,North,2023-08,150,78.0,314,41.96,7.3,4.2,11.7,85.6,1.0,60,42,35,8,7,1,0,4,3
MS-HR-006,Jhajhar · HR14,Haryana,North,2023-09,138,67.0,283,41.96,0.0,2.9,11.6,84.9,1.0,54,33,26,14,4,2,0,6,2
MS-HR-006,Jhajhar · HR14,Haryana,North,2023-10,138,111.0,252,41.96,2.9,2.3,9.8,84.6,1.0,45,28,16,9,5,3,1,1,3
MS-HR-006,Jhajhar · HR14,Haryana,North,2023-11,85,132.0,170,41.96,25.4,1.7,12.8,80.7,1.0,25,31,15,5,2,1,1,1,1
MS-HR-006,Jhajhar · HR14,Haryana,North,2023-12,167,102.0,334,41.96,5.1,5.2,10.2,80.5,1.0,46,42,41,13,12,2,1,3,4
MS-HR-006,Jhajhar · HR14,Haryana,North,2024-01,190,137.0,343,41.96,2.3,0.0,14.1,81.0,0.0,50,48,29,5,8,1,3,5,1
MS-HR-006,Jhajhar · HR14,Haryana,North,2024-02,118,113.0,229,41.96,9.5,2.1,11.7,83.7,1.0,20,41,26,10,5,4,0,3,1
MS-HR-006,Jhajhar · HR14,Haryana,North,2024-03,185,117.0,437,41.96,4.2,5.1,12.4,83.6,1.0,92,72,48,16,9,2,0,2,6
MS-HR-006,Jhajhar · HR14,Haryana,North,2024-04,143,167.0,276,41.96,26.9,1.4,7.8,84.1,2.0,32,38,39,13,2,1,2,1,1
MS-HR-006,Jhajhar · HR14,Haryana,North,2024-05,39,160.0,101,41.96,64.8,35.1,18.5,81.6,1.0,22,14,17,2,5,0,0,0,0
MS-HR-012,Hisar · HR20,Haryana,North,2021-06,106,,432,43.13,,,,,,98,69,26,57,4,11,7,5,9
MS-HR-012,Hisar · HR20,Haryana,North,2021-07,107,,402,43.13,,,,,,114,74,18,38,10,7,3,4,4
MS-HR-012,Hisar · HR20,Haryana,North,2021-08,90,,362,43.13,,,,,,103,70,29,27,6,8,11,4,6
MS-HR-012,Hisar · HR20,Haryana,North,2021-09,77,,351,43.13,,,,,,94,62,20,38,6,18,3,5,10
MS-HR-012,Hisar · HR20,Haryana,North,2021-10,101,,332,43.13,,,,,,54,59,23,37,5,13,2,3,11
MS-HR-012,Hisar · HR20,Haryana,North,2021-11,118,,395,43.13,,,,,,83,70,34,19,15,12,5,3,17
MS-HR-012,Hisar · HR20,Haryana,North,2021-12,106,,331,43.13,,,,,,89,52,25,23,9,8,2,4,4
MS-HR-012,Hisar · HR20,Haryana,North,2022-01,123,,420,43.13,,,,,,81,84,34,25,22,9,5,9,21
MS-HR-012,Hisar · HR20,Haryana,North,2022-02,110,,375,43.13,,,,,,80,71,23,32,4,12,6,8,11
MS-HR-012,Hisar · HR20,Haryana,North,2022-03,126,,434,43.13,,,,,,85,86,34,41,7,15,8,5,10
MS-HR-012,Hisar · HR20,Haryana,North,2022-04,124,128.0,399,43.13,30.0,4.5,5.1,91.2,0.0,73,64,38,36,15,17,2,10,13
MS-HR-012,Hisar · HR20,Haryana,North,2022-05,131,123.0,429,43.13,26.3,1.9,0.0,91.3,0.0,96,69,35,44,8,10,2,9,18
MS-HR-012,Hisar · HR20,Haryana,North,2022-06,118,102.0,443,43.13,21.9,0.0,3.1,90.3,0.0,101,63,48,57,15,11,2,6,11
MS-HR-012,Hisar · HR20,Haryana,North,2022-07,74,100.0,376,43.13,32.7,4.8,2.3,90.7,0.0,100,81,28,43,18,8,2,5,13
MS-HR-012,Hisar · HR20,Haryana,North,2022-08,96,84.0,416,43.13,29.8,3.6,1.8,90.0,0.0,90,76,35,63,16,12,2,5,8
MS-HR-012,Hisar · HR20,Haryana,North,2022-09,86,72.0,359,43.13,26.4,1.1,1.2,89.9,1.0,71,64,50,40,19,10,5,3,8
MS-HR-012,Hisar · HR20,Haryana,North,2022-10,134,119.0,445,43.13,22.8,5.3,0.1,90.6,1.0,85,81,38,52,9,15,1,12,13
MS-HR-012,Hisar · HR20,Haryana,North,2022-11,105,141.0,388,43.13,37.8,3.2,0.0,91.4,0.0,85,89,38,25,12,10,5,3,6
MS-HR-012,Hisar · HR20,Haryana,North,2022-12,102,108.0,390,43.13,34.4,4.4,0.9,90.9,0.0,86,60,42,39,11,16,2,11,12
MS-HR-012,Hisar · HR20,Haryana,North,2023-01,163,146.0,556,43.13,31.7,1.8,0.0,90.1,0.0,106,116,41,42,16,31,3,10,14
MS-HR-012,Hisar · HR20,Haryana,North,2023-02,114,121.0,406,43.13,28.6,1.4,0.0,89.6,0.0,55,82,51,44,14,11,5,7,14
MS-HR-012,Hisar · HR20,Haryana,North,2023-03,143,125.0,506,43.13,20.3,4.8,2.8,89.3,1.0,121,91,34,59,19,7,4,9,10
MS-HR-012,Hisar · HR20,Haryana,North,2023-04,94,146.0,413,43.13,42.8,5.8,1.3,88.6,2.0,112,72,46,33,21,12,7,4,2
MS-HR-012,Hisar · HR20,Haryana,North,2023-05,119,140.0,413,43.13,39.9,0.6,2.3,87.8,0.0,86,75,44,38,18,6,2,11,5
MS-HR-012,Hisar · HR20,Haryana,North,2023-06,102,116.0,442,43.13,42.9,8.0,7.5,88.9,2.0,121,72,67,20,19,9,7,11,10
MS-HR-012,Hisar · HR20,Haryana,North,2023-07,96,113.0,361,43.13,41.1,4.7,5.1,89.2,1.0,92,79,37,29,8,6,4,6,2
MS-HR-012,Hisar · HR20,Haryana,North,2023-08,76,95.0,389,43.13,47.0,13.7,5.9,88.0,1.0,115,77,45,38,10,4,7,9,7
MS-HR-012,Hisar · HR20,Haryana,North,2023-09,159,82.0,540,43.13,11.6,4.6,2.3,86.9,0.0,105,71,62,79,21,12,5,13,4
MS-HR-012,Hisar · HR20,Haryana,North,2023-10,93,135.0,419,43.13,33.7,3.1,0.0,87.9,2.0,99,84,49,45,12,16,8,4,2
MS-HR-012,Hisar · HR20,Haryana,North,2023-11,128,160.0,540,43.13,40.7,2.4,2.3,91.8,0.0,119,106,85,46,11,21,4,9,5
MS-HR-012,Hisar · HR20,Haryana,North,2023-12,167,123.0,518,43.13,27.5,4.4,3.2,91.7,0.0,102,96,66,29,17,11,3,12,5
MS-HR-012,Hisar · HR20,Haryana,North,2024-01,168,167.0,664,43.13,24.2,2.8,0.0,91.4,4.0,138,122,94,40,19,29,7,22,10
MS-HR-012,Hisar · HR20,Haryana,North,2024-02,145,137.0,517,43.13,20.3,3.1,1.7,87.9,3.0,96,84,86,47,21,12,5,4,6
MS-HR-012,Hisar · HR20,Haryana,North,2024-03,162,142.0,520,43.13,20.2,4.0,1.7,88.3,0.0,103,66,99,38,16,15,3,7,4
MS-HR-012,Hisar · HR20,Haryana,North,2024-04,130,158.0,507,43.13,34.3,5.7,1.6,89.1,0.0,100,87,79,60,11,14,2,12,4
MS-HR-012,Hisar · HR20,Haryana,North,2024-05,125,152.0,481,43.13,40.3,1.2,6.1,88.5,0.0,114,82,77,34,18,5,4,12,4
MS-HR-018,Ferozepur Zirkha · HR28,Haryana,North,2021-06,36,,47,46.55,,,,,,5,0,3,1,1,0,0,0,0
MS-HR-018,Ferozepur Zirkha · HR28,Haryana,North,2021-07,29,,57,46.55,,,,,,12,0,8,4,2,0,1,0,0
MS-HR-018,Ferozepur Zirkha · HR28,Haryana,North,2021-08,6,,7,46.55,,,,,,0,0,1,0,0,0,0,0,0
MS-HR-018,Ferozepur Zirkha · HR28,Haryana,North,2021-09,68,,98,46.55,,,,,,17,0,6,2,4,0,0,0,1
MS-HR-018,Ferozepur Zirkha · HR28,Haryana,North,2021-10,29,,42,46.55,,,,,,7,1,1,2,1,0,0,0,1
MS-HR-018,Ferozepur Zirkha · HR28,Haryana,North,2021-11,33,,37,46.55,,,,,,1,0,0,1,0,0,0,0,1
MS-HR-018,Ferozepur Zirkha · HR28,Haryana,North,2021-12,32,,43,46.55,,,,,,5,0,3,1,0,0,0,0,0
MS-HR-018,Ferozepur Zirkha · HR28,Haryana,North,2022-01,40,,49,46.55,,,,,,5,1,2,0,1,0,0,0,0
MS-HR-018,Ferozepur Zirkha · HR28,Haryana,North,2022-02,25,,37,46.55,,,,,,5,0,1,3,2,0,0,0,0
MS-HR-018,Ferozepur Zirkha · HR28,Haryana,North,2022-03,48,,68,46.55,,,,,,12,1,2,2,1,1,0,0,0
MS-HR-018,Ferozepur Zirkha · HR28,Haryana,North,2022-04,24,42.0,46,46.55,58.0,26.1,13.1,83.9,0.0,13,1,4,1,2,0,0,0,0
MS-HR-018,Ferozepur Zirkha · HR28,Haryana,North,2022-05,23,40.0,39,46.55,81.5,39.6,24.4,82.5,1.0,10,0,2,1,0,1,0,0,2
MS-HR-018,Ferozepur Zirkha · HR28,Haryana,North,2022-06,57,34.0,85,46.55,25.8,1.9,7.9,84.3,0.0,12,2,6,3,2,0,0,1,2
MS-HR-018,Ferozepur Zirkha · HR28,Haryana,North,2022-07,31,33.0,51,46.55,26.3,2.0,1.7,83.1,0.0,8,1,5,4,1,0,1,0,0
MS-HR-018,Ferozepur Zirkha · HR28,Haryana,North,2022-08,24,28.0,34,46.55,29.2,1.7,0.0,82.8,0.0,5,1,4,0,0,0,0,0,0
MS-HR-018,Ferozepur Zirkha · HR28,Haryana,North,2022-09,26,24.0,31,46.55,34.7,4.7,1.3,84.5,0.0,1,0,2,1,0,0,1,0,0
MS-HR-018,Ferozepur Zirkha · HR28,Haryana,North,2022-10,24,39.0,40,46.55,62.8,30.6,10.1,84.7,0.0,13,1,1,1,0,0,0,0,0
MS-HR-018,Ferozepur Zirkha · HR28,Haryana,North,2022-11,31,46.0,49,46.55,70.1,34.3,15.3,85.0,1.0,8,0,4,4,1,0,0,0,1
MS-HR-018,Ferozepur Zirkha · HR28,Haryana,North,2022-12,23,36.0,38,46.55,79.3,41.4,16.8,80.9,0.0,9,1,3,1,1,0,0,0,0
MS-HR-018,Ferozepur Zirkha · HR28,Haryana,North,2023-01,30,48.0,39,46.55,80.4,39.5,14.1,80.3,0.0,7,0,1,1,0,0,0,0,0
MS-HR-018,Ferozepur Zirkha · HR28,Haryana,North,2023-02,46,40.0,71,46.55,50.2,17.4,6.4,82.0,0.0,11,1,9,3,0,0,0,0,0
MS-HR-018,Ferozepur Zirkha · HR28,Haryana,North,2023-03,38,41.0,61,46.55,41.1,5.1,4.7,82.8,0.0,12,0,5,4,1,0,0,0,1
MS-HR-018,Ferozepur Zirkha · HR28,Haryana,North,2023-04,20,39.0,39,46.55,56.7,23.9,8.3,80.1,1.0,8,0,6,3,0,1,0,1,0
MS-HR-018,Ferozepur Zirkha · HR28,Haryana,North,2023-05,42,38.0,64,46.55,44.5,9.9,4.5,82.7,1.0,15,2,3,2,0,0,0,0,0
MS-HR-018,Ferozepur Zirkha · HR28,Haryana,North,2023-06,70,32.0,113,46.55,2.4,1.3,2.7,83.1,2.0,23,1,14,4,1,0,0,0,0
MS-HR-018,Ferozepur Zirkha · HR28,Haryana,North,2023-07,6,31.0,10,46.55,31.2,4.5,0.8,82.8,0.0,4,0,0,0,0,0,0,0,0
MS-HR-018,Ferozepur Zirkha · HR28,Haryana,North,2023-08,35,26.0,58,46.55,23.2,5.3,3.7,83.8,0.0,13,1,5,1,2,0,0,1,0
MS-HR-018,Ferozepur Zirkha · HR28,Haryana,North,2023-09,27,22.0,39,46.55,28.1,0.7,5.1,84.8,0.0,7,0,3,1,1,0,0,0,0
MS-HR-018,Ferozepur Zirkha · HR28,Haryana,North,2023-10,37,37.0,51,46.55,23.8,1.9,0.6,83.6,0.0,7,1,5,0,1,0,0,0,0
MS-HR-018,Ferozepur Zirkha · HR28,Haryana,North,2023-11,67,43.0,83,46.55,3.7,0.0,1.6,84.9,0.0,5,0,6,1,1,0,0,0,3
MS-HR-018,Ferozepur Zirkha · HR28,Haryana,North,2023-12,28,33.0,42,46.55,13.6,3.2,0.0,82.4,1.0,5,2,6,1,0,0,0,0,0
MS-HR-018,Ferozepur Zirkha · HR28,Haryana,North,2024-01,48,45.0,76,46.55,16.2,2.2,0.0,85.0,0.0,15,0,8,1,2,0,0,0,1
MS-HR-018,Ferozepur Zirkha · HR28,Haryana,North,2024-02,36,37.0,54,46.55,25.0,3.2,0.0,83.4,0.0,7,5,5,0,1,0,0,0,0
MS-HR-018,Ferozepur Zirkha · HR28,Haryana,North,2024-03,42,39.0,68,46.55,20.1,2.3,1.6,82.9,0.0,10,2,9,1,3,0,0,0,0
MS-HR-018,Ferozepur Zirkha · HR28,Haryana,North,2024-04,30,48.0,44,46.55,40.0,4.7,2.5,83.1,0.0,5,0,5,3,1,0,0,0,0
MS-HR-018,Ferozepur Zirkha · HR28,Haryana,North,2024-05,27,46.0,48,46.55,62.9,29.3,7.4,83.5,0.0,10,1,9,1,0,0,0,0,0
MS-HR-024,Safidon · HR33,Haryana,North,2021-06,29,,71,41.49,,,,,,19,4,6,6,0,1,1,1,2
MS-HR-024,Safidon · HR33,Haryana,North,2021-07,21,,47,41.49,,,,,,12,3,2,2,1,0,1,2,2
MS-HR-024,Safidon · HR33,Haryana,North,2021-08,26,,53,41.49,,,,,,11,4,5,1,1,0,1,0,2
MS-HR-024,Safidon · HR33,Haryana,North,2021-09,44,,88,41.49,,,,,,28,2,4,1,2,0,0,0,4
MS-HR-024,Safidon · HR33,Haryana,North,2021-10,22,,40,41.49,,,,,,10,1,3,0,0,0,0,1,3
MS-HR-024,Safidon · HR33,Haryana,North,2021-11,18,,54,41.49,,,,,,18,10,1,1,1,0,1,0,2
MS-HR-024,Safidon · HR33,Haryana,North,2021-12,52,,98,41.49,,,,,,22,14,4,2,1,1,0,0,2
MS-HR-024,Safidon · HR33,Haryana,North,2022-01,44,,78,41.49,,,,,,25,3,2,0,1,0,0,1,1
MS-HR-024,Safidon · HR33,Haryana,North,2022-02,40,,86,41.49,,,,,,16,7,10,6,0,0,1,2,4
MS-HR-024,Safidon · HR33,Haryana,North,2022-03,42,,68,41.49,,,,,,6,9,3,6,0,0,0,0,2
MS-HR-024,Safidon · HR33,Haryana,North,2022-04,42,39.0,86,41.49,26.5,3.1,0.3,85.3,0.0,22,10,7,3,1,0,0,0,1
MS-HR-024,Safidon · HR33,Haryana,North,2022-05,18,38.0,43,41.49,58.4,25.0,12.3,81.0,1.0,5,10,4,2,1,2,0,0,0
MS-HR-024,Safidon · HR33,Haryana,North,2022-06,31,31.0,54,41.49,45.9,12.6,9.6,82.9,1.0,5,8,1,6,1,0,1,0,0
MS-HR-024,Safidon · HR33,Haryana,North,2022-07,30,31.0,85,41.49,50.4,18.9,9.6,81.2,0.0,33,10,5,2,0,0,0,1,4
MS-HR-024,Safidon · HR33,Haryana,North,2022-08,27,26.0,52,41.49,38.4,5.1,6.8,81.2,1.0,14,2,5,1,2,1,0,0,0
MS-HR-024,Safidon · HR33,Haryana,North,2022-09,26,22.0,63,41.49,31.7,2.1,3.0,80.9,0.0,10,15,8,1,1,0,0,0,1
MS-HR-024,Safidon · HR33,Haryana,North,2022-10,25,37.0,53,41.49,49.3,17.9,5.2,82.6,0.0,10,9,4,1,1,0,0,0,3
MS-HR-024,Safidon · HR33,Haryana,North,2022-11,33,43.0,65,41.49,55.9,20.9,9.1,82.0,1.0,16,5,6,3,0,0,2,0,0
MS-HR-024,Safidon · HR33,Haryana,North,2022-12,22,33.0,49,41.49,66.3,34.5,13.9,79.4,0.0,9,7,9,1,0,0,0,1,0
MS-HR-024,Safidon · HR33,Haryana,North,2023-01,76,45.0,163,41.49,18.5,1.4,4.0,82.2,0.0,31,18,20,5,0,1,0,3,7
MS-HR-024,Safidon · HR33,Haryana,North,2023-02,41,37.0,90,41.49,17.5,4.3,4.5,84.1,1.0,19,11,11,5,2,1,0,0,0
MS-HR-024,Safidon · HR33,Haryana,North,2023-03,51,38.0,113,41.49,10.0,1.9,9.1,82.8,0.0,21,14,17,4,2,1,1,2,0
MS-HR-024,Safidon · HR33,Haryana,North,2023-04,36,44.0,79,41.49,25.5,3.9,7.8,83.4,0.0,12,9,14,3,1,0,0,0,4
MS-HR-024,Safidon · HR33,Haryana,North,2023-05,32,42.0,85,41.49,34.6,3.1,6.8,83.7,0.0,27,13,4,3,1,2,0,1,0
MS-HR-024,Safidon · HR33,Haryana,North,2023-06,37,35.0,89,41.49,34.3,1.0,7.4,80.8,1.0,24,14,7,0,2,1,1,1,1
MS-HR-024,Safidon · HR33,Haryana,North,2023-07,42,34.0,74,41.49,23.0,3.3,3.5,80.6,1.0,15,8,4,1,2,0,0,1,1
MS-HR-024,Safidon · HR33,Haryana,North,2023-08,28,29.0,58,41.49,24.8,3.1,4.5,81.4,1.0,14,4,11,0,1,0,0,0,0
MS-HR-024,Safidon · HR33,Haryana,North,2023-09,32,25.0,88,41.49,18.6,4.9,2.1,81.5,0.0,22,11,12,5,4,0,1,1,0
MS-HR-024,Safidon · HR33,Haryana,North,2023-10,22,41.0,59,41.49,47.9,18.2,4.0,79.2,0.0,20,6,7,2,2,0,0,0,0
MS-HR-024,Safidon · HR33,Haryana,North,2023-11,37,49.0,82,41.49,54.9,23.4,9.7,80.0,0.0,15,10,13,2,3,0,0,1,1
MS-HR-024,Safidon · HR33,Haryana,North,2023-12,32,37.0,75,41.49,53.3,22.2,11.1,81.0,0.0,14,11,12,2,1,0,1,0,1
MS-HR-024,Safidon · HR33,Haryana,North,2024-01,80,51.0,126,41.49,15.5,3.6,7.4,83.0,0.0,13,16,10,3,2,0,1,0,1
MS-HR-024,Safidon · HR33,Haryana,North,2024-02,79,42.0,192,41.49,0.0,2.6,3.3,82.9,2.0,28,35,28,10,5,1,0,3,2
MS-HR-024,Safidon · HR33,Haryana,North,2024-03,38,43.0,91,41.49,8.4,1.4,4.0,83.1,0.0,24,13,5,4,4,0,1,1,1
MS-HR-024,Safidon · HR33,Haryana,North,2024-04,46,52.0,106,41.49,20.5,3.8,6.0,82.7,1.0,21,13,15,5,1,0,1,1,2
MS-HR-024,Safidon · HR33,Haryana,North,2024-05,41,50.0,80,41.49,35.4,3.3,6.4,82.0,1.0,23,5,3,5,2,1,0,0,0
MS-HR-030,Naraingarh · HR4,Haryana,North,2021-06,10,,33,38.67,,,,,,10,7,3,1,0,0,0,0,1
MS-HR-030,Naraingarh · HR4,Haryana,North,2021-07,31,,38,38.67,,,,,,4,2,1,0,0,0,0,0,0
MS-HR-030,Naraingarh · HR4,Haryana,North,2021-08,46,,78,38.67,,,,,,12,7,4,3,2,1,1,0,0
MS-HR-030,Naraingarh · HR4,Haryana,North,2021-09,20,,47,38.67,,,,,,13,4,2,1,3,2,1,0,0
MS-HR-030,Naraingarh · HR4,Haryana,North,2021-10,25,,49,38.67,,,,,,7,9,1,3,0,0,0,0,3
MS-HR-030,Naraingarh · HR4,Haryana,North,2021-11,58,,113,38.67,,,,,,18,9,9,7,4,2,0,2,4
MS-HR-030,Naraingarh · HR4,Haryana,North,2021-12,62,,108,38.67,,,,,,15,3,12,2,3,2,2,1,5
MS-HR-030,Naraingarh · HR4,Haryana,North,2022-01,62,,97,38.67,,,,,,16,3,4,3,4,1,0,1,3
MS-HR-030,Naraingarh · HR4,Haryana,North,2022-02,44,,75,38.67,,,,,,12,8,3,2,1,3,0,1,0
MS-HR-030,Naraingarh · HR4,Haryana,North,2022-03,65,,88,38.67,,,,,,9,8,1,3,0,0,0,1,0
MS-HR-030,Naraingarh · HR4,Haryana,North,2022-04,27,51.0,56,38.67,73.7,36.4,15.6,80.7,0.0,14,4,2,2,2,4,0,1,0
MS-HR-030,Naraingarh · HR4,Haryana,North,2022-05,36,49.0,64,38.67,68.1,34.8,12.5,84.8,1.0,10,6,6,3,3,0,0,0,0
MS-HR-030,Naraingarh · HR4,Haryana,North,2022-06,31,41.0,58,38.67,68.3,34.1,12.0,86.7,1.0,15,3,2,4,1,2,0,0,0
MS-HR-030,Naraingarh · HR4,Haryana,North,2022-07,30,40.0,56,38.67,62.4,31.0,12.3,84.3,0.0,11,7,1,2,2,0,0,0,2
MS-HR-030,Naraingarh · HR4,Haryana,North,2022-08,19,33.0,41,38.67,78.3,37.7,18.4,83.4,0.0,13,3,2,1,1,0,0,0,1
MS-HR-030,Naraingarh · HR4,Haryana,North,2022-09,32,29.0,55,38.67,58.2,24.9,11.4,84.5,0.0,11,3,3,1,2,2,0,0,1
MS-HR-030,Naraingarh · HR4,Haryana,North,2022-10,47,47.0,74,38.67,43.2,7.0,0.6,86.4,0.0,11,7,4,2,2,1,0,0,0
MS-HR-030,Naraingarh · HR4,Haryana,North,2022-11,37,56.0,79,38.67,51.4,17.7,0.0,85.9,0.0,15,5,11,4,4,0,0,1,0
MS-HR-030,Naraingarh · HR4,Haryana,North,2022-12,57,43.0,93,38.67,29.2,5.2,0.0,85.3,0.0,10,9,7,2,5,2,0,0,1
MS-HR-030,Naraingarh · HR4,Haryana,North,2023-01,59,58.0,105,38.67,29.5,1.0,0.0,85.3,0.0,20,12,6,5,0,2,0,0,1
MS-HR-030,Naraingarh · HR4,Haryana,North,2023-02,48,48.0,85,38.67,28.6,1.1,1.2,86.2,2.0,11,9,7,1,2,3,1,0,1
MS-HR-030,Naraingarh · HR4,Haryana,North,2023-03,30,50.0,70,38.67,47.7,16.3,4.3,88.0,0.0,14,9,5,5,3,2,0,0,1
MS-HR-030,Naraingarh · HR4,Haryana,North,2023-04,49,47.0,96,38.67,44.3,11.3,3.6,85.9,0.0,21,8,10,4,0,2,0,0,1
MS-HR-030,Naraingarh · HR4,Haryana,North,2023-05,23,46.0,64,38.67,69.4,34.3,14.1,84.5,0.0,19,6,10,2,3,0,0,0,1
MS-HR-030,Naraingarh · HR4,Haryana,North,2023-06,23,38.0,65,38.67,71.6,35.6,14.2,85.0,0.0,17,7,9,2,2,2,0,1,1
MS-HR-030,Naraingarh · HR4,Haryana,North,2023-07,8,37.0,13,38.67,135.6,55.6,29.8,82.5,0.0,3,1,0,0,1,0,0,0,0
MS-HR-030,Naraingarh · HR4,Haryana,North,2023-08,36,31.0,62,38.67,77.0,36.8,18.4,83.2,1.0,7,3,8,4,4,0,0,0,0
MS-HR-030,Naraingarh · HR4,Haryana,North,2023-09,49,27.0,115,38.67,23.3,5.7,5.1,85.2,2.0,20,9,20,7,5,2,0,2,1
MS-HR-030,Naraingarh · HR4,Haryana,North,2023-10,35,44.0,85,38.67,24.6,1.1,3.4,84.7,1.0,25,4,10,3,3,2,0,2,0
MS-HR-030,Naraingarh · HR4,Haryana,North,2023-11,51,52.0,93,38.67,27.6,3.4,0.2,86.5,0.0,13,9,9,3,3,2,0,1,2
MS-HR-030,Naraingarh · HR4,Haryana,North,2023-12,62,40.0,124,38.67,11.4,7.6,0.0,85.7,0.0,26,8,20,0,3,2,0,0,2
MS-HR-030,Naraingarh · HR4,Haryana,North,2024-01,15,54.0,37,38.67,54.1,21.4,6.6,86.2,0.0,4,5,10,0,2,0,0,1,0
MS-HR-030,Naraingarh · HR4,Haryana,North,2024-02,76,45.0,141,38.67,22.9,3.0,0.7,86.9,1.0,17,14,21,6,4,2,0,0,0
MS-HR-030,Naraingarh · HR4,Haryana,North,2024-03,62,46.0,122,38.67,14.9,3.4,0.8,87.6,0.0,22,6,21,5,2,1,0,0,1
MS-HR-030,Naraingarh · HR4,Haryana,North,2024-04,41,51.0,86,38.67,25.8,1.6,0.0,87.2,0.0,18,7,15,1,2,0,0,0,0
MS-HR-030,Naraingarh · HR4,Haryana,North,2024-05,36,49.0,84,38.67,40.3,6.0,2.4,86.2,2.0,20,6,10,3,1,2,1,3,1
MS-HR-036,Rewari · HR47,Haryana,North,2021-06,32,,159,41.33,,,,,,0,76,51,0,0,0,0,0,0
MS-HR-036,Rewari · HR47,Haryana,North,2021-07,27,,182,41.33,,,,,,0,81,73,0,1,0,0,0,0
MS-HR-036,Rewari · HR47,Haryana,North,2021-08,30,,214,41.33,,,,,,0,128,56,0,0,0,0,0,0
MS-HR-036,Rewari · HR47,Haryana,North,2021-09,23,,153,41.33,,,,,,0,92,36,0,2,0,0,0,0
MS-HR-036,Rewari · HR47,Haryana,North,2021-10,23,,196,41.33,,,,,,0,126,43,0,3,1,0,0,0
MS-HR-036,Rewari · HR47,Haryana,North,2021-11,29,,156,41.33,,,,,,0,101,23,0,3,0,0,0,0
MS-HR-036,Rewari · HR47,Haryana,North,2021-12,34,,178,41.33,,,,,,0,99,41,0,4,0,0,0,0
MS-HR-036,Rewari · HR47,Haryana,North,2022-01,28,,202,41.33,,,,,,0,130,42,0,2,0,0,0,0
MS-HR-036,Rewari · HR47,Haryana,North,2022-02,33,,253,41.33,,,,,,0,166,51,0,3,0,0,0,0
MS-HR-036,Rewari · HR47,Haryana,North,2022-03,31,,239,41.33,,,,,,0,127,71,0,10,0,0,0,0
MS-HR-036,Rewari · HR47,Haryana,North,2022-04,42,33.0,311,41.33,13.3,6.5,5.1,90.2,1.0,0,197,67,0,5,0,0,0,0
MS-HR-036,Rewari · HR47,Haryana,North,2022-05,32,32.0,260,41.33,21.9,5.5,4.7,91.9,0.0,1,165,56,0,5,1,0,0,0
MS-HR-036,Rewari · HR47,Haryana,North,2022-06,30,26.0,227,41.33,21.2,3.3,5.6,91.3,0.0,0,122,69,0,6,0,0,0,0
MS-HR-036,Rewari · HR47,Haryana,North,2022-07,31,26.0,209,41.33,19.6,2.4,6.8,90.6,0.0,1,113,52,0,12,0,0,0,0
MS-HR-036,Rewari · HR47,Haryana,North,2022-08,35,22.0,250,41.33,7.5,3.2,3.8,88.9,0.0,7,120,72,0,16,0,0,0,0
MS-HR-036,Rewari · HR47,Haryana,North,2022-09,52,19.0,251,41.33,0.0,2.7,0.0,90.4,0.0,4,119,63,0,12,1,0,0,0
MS-HR-036,Rewari · HR47,Haryana,North,2022-10,66,31.0,223,41.33,0.0,3.4,1.1,89.5,1.0,1,79,67,0,10,0,0,0,0
MS-HR-036,Rewari · HR47,Haryana,North,2022-11,66,36.0,243,41.33,0.0,3.3,1.6,90.3,1.0,2,86,82,0,6,1,0,0,0
MS-HR-036,Rewari · HR47,Haryana,North,2022-12,57,28.0,222,41.33,0.0,0.8,5.1,91.5,1.0,1,66,95,0,3,0,0,0,0
MS-HR-036,Rewari · HR47,Haryana,North,2023-01,59,38.0,288,41.33,0.0,4.0,3.6,91.3,0.0,5,136,85,1,1,0,0,0,1
MS-HR-036,Rewari · HR47,Haryana,North,2023-02,25,31.0,134,41.33,10.2,2.5,0.0,90.3,0.0,1,43,61,2,2,0,0,0,0
MS-HR-036,Rewari · HR47,Haryana,North,2023-03,54,32.0,261,41.33,0.0,0.2,1.8,90.0,0.0,7,87,105,1,6,0,0,0,1
MS-HR-036,Rewari · HR47,Haryana,North,2023-04,78,57.0,352,41.33,0.1,3.6,2.9,91.1,0.0,3,146,102,3,20,0,0,0,0
MS-HR-036,Rewari · HR47,Haryana,North,2023-05,64,55.0,256,41.33,5.4,2.3,1.4,90.5,0.0,4,98,73,2,14,1,0,0,0
MS-HR-036,Rewari · HR47,Haryana,North,2023-06,63,46.0,284,41.33,3.0,2.5,3.4,89.2,0.0,7,108,82,4,20,0,0,0,0
MS-HR-036,Rewari · HR47,Haryana,North,2023-07,66,45.0,258,41.33,0.0,1.9,3.6,88.9,1.0,8,100,70,2,12,0,0,0,0
MS-HR-036,Rewari · HR47,Haryana,North,2023-08,71,38.0,261,41.33,0.0,0.0,3.8,90.2,0.0,15,76,73,5,21,0,0,0,0
MS-HR-036,Rewari · HR47,Haryana,North,2023-09,59,32.0,306,41.33,0.0,0.7,5.5,91.6,0.0,10,121,93,3,19,1,0,0,0
MS-HR-036,Rewari · HR47,Haryana,North,2023-10,211,53.0,460,41.33,0.0,0.1,4.6,90.7,1.0,19,93,96,3,37,1,0,0,0
MS-HR-036,Rewari · HR47,Haryana,North,2023-11,387,63.0,703,41.33,0.0,2.3,2.9,89.8,3.0,48,117,109,7,34,0,1,0,0
MS-HR-036,Rewari · HR47,Haryana,North,2023-12,212,49.0,471,41.33,0.0,2.8,0.9,89.8,2.0,29,109,100,2,17,1,0,0,1
MS-HR-036,Rewari · HR47,Haryana,North,2024-01,203,66.0,568,41.33,0.0,2.6,1.5,89.2,1.0,35,141,112,5,67,3,0,0,2
MS-HR-036,Rewari · HR47,Haryana,North,2024-02,145,54.0,399,41.33,0.0,2.2,2.1,90.2,0.0,32,133,63,4,21,0,0,0,1
MS-HR-036,Rewari · HR47,Haryana,North,2024-03,162,56.0,437,41.33,0.0,3.1,4.8,88.6,0.0,35,141,71,4,22,1,0,0,0
MS-HR-036,Rewari · HR47,Haryana,North,2024-04,216,180.0,582,41.33,5.6,4.0,3.1,89.6,0.0,28,206,90,6,36,0,0,0,0
MS-HR-036,Rewari · HR47,Haryana,North,2024-05,172,173.0,478,41.33,13.8,2.4,4.2,89.7,1.0,27,154,85,5,32,0,0,0,3
MS-HR-042,Hathin · HR52,Haryana,North,2021-06,52,,72,47.8,,,,,,10,1,3,2,3,0,0,0,0
MS-HR-042,Hathin · HR52,Haryana,North,2021-07,29,,45,47.8,,,,,,8,1,2,1,1,1,0,0,1
MS-HR-042,Hathin · HR52,Haryana,North,2021-08,37,,64,47.8,,,,,,15,0,3,2,1,0,0,0,0
MS-HR-042,Hathin · HR52,Haryana,North,2021-09,35,,45,47.8,,,,,,6,1,1,1,0,0,0,0,1
MS-HR-042,Hathin · HR52,Haryana,North,2021-10,25,,35,47.8,,,,,,6,2,2,0,0,0,0,0,0
MS-HR-042,Hathin · HR52,Haryana,North,2021-11,31,,47,47.8,,,,,,10,0,0,3,1,0,0,0,1
MS-HR-042,Hathin · HR52,Haryana,North,2021-12,31,,43,47.8,,,,,,3,4,1,0,1,0,1,1,0
MS-HR-042,Hathin · HR52,Haryana,North,2022-01,55,,73,47.8,,,,,,9,1,5,0,1,0,0,0,2
MS-HR-042,Hathin · HR52,Haryana,North,2022-02,40,,54,47.8,,,,,,2,4,2,0,1,0,1,0,4
MS-HR-042,Hathin · HR52,Haryana,North,2022-03,42,,58,47.8,,,,,,6,6,3,0,0,0,0,0,1
MS-HR-042,Hathin · HR52,Haryana,North,2022-04,25,44.0,39,47.8,70.1,35.6,9.4,86.5,0.0,9,2,2,0,1,0,0,0,0
MS-HR-042,Hathin · HR52,Haryana,North,2022-05,40,42.0,51,47.8,47.6,14.9,1.6,88.1,0.0,4,2,1,1,1,0,0,0,2
MS-HR-042,Hathin · HR52,Haryana,North,2022-06,48,35.0,69,47.8,26.5,2.6,1.8,88.1,0.0,9,2,6,1,1,0,0,0,1
MS-HR-042,Hathin · HR52,Haryana,North,2022-07,34,34.0,48,47.8,27.6,1.7,3.1,88.2,1.0,5,4,2,1,0,0,0,0,1
MS-HR-042,Hathin · HR52,Haryana,North,2022-08,29,29.0,43,47.8,28.3,3.2,3.1,88.2,1.0,4,3,2,1,0,0,0,0,4
MS-HR-042,Hathin · HR52,Haryana,North,2022-09,21,25.0,36,47.8,35.9,3.9,2.1,86.5,1.0,6,1,4,1,0,0,0,0,3
MS-HR-042,Hathin · HR52,Haryana,North,2022-10,24,41.0,41,47.8,64.1,32.5,9.2,84.8,0.0,9,1,2,3,0,0,0,0,2
MS-HR-042,Hathin · HR52,Haryana,North,2022-11,36,48.0,47,47.8,66.0,32.9,13.0,84.7,0.0,7,4,0,0,0,0,0,0,0
MS-HR-042,Hathin · HR52,Haryana,North,2022-12,28,37.0,40,47.8,62.5,29.5,12.7,84.9,0.0,2,6,2,1,0,0,0,0,1
MS-HR-042,Hathin · HR52,Haryana,North,2023-01,35,50.0,56,47.8,67.0,31.5,10.9,84.8,1.0,3,8,4,1,2,0,1,0,2
MS-HR-042,Hathin · HR52,Haryana,North,2023-02,34,41.0,63,47.8,70.5,35.4,13.0,83.5,1.0,13,8,1,4,1,0,0,1,0
MS-HR-042,Hathin · HR52,Haryana,North,2023-03,46,43.0,65,47.8,49.7,18.8,5.4,85.5,1.0,5,7,2,1,1,0,1,1,0
MS-HR-042,Hathin · HR52,Haryana,North,2023-04,33,42.0,49,47.8,49.8,18.2,3.2,86.6,0.0,8,3,2,0,0,0,0,0,2
MS-HR-042,Hathin · HR52,Haryana,North,2023-05,27,40.0,49,47.8,57.0,25.9,8.2,85.1,0.0,9,2,3,1,0,0,0,0,7
MS-HR-042,Hathin · HR52,Haryana,North,2023-06,37,33.0,61,47.8,46.0,13.1,1.3,86.4,0.0,9,4,5,2,3,0,1,0,0
MS-HR-042,Hathin · HR52,Haryana,North,2023-07,17,33.0,24,47.8,70.3,35.6,11.2,82.5,0.0,2,3,1,0,0,1,0,0,0
MS-HR-042,Hathin · HR52,Haryana,North,2023-08,49,27.0,69,47.8,24.5,2.7,0.0,85.6,0.0,11,5,4,0,0,0,0,0,0
MS-HR-042,Hathin · HR52,Haryana,North,2023-09,27,24.0,41,47.8,22.8,3.7,1.7,86.3,0.0,7,0,1,1,3,0,0,0,2
MS-HR-042,Hathin · HR52,Haryana,North,2023-10,19,39.0,38,47.8,45.5,10.9,6.1,85.9,0.0,11,3,3,0,2,0,0,0,0
MS-HR-042,Hathin · HR52,Haryana,North,2023-11,43,46.0,61,47.8,49.4,19.6,8.5,85.9,0.0,6,3,7,1,0,0,0,0,1
MS-HR-042,Hathin · HR52,Haryana,North,2023-12,26,36.0,39,47.8,52.0,20.9,6.8,85.2,0.0,3,5,4,0,1,0,0,0,0
MS-HR-042,Hathin · HR52,Haryana,North,2024-01,47,48.0,75,47.8,41.1,7.1,1.4,86.7,0.0,5,10,6,4,0,1,0,0,2
MS-HR-042,Hathin · HR52,Haryana,North,2024-02,37,40.0,61,47.8,41.5,2.9,1.2,86.7,0.0,8,8,8,0,0,0,0,0,0
MS-HR-042,Hathin · HR52,Haryana,North,2024-03,40,41.0,62,47.8,38.8,3.4,0.0,86.8,0.0,6,11,3,0,2,0,0,0,0
MS-HR-042,Hathin · HR52,Haryana,North,2024-04,31,42.0,47,47.8,52.5,21.0,2.4,87.6,0.0,6,2,7,0,1,0,0,0,0
MS-HR-042,Hathin · HR52,Haryana,North,2024-05,46,40.0,72,47.8,41.8,7.4,1.0,88.3,1.0,9,6,9,1,1,0,0,0,0
MS-HR-048,Jhajjar At Bahadurgarh · HR63,Haryana,North,2021-06,9,,70,34.09,,,,,,0,47,14,0,0,0,0,0,0
MS-HR-048,Jhajjar At Bahadurgarh · HR63,Haryana,North,2021-07,6,,81,34.09,,,,,,0,48,26,0,0,1,0,0,0
MS-HR-048,Jhajjar At Bahadurgarh · HR63,Haryana,North,2021-08,9,,143,34.09,,,,,,0,86,48,0,0,0,0,0,0
MS-HR-048,Jhajjar At Bahadurgarh · HR63,Haryana,North,2021-09,15,,49,34.09,,,,,,0,21,13,0,0,0,0,0,0
MS-HR-048,Jhajjar At Bahadurgarh · HR63,Haryana,North,2021-10,21,,110,34.09,,,,,,0,65,24,0,0,0,0,0,0
MS-HR-048,Jhajjar At Bahadurgarh · HR63,Haryana,North,2021-11,17,,114,34.09,,,,,,0,72,25,0,0,0,0,0,0
MS-HR-048,Jhajjar At Bahadurgarh · HR63,Haryana,North,2021-12,11,,86,34.09,,,,,,0,65,8,0,2,0,0,0,0
MS-HR-048,Jhajjar At Bahadurgarh · HR63,Haryana,North,2022-01,24,,205,34.09,,,,,,0,129,52,0,0,0,0,0,0
MS-HR-048,Jhajjar At Bahadurgarh · HR63,Haryana,North,2022-02,8,,112,34.09,,,,,,0,80,24,0,0,0,0,0,0
MS-HR-048,Jhajjar At Bahadurgarh · HR63,Haryana,North,2022-03,29,,160,34.09,,,,,,0,102,29,0,0,0,0,0,0
MS-HR-048,Jhajjar At Bahadurgarh · HR63,Haryana,North,2022-04,7,17.0,101,34.09,100.0,48.2,32.5,90.2,0.0,0,69,25,0,0,0,0,0,0
MS-HR-048,Jhajjar At Bahadurgarh · HR63,Haryana,North,2022-05,19,16.0,212,34.09,26.9,1.3,8.3,96.0,0.0,1,142,50,0,0,0,0,0,0
MS-HR-048,Jhajjar At Bahadurgarh · HR63,Haryana,North,2022-06,23,14.0,152,34.09,7.0,2.1,3.1,95.5,0.0,0,71,57,0,1,0,0,0,0
MS-HR-048,Jhajjar At Bahadurgarh · HR63,Haryana,North,2022-07,17,13.0,149,34.09,4.6,2.7,4.0,94.5,0.0,0,81,51,0,0,0,0,0,0
MS-HR-048,Jhajjar At Bahadurgarh · HR63,Haryana,North,2022-08,22,11.0,149,34.09,0.0,2.6,2.2,94.5,0.0,0,70,57,0,0,0,0,0,0
MS-HR-048,Jhajjar At Bahadurgarh · HR63,Haryana,North,2022-09,24,10.0,142,34.09,0.0,2.8,2.0,92.4,1.0,0,81,37,0,0,0,0,0,0
MS-HR-048,Jhajjar At Bahadurgarh · HR63,Haryana,North,2022-10,23,16.0,125,34.09,0.0,5.3,3.0,92.6,0.0,1,69,32,0,0,0,0,0,0
MS-HR-048,Jhajjar At Bahadurgarh · HR63,Haryana,North,2022-11,47,19.0,191,34.09,0.0,2.7,0.0,91.3,0.0,3,95,45,0,1,0,0,0,0
MS-HR-048,Jhajjar At Bahadurgarh · HR63,Haryana,North,2022-12,19,14.0,131,34.09,0.7,4.2,1.5,92.7,0.0,0,67,45,0,0,0,0,0,0
MS-HR-048,Jhajjar At Bahadurgarh · HR63,Haryana,North,2023-01,40,19.0,202,34.09,0.0,0.9,1.6,92.8,0.0,2,96,64,0,0,0,0,0,0
MS-HR-048,Jhajjar At Bahadurgarh · HR63,Haryana,North,2023-02,32,16.0,229,34.09,0.0,3.0,1.6,92.3,0.0,0,128,69,0,0,0,0,0,0
MS-HR-048,Jhajjar At Bahadurgarh · HR63,Haryana,North,2023-03,23,17.0,160,34.09,0.1,4.3,4.0,91.4,0.0,3,107,27,0,0,0,0,0,0
MS-HR-048,Jhajjar At Bahadurgarh · HR63,Haryana,North,2023-04,24,31.0,285,34.09,15.8,5.3,5.7,93.2,0.0,10,190,61,0,0,0,0,0,0
MS-HR-048,Jhajjar At Bahadurgarh · HR63,Haryana,North,2023-05,48,30.0,203,34.09,2.2,2.1,0.6,90.7,0.0,8,107,36,0,3,1,0,0,0
MS-HR-048,Jhajjar At Bahadurgarh · HR63,Haryana,North,2023-06,58,25.0,201,34.09,0.0,2.0,1.3,89.7,2.0,7,81,49,0,6,0,0,0,0
MS-HR-048,Jhajjar At Bahadurgarh · HR63,Haryana,North,2023-07,44,24.0,194,34.09,0.0,3.3,1.3,87.7,0.0,2,105,41,0,2,0,0,0,0
MS-HR-048,Jhajjar At Bahadurgarh · HR63,Haryana,North,2023-08,30,20.0,145,34.09,0.0,3.2,0.0,89.5,0.0,7,62,40,2,4,0,0,0,0
MS-HR-048,Jhajjar At Bahadurgarh · HR63,Haryana,North,2023-09,46,17.0,183,34.09,0.0,3.9,2.3,91.3,0.0,7,81,47,0,2,0,0,0,0
MS-HR-048,Jhajjar At Bahadurgarh · HR63,Haryana,North,2023-10,63,29.0,229,34.09,0.0,2.1,2.7,92.7,0.0,7,99,54,2,4,0,0,0,0
MS-HR-048,Jhajjar At Bahadurgarh · HR63,Haryana,North,2023-11,96,34.0,252,34.09,0.0,1.3,5.4,92.6,0.0,15,99,36,0,6,0,0,0,0
MS-HR-048,Jhajjar At Bahadurgarh · HR63,Haryana,North,2023-12,68,26.0,165,34.09,0.0,1.5,4.1,92.7,0.0,9,39,43,1,5,0,0,0,0
MS-HR-048,Jhajjar At Bahadurgarh · HR63,Haryana,North,2024-01,66,35.0,203,34.09,0.0,3.1,2.5,93.0,0.0,13,51,65,4,4,0,0,0,0
MS-HR-048,Jhajjar At Bahadurgarh · HR63,Haryana,North,2024-02,42,29.0,137,34.09,0.0,1.0,5.4,91.0,0.0,4,67,24,0,0,0,0,0,0
MS-HR-048,Jhajjar At Bahadurgarh · HR63,Haryana,North,2024-03,46,30.0,164,34.09,0.0,1.8,2.5,93.0,0.0,6,68,42,0,2,0,0,0,0
MS-HR-048,Jhajjar At Bahadurgarh · HR63,Haryana,North,2024-04,74,66.0,231,34.09,9.2,5.7,0.2,94.1,1.0,11,103,41,0,2,0,0,0,0
MS-HR-048,Jhajjar At Bahadurgarh · HR63,Haryana,North,2024-05,50,63.0,169,34.09,24.8,3.8,2.2,91.2,0.0,4,75,38,0,2,0,0,0,0
MS-HR-054,Sonepat · HR69,Haryana,North,2021-06,15,,97,22.24,,,,,,0,54,28,0,0,0,0,0,0
MS-HR-054,Sonepat · HR69,Haryana,North,2021-07,16,,105,22.24,,,,,,0,52,37,0,0,0,0,0,0
MS-HR-054,Sonepat · HR69,Haryana,North,2021-08,16,,140,22.24,,,,,,0,89,35,0,0,0,0,0,0
MS-HR-054,Sonepat · HR69,Haryana,North,2021-09,13,,131,22.24,,,,,,0,90,28,0,0,0,0,0,0
MS-HR-054,Sonepat · HR69,Haryana,North,2021-10,19,,108,22.24,,,,,,0,78,11,0,0,0,0,0,0
MS-HR-054,Sonepat · HR69,Haryana,North,2021-11,17,,166,22.24,,,,,,0,130,19,0,0,0,0,0,0
MS-HR-054,Sonepat · HR69,Haryana,North,2021-12,19,,154,22.24,,,,,,0,109,26,0,0,0,0,0,0
MS-HR-054,Sonepat · HR69,Haryana,North,2022-01,31,,156,22.24,,,,,,0,102,23,0,0,0,0,0,0
MS-HR-054,Sonepat · HR69,Haryana,North,2022-02,18,,99,22.24,,,,,,0,64,17,0,0,0,0,0,0
MS-HR-054,Sonepat · HR69,Haryana,North,2022-03,33,,238,22.24,,,,,,0,179,26,0,0,0,0,0,0
MS-HR-054,Sonepat · HR69,Haryana,North,2022-04,34,25.0,184,22.24,11.8,1.3,0.1,97.0,0.0,0,114,36,0,0,0,0,0,0
MS-HR-054,Sonepat · HR69,Haryana,North,2022-05,20,24.0,144,22.24,23.1,0.3,3.7,98.0,0.0,1,92,30,0,1,0,0,0,0
MS-HR-054,Sonepat · HR69,Haryana,North,2022-06,22,20.0,225,22.24,22.3,1.8,4.1,97.0,0.0,2,152,49,0,0,0,0,0,0
MS-HR-054,Sonepat · HR69,Haryana,North,2022-07,50,19.0,211,22.24,0.0,4.7,3.8,95.7,0.0,0,102,58,0,1,0,0,0,0
MS-HR-054,Sonepat · HR69,Haryana,North,2022-08,23,16.0,135,22.24,0.0,4.1,4.5,95.9,0.0,0,76,32,0,4,0,0,0,0
MS-HR-054,Sonepat · HR69,Haryana,North,2022-09,34,14.0,306,22.24,0.0,2.5,4.8,95.1,0.0,0,221,48,0,3,0,0,0,0
MS-HR-054,Sonepat · HR69,Haryana,North,2022-10,36,23.0,190,22.24,0.0,4.3,5.2,95.0,0.0,1,113,40,0,0,0,0,0,0
MS-HR-054,Sonepat · HR69,Haryana,North,2022-11,53,27.0,186,22.24,0.0,3.1,2.8,94.5,0.0,0,88,44,0,1,0,0,0,0
MS-HR-054,Sonepat · HR69,Haryana,North,2022-12,33,21.0,189,22.24,0.0,2.9,1.3,95.3,0.0,0,100,56,0,0,0,0,0,0
MS-HR-054,Sonepat · HR69,Haryana,North,2023-01,43,28.0,226,22.24,0.0,3.4,0.0,93.9,1.0,2,129,51,0,1,0,0,0,0
MS-HR-054,Sonepat · HR69,Haryana,North,2023-02,46,23.0,230,22.24,0.0,4.9,0.0,96.4,0.0,0,107,76,0,0,1,0,0,0
MS-HR-054,Sonepat · HR69,Haryana,North,2023-03,58,24.0,219,22.24,0.0,3.8,0.0,93.6,0.0,1,106,53,0,1,0,0,0,0
MS-HR-054,Sonepat · HR69,Haryana,North,2023-04,11,47.0,91,22.24,40.9,2.7,1.7,94.7,0.0,1,65,14,0,0,0,0,0,0
MS-HR-054,Sonepat · HR69,Haryana,North,2023-05,87,45.0,398,22.24,5.3,3.8,0.0,95.7,1.0,8,223,69,2,5,2,0,0,2
MS-HR-054,Sonepat · HR69,Haryana,North,2023-06,43,38.0,145,22.24,9.3,8.1,0.0,96.1,0.0,4,60,36,0,2,0,0,0,0
MS-HR-054,Sonepat · HR69,Haryana,North,2023-07,40,37.0,156,22.24,9.4,1.3,2.8,95.8,0.0,4,76,33,1,1,1,0,0,0
MS-HR-054,Sonepat · HR69,Haryana,North,2023-08,55,31.0,237,22.24,0.0,3.1,0.4,95.9,0.0,7,125,46,1,3,0,0,0,0
MS-HR-054,Sonepat · HR69,Haryana,North,2023-09,42,27.0,222,22.24,0.0,3.9,0.7,96.9,0.0,7,128,43,2,0,0,0,0,0
MS-HR-054,Sonepat · HR69,Haryana,North,2023-10,46,44.0,247,22.24,7.9,4.0,2.3,97.4,0.0,17,144,38,0,2,0,0,0,0
MS-HR-054,Sonepat · HR69,Haryana,North,2023-11,57,52.0,195,22.24,9.9,0.0,3.9,95.8,0.0,4,82,43,4,5,0,0,0,0
MS-HR-054,Sonepat · HR69,Haryana,North,2023-12,45,40.0,171,22.24,10.1,1.0,5.0,95.0,0.0,7,87,30,1,1,0,0,0,0
MS-HR-054,Sonepat · HR69,Haryana,North,2024-01,124,54.0,333,22.24,0.0,4.3,4.4,95.6,0.0,15,132,56,1,5,0,0,0,0
MS-HR-054,Sonepat · HR69,Haryana,North,2024-02,91,45.0,243,22.24,0.0,3.5,0.0,95.7,0.0,7,92,47,1,5,0,0,0,0
MS-HR-054,Sonepat · HR69,Haryana,North,2024-03,80,46.0,271,22.24,0.0,2.0,4.5,96.8,0.0,12,139,25,2,11,2,0,0,0
MS-HR-054,Sonepat · HR69,Haryana,North,2024-04,117,75.0,347,22.24,0.0,3.5,3.5,94.7,0.0,11,152,55,5,6,1,0,0,0
MS-HR-054,Sonepat · HR69,Haryana,North,2024-05,62,72.0,247,22.24,13.5,3.1,0.1,96.8,1.0,10,120,36,3,14,2,0,0,0
MS-HR-060,Pataudi · HR76,Haryana,North,2021-06,120,,190,40.93,,,,,,43,4,10,3,5,1,1,0,2
MS-HR-060,Pataudi · HR76,Haryana,North,2021-07,87,,127,40.93,,,,,,17,7,3,3,4,0,0,0,3
MS-HR-060,Pataudi · HR76,Haryana,North,2021-08,85,,132,40.93,,,,,,17,11,5,4,6,1,0,0,2
MS-HR-060,Pataudi · HR76,Haryana,North,2021-09,90,,149,40.93,,,,,,22,13,6,8,3,1,0,0,3
MS-HR-060,Pataudi · HR76,Haryana,North,2021-10,62,,96,40.93,,,,,,17,1,5,1,1,2,0,0,0
MS-HR-060,Pataudi · HR76,Haryana,North,2021-11,100,,161,40.93,,,,,,23,15,7,6,4,1,0,0,3
MS-HR-060,Pataudi · HR76,Haryana,North,2021-12,105,,171,40.93,,,,,,25,15,5,7,3,1,0,2,5
MS-HR-060,Pataudi · HR76,Haryana,North,2022-01,130,,186,40.93,,,,,,22,18,5,4,3,1,0,0,1
MS-HR-060,Pataudi · HR76,Haryana,North,2022-02,128,,201,40.93,,,,,,29,22,8,2,4,1,1,2,4
MS-HR-060,Pataudi · HR76,Haryana,North,2022-03,78,,118,40.93,,,,,,16,7,7,2,3,2,0,1,1
MS-HR-060,Pataudi · HR76,Haryana,North,2022-04,48,113.0,93,40.93,111.2,51.0,35.0,83.4,0.0,17,11,6,7,0,1,0,2,0
MS-HR-060,Pataudi · HR76,Haryana,North,2022-05,98,108.0,161,40.93,45.2,12.1,10.9,88.1,0.0,25,18,10,5,2,0,0,1,1
MS-HR-060,Pataudi · HR76,Haryana,North,2022-06,101,90.0,155,40.93,32.9,0.8,9.3,88.5,1.0,15,19,6,9,0,0,1,0,0
MS-HR-060,Pataudi · HR76,Haryana,North,2022-07,70,88.0,119,40.93,37.1,4.1,3.6,90.9,0.0,21,13,7,2,3,0,0,0,1
MS-HR-060,Pataudi · HR76,Haryana,North,2022-08,106,74.0,176,40.93,19.1,3.8,5.7,88.5,0.0,23,24,12,4,4,1,0,0,1
MS-HR-060,Pataudi · HR76,Haryana,North,2022-09,62,63.0,120,40.93,25.2,4.9,6.7,88.0,0.0,22,17,7,3,3,0,0,0,1
MS-HR-060,Pataudi · HR76,Haryana,North,2022-10,68,105.0,134,40.93,43.0,9.9,8.7,90.5,0.0,22,25,13,3,0,0,0,0,2
MS-HR-060,Pataudi · HR76,Haryana,North,2022-11,124,124.0,198,40.93,40.3,3.0,7.0,89.3,0.0,13,29,19,3,3,0,1,1,2
MS-HR-060,Pataudi · HR76,Haryana,North,2022-12,96,96.0,167,40.93,30.8,3.0,6.1,92.1,1.0,23,16,14,6,2,1,0,3,1
MS-HR-060,Pataudi · HR76,Haryana,North,2023-01,144,129.0,248,40.93,24.6,5.1,2.6,91.1,1.0,38,28,21,6,4,3,0,0,2
MS-HR-060,Pataudi · HR76,Haryana,North,2023-02,125,107.0,223,40.93,18.2,0.7,3.4,87.9,2.0,22,48,11,9,2,4,0,2,0
MS-HR-060,Pataudi · HR76,Haryana,North,2023-03,100,110.0,178,40.93,25.1,2.9,5.5,90.7,0.0,21,33,9,6,3,1,1,0,3
MS-HR-060,Pataudi · HR76,Haryana,North,2023-04,93,120.0,171,40.93,37.9,4.9,6.9,91.6,0.0,29,16,13,3,4,0,0,4,5
MS-HR-060,Pataudi · HR76,Haryana,North,2023-05,59,115.0,130,40.93,67.1,34.0,19.6,89.8,0.0,19,25,15,3,2,1,0,3,2
MS-HR-060,Pataudi · HR76,Haryana,North,2023-06,81,96.0,171,40.93,63.6,31.0,14.5,89.7,0.0,23,40,11,4,7,0,0,0,1
MS-HR-060,Pataudi · HR76,Haryana,North,2023-07,135,93.0,188,40.93,32.2,2.2,6.5,90.3,1.0,11,16,16,3,4,0,0,1,0
MS-HR-060,Pataudi · HR76,Haryana,North,2023-08,107,78.0,172,40.93,15.5,5.2,7.2,88.9,1.0,10,18,15,9,7,0,1,1,1
MS-HR-060,Pataudi · HR76,Haryana,North,2023-09,120,67.0,197,40.93,2.1,1.4,8.2,87.7,0.0,21,17,18,7,3,0,2,2,1
MS-HR-060,Pataudi · HR76,Haryana,North,2023-10,66,111.0,123,40.93,28.8,6.0,6.1,90.2,1.0,20,18,14,2,3,0,0,0,0
MS-HR-060,Pataudi · HR76,Haryana,North,2023-11,119,132.0,178,40.93,31.8,2.9,3.3,89.8,2.0,8,26,15,3,3,0,1,0,2
MS-HR-060,Pataudi · HR76,Haryana,North,2023-12,227,101.0,331,40.93,0.0,3.0,1.5,89.8,1.0,32,32,25,10,2,0,0,0,0
MS-HR-060,Pataudi · HR76,Haryana,North,2024-01,146,137.0,245,40.93,7.8,2.1,7.7,89.9,1.0,19,44,21,2,5,3,0,2,1
MS-HR-060,Pataudi · HR76,Haryana,North,2024-02,182,113.0,300,40.93,0.3,2.3,6.2,91.9,2.0,23,44,27,9,2,2,0,2,3
MS-HR-060,Pataudi · HR76,Haryana,North,2024-03,87,117.0,160,40.93,16.5,4.1,6.7,89.8,1.0,12,24,22,7,4,0,0,2,0
MS-HR-060,Pataudi · HR76,Haryana,North,2024-04,135,149.0,210,40.93,26.8,5.3,6.4,88.9,1.0,15,28,21,4,5,0,0,0,0
MS-HR-060,Pataudi · HR76,Haryana,North,2024-05,104,143.0,156,40.93,43.7,8.8,7.7,90.8,0.0,11,18,16,2,1,1,1,2,0
MS-HR-066,Kanina · HR82,Haryana,North,2021-06,42,,71,49.63,,,,,,18,2,5,2,1,0,0,0,1
MS-HR-066,Kanina · HR82,Haryana,North,2021-07,35,,84,49.63,,,,,,22,8,8,5,1,1,0,0,2
MS-HR-066,Kanina · HR82,Haryana,North,2021-08,29,,34,49.63,,,,,,2,3,0,0,0,0,0,0,0
MS-HR-066,Kanina · HR82,Haryana,North,2021-09,51,,92,49.63,,,,,,18,10,5,3,1,0,0,1,2
MS-HR-066,Kanina · HR82,Haryana,North,2021-10,26,,39,49.63,,,,,,6,0,3,1,0,0,0,0,3
MS-HR-066,Kanina · HR82,Haryana,North,2021-11,43,,62,49.63,,,,,,12,3,2,1,0,1,0,0,0
MS-HR-066,Kanina · HR82,Haryana,North,2021-12,53,,75,49.63,,,,,,12,5,2,1,1,0,0,0,1
MS-HR-066,Kanina · HR82,Haryana,North,2022-01,45,,61,49.63,,,,,,7,1,6,0,1,0,0,0,1
MS-HR-066,Kanina · HR82,Haryana,North,2022-02,32,,46,49.63,,,,,,7,3,1,0,1,0,0,1,0
MS-HR-066,Kanina · HR82,Haryana,North,2022-03,51,,92,49.63,,,,,,20,10,7,0,0,1,0,0,3
MS-HR-066,Kanina · HR82,Haryana,North,2022-04,42,47.0,63,49.63,34.8,3.4,4.3,84.4,0.0,8,5,5,1,0,0,0,0,2
MS-HR-066,Kanina · HR82,Haryana,North,2022-05,34,46.0,62,49.63,49.0,14.5,5.8,83.8,1.0,11,5,8,1,0,0,0,1,1
MS-HR-066,Kanina · HR82,Haryana,North,2022-06,20,38.0,40,49.63,69.2,36.4,9.9,83.8,0.0,4,8,2,4,0,0,0,0,2
MS-HR-066,Kanina · HR82,Haryana,North,2022-07,29,37.0,50,49.63,78.2,39.1,15.5,84.1,0.0,12,3,5,0,0,1,0,0,0
MS-HR-066,Kanina · HR82,Haryana,North,2022-08,22,31.0,44,49.63,83.2,40.9,16.5,81.4,0.0,10,5,4,1,0,0,0,0,1
MS-HR-066,Kanina · HR82,Haryana,North,2022-09,15,27.0,32,49.63,89.6,44.8,18.0,82.3,1.0,9,4,4,0,0,0,0,0,0
MS-HR-066,Kanina · HR82,Haryana,North,2022-10,30,44.0,50,49.63,83.4,41.6,18.6,80.3,1.0,8,4,6,1,0,0,0,0,1
MS-HR-066,Kanina · HR82,Haryana,North,2022-11,56,52.0,92,49.63,44.5,10.2,4.2,86.0,0.0,9,10,6,3,2,2,0,1,2
MS-HR-066,Kanina · HR82,Haryana,North,2022-12,32,40.0,50,49.63,42.1,7.2,5.4,87.0,0.0,6,6,5,1,0,0,0,0,0
MS-HR-066,Kanina · HR82,Haryana,North,2023-01,57,54.0,87,49.63,33.4,4.7,3.1,86.9,0.0,9,12,4,3,0,0,1,0,1
MS-HR-066,Kanina · HR82,Haryana,North,2023-02,32,45.0,64,49.63,47.8,15.4,5.6,85.6,1.0,5,14,8,0,1,1,1,0,2
MS-HR-066,Kanina · HR82,Haryana,North,2023-03,28,46.0,39,49.63,62.1,26.8,14.0,84.5,1.0,2,6,2,1,0,0,0,0,0
MS-HR-066,Kanina · HR82,Haryana,North,2023-04,43,42.0,72,49.63,60.7,30.0,14.1,84.8,0.0,14,7,4,3,0,0,0,0,0
MS-HR-066,Kanina · HR82,Haryana,North,2023-05,23,40.0,44,49.63,74.8,38.6,18.2,84.8,0.0,4,9,2,1,2,0,1,1,0
MS-HR-066,Kanina · HR82,Haryana,North,2023-06,36,33.0,63,49.63,52.8,21.9,7.5,87.1,0.0,7,10,8,1,0,0,0,1,0
MS-HR-066,Kanina · HR82,Haryana,North,2023-07,1,32.0,3,49.63,120.0,53.1,25.1,82.3,0.0,1,0,1,0,0,0,0,0,0
MS-HR-066,Kanina · HR82,Haryana,North,2023-08,47,27.0,101,49.63,37.7,3.2,0.6,88.4,0.0,21,13,15,4,0,0,0,0,1
MS-HR-066,Kanina · HR82,Haryana,North,2023-09,29,23.0,52,49.63,27.8,4.0,2.3,89.1,0.0,4,5,9,1,1,0,1,0,0
MS-HR-066,Kanina · HR82,Haryana,North,2023-10,38,39.0,67,49.63,26.5,3.7,0.0,88.4,0.0,9,8,8,1,1,0,0,1,0
MS-HR-066,Kanina · HR82,Haryana,North,2023-11,38,46.0,61,49.63,42.2,8.7,3.2,87.5,0.0,5,6,11,1,0,0,0,0,0
MS-HR-066,Kanina · HR82,Haryana,North,2023-12,40,35.0,81,49.63,27.0,4.6,5.0,86.6,0.0,17,12,7,1,0,1,1,0,1
MS-HR-066,Kanina · HR82,Haryana,North,2024-01,38,48.0,63,49.63,39.0,4.6,5.6,87.1,1.0,2,9,11,1,1,1,0,0,0
MS-HR-066,Kanina · HR82,Haryana,North,2024-02,52,39.0,98,49.63,25.0,3.2,1.9,86.9,0.0,15,10,11,2,2,1,0,2,1
MS-HR-066,Kanina · HR82,Haryana,North,2024-03,41,41.0,79,49.63,25.4,1.2,1.7,86.0,0.0,18,11,7,0,1,0,0,1,0
MS-HR-066,Kanina · HR82,Haryana,North,2024-04,50,45.0,65,49.63,19.9,4.8,5.8,85.8,0.0,5,4,1,1,1,2,0,0,1
MS-HR-066,Kanina · HR82,Haryana,North,2024-05,37,43.0,77,49.63,27.5,1.3,1.1,85.5,0.0,19,14,2,2,0,0,0,0,1
MS-HR-072,Gulha · HR9,Haryana,North,2021-06,11,,32,43.85,,,,,,11,2,2,2,2,1,1,0,0
MS-HR-072,Gulha · HR9,Haryana,North,2021-07,16,,41,43.85,,,,,,16,6,0,1,0,0,0,0,2
MS-HR-072,Gulha · HR9,Haryana,North,2021-08,18,,34,43.85,,,,,,4,3,2,3,1,0,1,0,1
MS-HR-072,Gulha · HR9,Haryana,North,2021-09,22,,49,43.85,,,,,,9,4,8,0,4,1,0,0,0
MS-HR-072,Gulha · HR9,Haryana,North,2021-10,14,,32,43.85,,,,,,4,3,4,3,2,2,0,0,0
MS-HR-072,Gulha · HR9,Haryana,North,2021-11,30,,64,43.85,,,,,,14,7,3,1,3,4,0,0,2
MS-HR-072,Gulha · HR9,Haryana,North,2021-12,31,,61,43.85,,,,,,10,6,2,3,4,1,1,1,2
MS-HR-072,Gulha · HR9,Haryana,North,2022-01,35,,69,43.85,,,,,,15,3,5,4,1,0,0,0,6
MS-HR-072,Gulha · HR9,Haryana,North,2022-02,34,,64,43.85,,,,,,10,8,3,1,2,3,1,0,0
MS-HR-072,Gulha · HR9,Haryana,North,2022-03,26,,61,43.85,,,,,,11,7,8,4,2,1,0,0,1
MS-HR-072,Gulha · HR9,Haryana,North,2022-04,32,29.0,55,43.85,26.2,4.1,0.5,82.9,0.0,9,4,3,3,3,0,0,0,1
MS-HR-072,Gulha · HR9,Haryana,North,2022-05,14,28.0,31,43.85,55.4,23.0,9.1,82.2,0.0,8,2,3,3,0,0,1,0,0
MS-HR-072,Gulha · HR9,Haryana,North,2022-06,15,23.0,36,43.85,63.9,30.0,10.7,79.9,0.0,6,5,0,6,0,0,1,0,1
MS-HR-072,Gulha · HR9,Haryana,North,2022-07,18,23.0,47,43.85,76.7,39.4,17.2,80.0,0.0,11,6,4,4,2,1,0,0,1
MS-HR-072,Gulha · HR9,Haryana,North,2022-08,18,19.0,44,43.85,61.6,28.6,6.7,82.6,0.0,11,3,5,4,1,0,0,0,1
MS-HR-072,Gulha · HR9,Haryana,North,2022-09,14,16.0,32,43.85,59.4,27.6,4.3,81.1,0.0,9,0,2,6,0,1,0,0,0
MS-HR-072,Gulha · HR9,Haryana,North,2022-10,18,27.0,47,43.85,68.4,34.4,9.8,81.1,1.0,6,6,9,7,1,0,0,0,0
MS-HR-072,Gulha · HR9,Haryana,North,2022-11,29,32.0,65,43.85,50.7,21.3,5.5,80.3,1.0,13,7,6,7,1,1,0,0,0
MS-HR-072,Gulha · HR9,Haryana,North,2022-12,25,25.0,65,43.85,38.0,1.4,3.0,83.5,0.0,13,8,9,8,0,1,0,0,0
MS-HR-072,Gulha · HR9,Haryana,North,2023-01,38,33.0,80,43.85,28.8,2.3,0.0,81.9,1.0,16,6,9,4,2,1,1,1,1
MS-HR-072,Gulha · HR9,Haryana,North,2023-02,23,28.0,48,43.85,33.7,4.4,3.0,82.3,0.0,6,5,8,3,2,0,0,0,1
MS-HR-072,Gulha · HR9,Haryana,North,2023-03,26,29.0,59,43.85,36.7,3.4,2.3,82.7,0.0,7,11,6,6,1,0,1,1,0
MS-HR-072,Gulha · HR9,Haryana,North,2023-04,16,28.0,35,43.85,64.8,28.9,14.1,81.0,0.0,8,3,3,1,3,0,0,0,1
MS-HR-072,Gulha · HR9,Haryana,North,2023-05,10,27.0,22,43.85,96.5,47.5,26.2,77.7,0.0,8,0,3,1,0,0,0,0,0
MS-HR-072,Gulha · HR9,Haryana,North,2023-06,18,23.0,63,43.85,88.8,44.9,24.5,77.4,0.0,15,7,8,6,5,1,0,1,1
MS-HR-072,Gulha · HR9,Haryana,North,2023-07,2,22.0,6,43.85,139.9,54.8,31.5,74.9,0.0,0,1,0,1,1,0,0,0,1
MS-HR-072,Gulha · HR9,Haryana,North,2023-08,11,18.0,37,43.85,114.5,53.1,30.0,76.8,0.0,8,8,5,1,3,0,1,0,0
MS-HR-072,Gulha · HR9,Haryana,North,2023-09,45,16.0,98,43.85,1.6,0.9,4.9,79.1,0.0,21,14,5,10,2,0,0,0,1
MS-HR-072,Gulha · HR9,Haryana,North,2023-10,21,26.0,48,43.85,21.0,4.0,3.0,81.1,0.0,7,7,11,1,1,0,0,0,0
MS-HR-072,Gulha · HR9,Haryana,North,2023-11,13,31.0,43,43.85,52.2,22.5,2.4,83.2,0.0,3,9,13,0,1,0,1,2,1
MS-HR-072,Gulha · HR9,Haryana,North,2023-12,20,24.0,53,43.85,67.8,34.5,15.5,79.3,1.0,14,3,5,8,2,1,0,0,0
MS-HR-072,Gulha · HR9,Haryana,North,2024-01,47,32.0,97,43.85,21.9,2.1,3.2,81.2,0.0,21,8,16,3,2,0,0,0,0
MS-HR-072,Gulha · HR9,Haryana,North,2024-02,39,27.0,94,43.85,9.4,2.9,2.6,81.2,0.0,18,9,17,4,3,1,0,0,2
MS-HR-072,Gulha · HR9,Haryana,North,2024-03,22,28.0,64,43.85,20.7,2.1,2.9,80.9,1.0,18,7,9,6,0,1,0,0,1
MS-HR-072,Gulha · HR9,Haryana,North,2024-04,34,28.0,76,43.85,16.7,2.5,0.1,83.1,0.0,18,5,12,5,2,0,0,0,0
MS-HR-072,Gulha · HR9,Haryana,North,2024-05,21,27.0,51,43.85,32.0,5.9,5.7,82.8,1.0,11,3,8,3,0,0,2,0,2
MS-HR-078,Badshahpur · HR98,Haryana,North,2021-06,212,,822,37.63,,,,,,164,99,43,152,24,45,44,9,0
MS-HR-078,Badshahpur · HR98,Haryana,North,2021-07,355,,1331,37.63,,,,,,225,105,99,170,84,62,75,43,17
MS-HR-078,Badshahpur · HR98,Haryana,North,2021-08,407,,1672,37.63,,,,,,296,0,138,172,156,81,105,70,34
MS-HR-078,Badshahpur · HR98,Haryana,North,2021-09,380,,1432,37.63,,,,,,273,0,95,160,116,76,71,69,27
MS-HR-078,Badshahpur · HR98,Haryana,North,2021-10,294,,1273,37.63,,,,,,186,0,93,168,83,108,50,72,35
MS-HR-078,Badshahpur · HR98,Haryana,North,2021-11,360,,1603,37.63,,,,,,239,0,177,210,123,114,76,101,62
MS-HR-078,Badshahpur · HR98,Haryana,North,2021-12,342,,1548,37.63,,,,,,275,0,169,199,122,106,58,99,21
MS-HR-078,Badshahpur · HR98,Haryana,North,2022-01,447,,1780,37.63,,,,,,230,31,250,115,159,86,114,123,44
MS-HR-078,Badshahpur · HR98,Haryana,North,2022-02,320,,1645,37.63,,,,,,183,238,197,224,55,95,85,105,21
MS-HR-078,Badshahpur · HR98,Haryana,North,2022-03,397,,1936,37.63,,,,,,226,216,186,203,130,92,99,203,28
MS-HR-078,Badshahpur · HR98,Haryana,North,2022-04,398,409.0,1855,37.63,37.4,2.6,10.3,78.3,2.0,201,239,191,211,108,94,60,175,25
MS-HR-078,Badshahpur · HR98,Haryana,North,2022-05,470,393.0,2308,37.63,28.7,4.7,8.7,75.8,4.0,277,313,227,269,139,82,83,229,34
MS-HR-078,Badshahpur · HR98,Haryana,North,2022-06,491,327.0,2194,37.63,15.4,1.8,9.6,76.2,16.0,237,297,231,241,117,134,80,166,30
MS-HR-078,Badshahpur · HR98,Haryana,North,2022-07,462,319.0,2307,37.63,7.8,2.6,9.6,77.3,5.0,309,334,227,240,195,99,87,143,24
MS-HR-078,Badshahpur · HR98,Haryana,North,2022-08,482,267.0,2480,37.63,0.0,2.0,8.6,77.4,8.0,311,347,267,320,189,99,82,185,51
MS-HR-078,Badshahpur · HR98,Haryana,North,2022-09,333,230.0,1582,37.63,0.0,5.9,4.1,76.7,7.0,207,211,173,213,87,80,69,112,23
MS-HR-078,Badshahpur · HR98,Haryana,North,2022-10,671,381.0,3212,37.63,0.0,1.8,7.6,76.4,7.0,381,455,355,377,217,137,91,231,35
MS-HR-078,Badshahpur · HR98,Haryana,North,2022-11,566,451.0,2527,37.63,3.7,2.4,7.0,76.9,6.0,310,263,349,297,173,92,105,195,28
MS-HR-078,Badshahpur · HR98,Haryana,North,2022-12,360,347.0,2010,37.63,10.7,0.9,10.8,78.8,8.0,263,230,242,265,156,76,90,167,17
MS-HR-078,Badshahpur · HR98,Haryana,North,2023-01,651,469.0,2643,37.63,6.7,3.2,10.7,77.6,8.0,287,384,294,252,172,97,71,258,27
MS-HR-078,Badshahpur · HR98,Haryana,North,2023-02,427,386.0,1785,37.63,11.1,4.0,11.6,76.2,5.0,209,185,189,233,126,53,87,158,20
MS-HR-078,Badshahpur · HR98,Haryana,North,2023-03,596,400.0,2889,37.63,5.5,1.1,11.5,77.1,6.0,294,385,296,354,310,77,96,250,21
MS-HR-078,Badshahpur · HR98,Haryana,North,2023-04,557,619.0,2366,37.63,18.5,2.5,9.3,77.5,11.0,262,298,229,235,228,99,124,173,15
MS-HR-078,Badshahpur · HR98,Haryana,North,2023-05,601,594.0,2836,37.63,21.2,1.0,7.2,79.8,11.0,419,341,358,283,228,87,116,184,38
MS-HR-078,Badshahpur · HR98,Haryana,North,2023-06,511,495.0,2220,37.63,23.9,3.5,8.3,81.2,2.0,327,303,242,258,145,62,102,165,12
MS-HR-078,Badshahpur · HR98,Haryana,North,2023-07,420,482.0,1819,37.63,30.2,3.5,4.4,81.0,8.0,252,186,185,178,152,48,88,162,10
MS-HR-078,Badshahpur · HR98,Haryana,North,2023-08,690,404.0,3043,37.63,13.4,1.2,6.8,82.7,9.0,390,321,358,285,309,64,224,247,19
MS-HR-078,Badshahpur · HR98,Haryana,North,2023-09,623,347.0,2320,37.63,0.6,0.8,6.6,81.0,9.0,294,160,217,295,186,106,97,196,11
MS-HR-078,Badshahpur · HR98,Haryana,North,2023-10,540,575.0,2749,37.63,11.6,1.9,9.1,78.7,7.0,327,253,334,360,253,146,128,230,24
MS-HR-078,Badshahpur · HR98,Haryana,North,2023-11,523,681.0,2490,37.63,29.3,6.5,7.5,78.6,10.0,266,282,267,334,199,189,107,206,12
MS-HR-078,Badshahpur · HR98,Haryana,North,2023-12,586,524.0,2650,37.63,25.0,2.6,10.3,79.6,9.0,281,232,318,286,228,204,96,229,9
MS-HR-078,Badshahpur · HR98,Haryana,North,2024-01,748,708.0,3322,37.63,21.2,2.5,7.0,80.8,11.0,383,402,343,322,279,217,113,324,18
MS-HR-078,Badshahpur · HR98,Haryana,North,2024-02,640,583.0,2877,37.63,20.5,2.6,6.2,79.2,13.0,378,260,321,326,348,141,125,151,16
MS-HR-078,Badshahpur · HR98,Haryana,North,2024-03,451,605.0,2223,37.63,33.1,3.3,7.7,79.0,5.0,278,228,292,289,245,94,73,139,21
MS-HR-078,Badshahpur · HR98,Haryana,North,2024-04,451,721.0,2744,37.63,56.1,23.5,16.3,79.7,4.0,365,301,344,278,371,142,77,150,32
MS-HR-078,Badshahpur · HR98,Haryana,North,2024-05,448,692.0,2412,37.63,78.9,41.6,27.2,75.1,11.0,367,271,288,287,248,108,105,179,16
MS-JH-006,Hazaribag · JH2,Jharkhand,East,2021-06,124,,279,35.58,,,,,,30,53,42,2,4,0,7,0,16
MS-JH-006,Hazaribag · JH2,Jharkhand,East,2021-07,118,,363,35.58,,,,,,45,87,90,2,1,1,2,0,14
MS-JH-006,Hazaribag · JH2,Jharkhand,East,2021-08,180,,402,35.58,,,,,,52,81,62,3,1,0,3,0,16
MS-JH-006,Hazaribag · JH2,Jharkhand,East,2021-09,139,,316,35.58,,,,,,26,64,76,1,2,0,1,0,7
MS-JH-006,Hazaribag · JH2,Jharkhand,East,2021-10,143,,373,35.58,,,,,,51,100,54,3,5,1,2,0,11
MS-JH-006,Hazaribag · JH2,Jharkhand,East,2021-11,167,,416,35.58,,,,,,39,97,83,0,6,2,0,0,22
MS-JH-006,Hazaribag · JH2,Jharkhand,East,2021-12,119,,336,35.58,,,,,,34,90,71,4,3,0,1,0,13
MS-JH-006,Hazaribag · JH2,Jharkhand,East,2022-01,135,,337,35.58,,,,,,36,92,53,1,3,0,1,0,15
MS-JH-006,Hazaribag · JH2,Jharkhand,East,2022-02,124,,343,35.58,,,,,,34,94,72,1,4,0,0,0,14
MS-JH-006,Hazaribag · JH2,Jharkhand,East,2022-03,173,,486,35.58,,,,,,41,119,119,0,13,2,0,1,18
MS-JH-006,Hazaribag · JH2,Jharkhand,East,2022-04,134,145.0,423,35.58,33.1,4.9,0.8,74.3,0.0,24,113,125,2,7,2,0,1,14
MS-JH-006,Hazaribag · JH2,Jharkhand,East,2022-05,157,145.0,371,35.58,29.0,1.2,1.2,73.9,2.0,36,74,75,2,13,0,0,2,11
MS-JH-006,Hazaribag · JH2,Jharkhand,East,2022-06,132,140.0,376,35.58,33.9,6.1,1.0,73.8,4.0,34,108,81,1,7,2,0,0,9
MS-JH-006,Hazaribag · JH2,Jharkhand,East,2022-07,140,133.0,451,35.58,31.4,4.8,4.1,74.9,3.0,46,140,105,1,11,0,1,0,6
MS-JH-006,Hazaribag · JH2,Jharkhand,East,2022-08,120,121.0,374,35.58,34.1,2.4,4.1,74.1,3.0,23,146,73,2,5,0,0,0,4
MS-JH-006,Hazaribag · JH2,Jharkhand,East,2022-09,112,142.0,393,35.58,41.3,4.3,2.5,74.1,3.0,33,133,84,1,13,0,1,0,15
MS-JH-006,Hazaribag · JH2,Jharkhand,East,2022-10,180,176.0,556,35.58,41.4,4.3,0.0,74.2,2.0,57,173,114,0,11,1,1,0,19
MS-JH-006,Hazaribag · JH2,Jharkhand,East,2022-11,178,192.0,511,35.58,38.4,6.2,0.0,75.9,5.0,30,184,102,2,10,0,0,0,5
MS-JH-006,Hazaribag · JH2,Jharkhand,East,2022-12,125,140.0,443,35.58,37.3,1.1,1.3,77.0,2.0,17,178,105,1,9,0,0,0,8
MS-JH-006,Hazaribag · JH2,Jharkhand,East,2023-01,180,184.0,589,35.58,34.8,1.8,0.0,73.8,6.0,41,217,126,1,3,0,0,0,20
MS-JH-006,Hazaribag · JH2,Jharkhand,East,2023-02,169,136.0,562,35.58,25.0,5.1,0.0,73.9,1.0,35,194,145,0,8,0,2,3,5
MS-JH-006,Hazaribag · JH2,Jharkhand,East,2023-03,155,149.0,640,35.58,24.1,0.0,0.0,74.6,3.0,35,284,145,0,5,0,0,0,13
MS-JH-006,Hazaribag · JH2,Jharkhand,East,2023-04,175,160.0,615,35.58,25.1,3.6,0.0,74.3,3.0,38,246,132,2,11,0,0,0,11
MS-JH-006,Hazaribag · JH2,Jharkhand,East,2023-05,189,160.0,510,35.58,22.4,4.9,0.0,70.8,6.0,29,141,128,1,10,0,0,3,9
MS-JH-006,Hazaribag · JH2,Jharkhand,East,2023-06,164,155.0,510,35.58,27.5,0.0,0.0,72.4,3.0,40,163,119,1,14,0,0,1,7
MS-JH-006,Hazaribag · JH2,Jharkhand,East,2023-07,135,147.0,542,35.58,28.0,2.9,0.8,72.6,3.0,40,234,110,1,10,0,0,0,11
MS-JH-006,Hazaribag · JH2,Jharkhand,East,2023-08,151,134.0,478,35.58,25.0,4.3,1.2,70.8,4.0,30,145,135,0,6,0,2,1,8
MS-JH-006,Hazaribag · JH2,Jharkhand,East,2023-09,159,157.0,621,35.58,26.3,3.7,5.3,72.9,4.0,34,252,150,1,16,0,1,0,7
MS-JH-006,Hazaribag · JH2,Jharkhand,East,2023-10,164,195.0,543,35.58,35.4,2.7,1.9,74.1,1.0,30,205,130,2,7,0,0,0,5
MS-JH-006,Hazaribag · JH2,Jharkhand,East,2023-11,261,213.0,771,35.58,23.0,3.2,0.0,72.9,8.0,63,276,151,0,7,1,0,0,11
MS-JH-006,Hazaribag · JH2,Jharkhand,East,2023-12,178,155.0,498,35.58,22.4,3.1,0.0,72.0,4.0,21,205,88,1,2,0,1,0,2
MS-JH-006,Hazaribag · JH2,Jharkhand,East,2024-01,174,204.0,571,35.58,28.9,6.5,0.0,72.5,2.0,35,246,95,0,11,0,1,0,9
MS-JH-006,Hazaribag · JH2,Jharkhand,East,2024-02,183,151.0,596,35.58,25.4,3.2,0.0,72.2,5.0,43,204,146,4,8,0,0,0,8
MS-JH-006,Hazaribag · JH2,Jharkhand,East,2024-03,205,164.0,626,35.58,17.3,2.2,0.0,75.6,10.0,34,223,139,1,12,1,1,0,10
MS-JH-006,Hazaribag · JH2,Jharkhand,East,2024-04,176,179.0,584,35.58,24.3,2.8,0.0,75.2,6.0,37,220,127,3,12,1,0,0,8
MS-JH-006,Hazaribag · JH2,Jharkhand,East,2024-05,206,179.0,569,35.58,22.8,4.2,0.0,73.0,2.0,36,191,115,2,12,0,0,0,7
MS-JK-001,Srinagar · JK1,Jammu And Kashmir,North,2021-06,384,,765,50.71,,,,,,148,75,65,15,8,14,15,2,9
MS-JK-001,Srinagar · JK1,Jammu And Kashmir,North,2021-07,420,,817,50.71,,,,,,179,60,57,7,8,9,18,2,10
MS-JK-001,Srinagar · JK1,Jammu And Kashmir,North,2021-08,424,,831,50.71,,,,,,188,59,77,6,7,10,11,5,12
MS-JK-001,Srinagar · JK1,Jammu And Kashmir,North,2021-09,334,,709,50.71,,,,,,170,78,44,12,11,11,6,3,21
MS-JK-001,Srinagar · JK1,Jammu And Kashmir,North,2021-10,230,,547,50.71,,,,,,126,67,59,5,8,12,11,0,16
MS-JK-001,Srinagar · JK1,Jammu And Kashmir,North,2021-11,374,,758,50.71,,,,,,143,104,87,7,14,9,3,3,5
MS-JK-001,Srinagar · JK1,Jammu And Kashmir,North,2021-12,428,,912,50.71,,,,,,143,193,96,2,8,12,6,2,11
MS-JK-001,Srinagar · JK1,Jammu And Kashmir,North,2022-01,276,,570,50.71,,,,,,76,133,51,3,6,1,4,0,15
MS-JK-001,Srinagar · JK1,Jammu And Kashmir,North,2022-02,382,,708,50.71,,,,,,126,73,64,13,9,7,11,1,11
MS-JK-001,Srinagar · JK1,Jammu And Kashmir,North,2022-03,481,,944,50.71,,,,,,175,93,118,11,29,8,7,4,7
MS-JK-001,Srinagar · JK1,Jammu And Kashmir,North,2022-04,278,467.0,630,50.71,67.7,37.6,15.8,75.7,3.0,143,83,64,5,15,12,6,6,11
MS-JK-001,Srinagar · JK1,Jammu And Kashmir,North,2022-05,483,448.0,924,50.71,41.7,5.4,5.0,77.2,6.0,158,133,70,14,16,9,20,2,11
MS-JK-001,Srinagar · JK1,Jammu And Kashmir,North,2022-06,333,374.0,694,50.71,44.9,12.9,5.6,79.6,7.0,153,94,51,7,25,5,12,0,10
MS-JK-001,Srinagar · JK1,Jammu And Kashmir,North,2022-07,399,364.0,854,50.71,34.7,5.8,8.8,78.9,2.0,176,114,94,9,22,4,18,1,6
MS-JK-001,Srinagar · JK1,Jammu And Kashmir,North,2022-08,332,305.0,766,50.71,33.8,0.0,8.1,78.5,5.0,225,75,79,4,16,10,13,1,4
MS-JK-001,Srinagar · JK1,Jammu And Kashmir,North,2022-09,344,262.0,735,50.71,23.5,1.9,3.7,80.7,4.0,180,67,80,6,22,6,17,4,6
MS-JK-001,Srinagar · JK1,Jammu And Kashmir,North,2022-10,381,434.0,732,50.71,33.8,3.0,8.0,78.1,6.0,178,44,76,4,25,5,11,2,3
MS-JK-001,Srinagar · JK1,Jammu And Kashmir,North,2022-11,372,514.0,646,50.71,46.0,11.9,8.5,77.7,2.0,140,49,53,2,8,7,6,0,5
MS-JK-001,Srinagar · JK1,Jammu And Kashmir,North,2022-12,427,396.0,713,50.71,39.0,4.5,7.7,77.5,6.0,151,54,47,4,7,2,6,5,2
MS-JK-001,Srinagar · JK1,Jammu And Kashmir,North,2023-01,324,535.0,597,50.71,58.5,25.5,10.5,77.2,5.0,98,56,87,7,5,4,2,1,7
MS-JK-001,Srinagar · JK1,Jammu And Kashmir,North,2023-02,408,441.0,669,50.71,51.9,21.5,7.1,79.5,11.0,127,50,48,8,2,11,7,2,3
MS-JK-001,Srinagar · JK1,Jammu And Kashmir,North,2023-03,439,457.0,929,50.71,47.5,14.4,5.2,80.9,2.0,167,87,82,8,14,113,12,4,2
MS-JK-001,Srinagar · JK1,Jammu And Kashmir,North,2023-04,323,473.0,934,50.71,58.9,26.3,7.6,78.6,2.0,185,156,91,7,37,109,17,3,5
MS-JK-001,Srinagar · JK1,Jammu And Kashmir,North,2023-05,454,454.0,1069,50.71,47.4,14.4,6.6,77.6,6.0,205,93,126,6,71,80,11,9,6
MS-JK-001,Srinagar · JK1,Jammu And Kashmir,North,2023-06,430,379.0,966,50.71,38.6,5.4,4.3,77.2,4.0,186,92,111,3,65,53,13,3,7
MS-JK-001,Srinagar · JK1,Jammu And Kashmir,North,2023-07,502,369.0,1027,50.71,23.3,1.1,5.3,77.3,7.0,195,70,102,7,97,29,15,6,4
MS-JK-001,Srinagar · JK1,Jammu And Kashmir,North,2023-08,593,309.0,1227,50.71,2.4,2.8,8.5,76.2,9.0,212,86,163,7,123,17,10,5,7
MS-JK-001,Srinagar · JK1,Jammu And Kashmir,North,2023-09,420,266.0,921,50.71,0.0,2.9,3.2,78.2,6.0,191,70,124,9,88,3,9,2,3
MS-JK-001,Srinagar · JK1,Jammu And Kashmir,North,2023-10,376,440.0,798,50.71,13.3,3.5,2.3,78.1,6.0,189,66,89,11,53,3,4,4,3
MS-JK-001,Srinagar · JK1,Jammu And Kashmir,North,2023-11,361,521.0,761,50.71,37.4,0.5,7.7,80.1,4.0,171,83,78,9,42,4,4,3,2
MS-JK-001,Srinagar · JK1,Jammu And Kashmir,North,2023-12,413,401.0,713,50.71,34.1,6.1,8.4,79.9,10.0,111,49,68,5,56,1,4,2,2
MS-JK-001,Srinagar · JK1,Jammu And Kashmir,North,2024-01,470,542.0,833,50.71,40.7,6.2,6.9,78.0,6.0,129,62,89,13,51,5,3,2,5
MS-JK-001,Srinagar · JK1,Jammu And Kashmir,North,2024-02,388,446.0,755,50.71,42.3,7.1,3.6,78.9,7.0,156,56,79,11,50,2,2,2,6
MS-JK-001,Srinagar · JK1,Jammu And Kashmir,North,2024-03,423,463.0,902,50.71,42.7,7.4,5.3,79.5,3.0,186,59,138,12,69,2,2,0,3
MS-JK-001,Srinagar · JK1,Jammu And Kashmir,North,2024-04,399,540.0,875,50.71,55.1,22.1,6.6,77.8,5.0,168,102,109,13,69,6,1,3,2
MS-JK-001,Srinagar · JK1,Jammu And Kashmir,North,2024-05,445,518.0,1009,50.71,48.8,17.9,8.0,77.0,6.0,244,71,140,11,74,2,4,5,3
MS-JK-007,Ganderbal · JK16,Jammu And Kashmir,North,2021-06,67,,104,52.88,,,,,,11,15,10,0,0,0,0,0,1
MS-JK-007,Ganderbal · JK16,Jammu And Kashmir,North,2021-07,81,,135,52.88,,,,,,4,33,14,0,0,0,0,0,1
MS-JK-007,Ganderbal · JK16,Jammu And Kashmir,North,2021-08,92,,144,52.88,,,,,,12,25,13,0,0,0,0,0,1
MS-JK-007,Ganderbal · JK16,Jammu And Kashmir,North,2021-09,67,,98,52.88,,,,,,6,12,13,0,0,0,0,0,0
MS-JK-007,Ganderbal · JK16,Jammu And Kashmir,North,2021-10,44,,112,52.88,,,,,,7,46,15,0,0,0,0,0,0
MS-JK-007,Ganderbal · JK16,Jammu And Kashmir,North,2021-11,77,,115,52.88,,,,,,5,28,5,0,0,0,0,0,0
MS-JK-007,Ganderbal · JK16,Jammu And Kashmir,North,2021-12,101,,139,52.88,,,,,,10,9,18,0,0,0,0,0,0
MS-JK-007,Ganderbal · JK16,Jammu And Kashmir,North,2022-01,64,,96,52.88,,,,,,5,13,10,1,1,0,0,0,2
MS-JK-007,Ganderbal · JK16,Jammu And Kashmir,North,2022-02,91,,145,52.88,,,,,,6,33,15,0,0,0,0,0,0
MS-JK-007,Ganderbal · JK16,Jammu And Kashmir,North,2022-03,89,,142,52.88,,,,,,14,16,23,0,0,0,0,0,0
MS-JK-007,Ganderbal · JK16,Jammu And Kashmir,North,2022-04,66,94.0,124,52.88,49.0,17.6,6.3,83.1,0.0,11,23,23,0,1,0,0,0,0
MS-JK-007,Ganderbal · JK16,Jammu And Kashmir,North,2022-05,80,90.0,134,52.88,47.9,15.9,7.5,83.2,1.0,5,27,22,0,0,0,0,0,0
MS-JK-007,Ganderbal · JK16,Jammu And Kashmir,North,2022-06,60,75.0,99,52.88,50.6,19.0,7.6,81.8,0.0,4,28,4,1,1,0,0,0,1
MS-JK-007,Ganderbal · JK16,Jammu And Kashmir,North,2022-07,68,73.0,113,52.88,44.7,9.9,7.5,83.0,0.0,6,25,14,0,0,0,0,0,0
MS-JK-007,Ganderbal · JK16,Jammu And Kashmir,North,2022-08,54,61.0,103,52.88,49.8,18.9,10.5,79.1,0.0,16,11,20,0,0,0,0,0,2
MS-JK-007,Ganderbal · JK16,Jammu And Kashmir,North,2022-09,54,53.0,91,52.88,43.2,7.3,9.7,80.5,1.0,8,18,11,0,0,0,0,0,0
MS-JK-007,Ganderbal · JK16,Jammu And Kashmir,North,2022-10,72,87.0,105,52.88,51.7,18.3,11.2,79.1,0.0,7,11,15,0,0,0,0,0,0
MS-JK-007,Ganderbal · JK16,Jammu And Kashmir,North,2022-11,59,103.0,81,52.88,73.4,37.4,19.6,79.4,0.0,3,10,9,0,0,0,0,0,0
MS-JK-007,Ganderbal · JK16,Jammu And Kashmir,North,2022-12,104,80.0,139,52.88,40.0,5.8,5.6,83.7,1.0,18,10,7,0,0,0,0,0,0
MS-JK-007,Ganderbal · JK16,Jammu And Kashmir,North,2023-01,89,107.0,135,52.88,39.7,3.7,5.4,83.4,1.0,6,16,24,0,0,0,0,0,0
MS-JK-007,Ganderbal · JK16,Jammu And Kashmir,North,2023-02,73,89.0,114,52.88,39.2,0.0,1.1,82.0,0.0,6,15,20,0,0,0,0,0,0
MS-JK-007,Ganderbal · JK16,Jammu And Kashmir,North,2023-03,62,92.0,114,52.88,56.2,25.2,6.7,80.8,0.0,10,16,23,0,0,1,1,0,1
MS-JK-007,Ganderbal · JK16,Jammu And Kashmir,North,2023-04,47,88.0,97,52.88,81.6,40.6,18.7,75.7,2.0,11,20,12,0,1,6,0,0,0
MS-JK-007,Ganderbal · JK16,Jammu And Kashmir,North,2023-05,77,85.0,118,52.88,70.8,34.6,13.6,78.5,0.0,9,11,18,0,0,3,0,0,0
MS-JK-007,Ganderbal · JK16,Jammu And Kashmir,North,2023-06,58,70.0,99,52.88,68.6,35.7,13.3,81.2,1.0,12,15,12,0,0,2,0,0,0
MS-JK-007,Ganderbal · JK16,Jammu And Kashmir,North,2023-07,57,69.0,93,52.88,59.5,28.3,9.8,84.7,1.0,11,7,13,0,0,4,0,0,1
MS-JK-007,Ganderbal · JK16,Jammu And Kashmir,North,2023-08,58,57.0,119,52.88,56.7,24.6,10.2,83.4,1.0,15,14,27,0,4,1,0,0,0
MS-JK-007,Ganderbal · JK16,Jammu And Kashmir,North,2023-09,61,49.0,104,52.88,43.1,8.1,2.2,83.4,0.0,9,18,10,0,2,2,2,0,0
MS-JK-007,Ganderbal · JK16,Jammu And Kashmir,North,2023-10,75,82.0,115,52.88,39.7,1.0,3.3,82.9,1.0,5,13,20,1,0,1,0,0,0
MS-JK-007,Ganderbal · JK16,Jammu And Kashmir,North,2023-11,61,97.0,126,52.88,56.6,22.5,5.3,81.3,0.0,9,35,20,0,1,0,0,0,0
MS-JK-007,Ganderbal · JK16,Jammu And Kashmir,North,2023-12,109,75.0,146,52.88,25.1,3.5,2.6,82.9,0.0,14,12,9,0,2,0,0,0,0
MS-JK-007,Ganderbal · JK16,Jammu And Kashmir,North,2024-01,108,101.0,143,52.88,21.1,2.9,3.5,82.7,0.0,11,15,8,0,1,0,0,0,0
MS-JK-007,Ganderbal · JK16,Jammu And Kashmir,North,2024-02,85,83.0,115,52.88,19.1,1.1,0.0,82.8,0.0,5,12,12,0,1,0,0,0,0
MS-JK-007,Ganderbal · JK16,Jammu And Kashmir,North,2024-03,70,86.0,122,52.88,31.9,4.4,0.0,80.8,0.0,12,14,24,0,2,0,0,0,0
MS-JK-007,Ganderbal · JK16,Jammu And Kashmir,North,2024-04,79,91.0,136,52.88,37.6,2.5,3.7,82.0,0.0,14,12,28,1,2,0,0,0,0
MS-JK-007,Ganderbal · JK16,Jammu And Kashmir,North,2024-05,80,87.0,123,52.88,38.4,1.9,7.3,83.9,2.0,7,17,16,1,2,0,0,0,0
MS-JK-013,Samba · JK21,Jammu And Kashmir,North,2021-06,95,,204,52.17,,,,,,27,44,20,7,2,1,1,0,4
MS-JK-013,Samba · JK21,Jammu And Kashmir,North,2021-07,115,,252,52.17,,,,,,42,46,23,4,3,6,2,2,5
MS-JK-013,Samba · JK21,Jammu And Kashmir,North,2021-08,112,,243,52.17,,,,,,38,41,23,3,4,6,1,0,7
MS-JK-013,Samba · JK21,Jammu And Kashmir,North,2021-09,70,,149,52.17,,,,,,18,35,12,0,3,2,1,1,5
MS-JK-013,Samba · JK21,Jammu And Kashmir,North,2021-10,100,,273,52.17,,,,,,47,67,33,2,9,6,0,0,5
MS-JK-013,Samba · JK21,Jammu And Kashmir,North,2021-11,137,,289,52.17,,,,,,35,61,31,6,0,6,0,2,9
MS-JK-013,Samba · JK21,Jammu And Kashmir,North,2021-12,127,,238,52.17,,,,,,36,28,24,3,7,7,1,1,3
MS-JK-013,Samba · JK21,Jammu And Kashmir,North,2022-01,110,,221,52.17,,,,,,28,37,24,4,4,3,3,1,4
MS-JK-013,Samba · JK21,Jammu And Kashmir,North,2022-02,138,,266,52.17,,,,,,27,60,24,3,5,5,0,1,2
MS-JK-013,Samba · JK21,Jammu And Kashmir,North,2022-03,84,,215,52.17,,,,,,46,41,27,3,2,3,0,4,2
MS-JK-013,Samba · JK21,Jammu And Kashmir,North,2022-04,114,130.0,257,52.17,38.8,0.0,2.7,79.6,1.0,37,53,24,5,2,8,1,3,8
MS-JK-013,Samba · JK21,Jammu And Kashmir,North,2022-05,119,125.0,236,52.17,41.2,6.5,7.2,78.9,1.0,30,45,21,3,5,2,2,3,5
MS-JK-013,Samba · JK21,Jammu And Kashmir,North,2022-06,102,104.0,209,52.17,37.9,1.3,7.0,78.3,1.0,37,36,23,1,3,2,1,0,3
MS-JK-013,Samba · JK21,Jammu And Kashmir,North,2022-07,103,101.0,244,52.17,34.0,6.2,1.6,81.3,0.0,28,70,21,3,8,5,1,0,3
MS-JK-013,Samba · JK21,Jammu And Kashmir,North,2022-08,102,85.0,238,52.17,27.4,4.1,0.6,79.1,0.0,43,58,21,5,5,3,0,0,1
MS-JK-013,Samba · JK21,Jammu And Kashmir,North,2022-09,111,73.0,235,52.17,12.7,3.4,3.1,78.7,0.0,34,47,26,2,5,1,1,4,3
MS-JK-013,Samba · JK21,Jammu And Kashmir,North,2022-10,114,121.0,233,52.17,22.3,2.6,3.8,80.8,1.0,38,45,23,5,2,2,1,1,2
MS-JK-013,Samba · JK21,Jammu And Kashmir,North,2022-11,92,143.0,168,52.17,44.0,9.6,2.5,82.8,0.0,20,29,14,6,2,2,0,1,2
MS-JK-013,Samba · JK21,Jammu And Kashmir,North,2022-12,124,110.0,272,52.17,34.0,5.4,0.5,83.9,2.0,53,52,28,2,4,2,2,1,3
MS-JK-013,Samba · JK21,Jammu And Kashmir,North,2023-01,100,149.0,229,52.17,55.3,25.1,10.4,83.9,1.0,37,53,24,7,2,3,0,1,2
MS-JK-013,Samba · JK21,Jammu And Kashmir,North,2023-02,111,123.0,220,52.17,49.4,19.2,4.7,81.2,7.0,21,45,29,5,1,1,1,4,1
MS-JK-013,Samba · JK21,Jammu And Kashmir,North,2023-03,136,127.0,339,52.17,42.2,7.2,5.1,81.5,1.0,41,94,50,4,6,1,0,2,2
MS-JK-013,Samba · JK21,Jammu And Kashmir,North,2023-04,86,139.0,190,52.17,59.5,26.8,9.9,78.5,0.0,23,36,33,0,3,3,1,1,3
MS-JK-013,Samba · JK21,Jammu And Kashmir,North,2023-05,87,133.0,252,52.17,68.4,33.3,12.0,73.4,1.0,38,62,50,2,5,1,0,4,2
MS-JK-013,Samba · JK21,Jammu And Kashmir,North,2023-06,85,111.0,227,52.17,69.0,32.9,14.4,76.2,0.0,45,49,36,4,4,1,0,0,2
MS-JK-013,Samba · JK21,Jammu And Kashmir,North,2023-07,82,108.0,192,52.17,66.0,31.5,13.5,75.4,1.0,25,40,31,2,5,1,1,1,3
MS-JK-013,Samba · JK21,Jammu And Kashmir,North,2023-08,85,91.0,221,52.17,55.2,23.2,8.8,75.4,0.0,31,47,43,4,3,1,0,4,3
MS-JK-013,Samba · JK21,Jammu And Kashmir,North,2023-09,98,78.0,219,52.17,33.8,2.4,2.7,79.1,6.0,33,45,29,5,3,5,0,0,1
MS-JK-013,Samba · JK21,Jammu And Kashmir,North,2023-10,135,129.0,269,52.17,27.2,1.0,0.4,78.0,2.0,28,42,36,9,8,3,1,3,3
MS-JK-013,Samba · JK21,Jammu And Kashmir,North,2023-11,156,153.0,312,52.17,23.2,3.6,0.1,78.2,3.0,48,54,41,4,3,3,1,1,1
MS-JK-013,Samba · JK21,Jammu And Kashmir,North,2023-12,97,118.0,199,52.17,31.1,2.3,0.8,79.3,0.0,20,41,29,5,2,3,1,1,0
MS-JK-013,Samba · JK21,Jammu And Kashmir,North,2024-01,89,159.0,213,52.17,55.3,22.0,9.9,79.8,0.0,22,52,38,2,5,3,0,1,1
MS-JK-013,Samba · JK21,Jammu And Kashmir,North,2024-02,125,131.0,285,52.17,50.9,18.9,14.8,78.8,2.0,22,60,64,2,5,2,0,2,3
MS-JK-013,Samba · JK21,Jammu And Kashmir,North,2024-03,90,136.0,232,52.17,64.5,31.9,25.9,77.0,2.0,31,47,48,1,7,2,0,3,2
MS-JK-013,Samba · JK21,Jammu And Kashmir,North,2024-04,100,127.0,251,52.17,57.0,23.1,20.1,77.3,3.0,39,54,37,6,3,5,0,3,3
MS-JK-013,Samba · JK21,Jammu And Kashmir,North,2024-05,50,122.0,135,52.17,93.4,45.8,43.2,76.0,0.0,15,33,22,6,4,0,0,3,1
MS-JK-019,Kathua · JK8,Jammu And Kashmir,North,2021-06,127,,250,50.17,,,,,,45,36,20,12,1,1,1,0,5
MS-JK-019,Kathua · JK8,Jammu And Kashmir,North,2021-07,140,,321,50.17,,,,,,52,62,45,5,5,3,0,2,5
MS-JK-019,Kathua · JK8,Jammu And Kashmir,North,2021-08,169,,316,50.17,,,,,,39,55,30,6,7,2,4,0,2
MS-JK-019,Kathua · JK8,Jammu And Kashmir,North,2021-09,74,,183,50.17,,,,,,29,38,28,1,2,1,0,0,6
MS-JK-019,Kathua · JK8,Jammu And Kashmir,North,2021-10,188,,360,50.17,,,,,,50,72,30,6,1,3,1,1,5
MS-JK-019,Kathua · JK8,Jammu And Kashmir,North,2021-11,139,,294,50.17,,,,,,46,51,37,8,1,2,0,0,5
MS-JK-019,Kathua · JK8,Jammu And Kashmir,North,2021-12,154,,318,50.17,,,,,,38,58,52,0,4,2,0,4,5
MS-JK-019,Kathua · JK8,Jammu And Kashmir,North,2022-01,114,,246,50.17,,,,,,37,56,27,2,3,1,0,1,4
MS-JK-019,Kathua · JK8,Jammu And Kashmir,North,2022-02,136,,274,50.17,,,,,,48,45,26,9,2,2,1,1,2
MS-JK-019,Kathua · JK8,Jammu And Kashmir,North,2022-03,117,,234,50.17,,,,,,32,40,29,6,1,2,0,2,5
MS-JK-019,Kathua · JK8,Jammu And Kashmir,North,2022-04,136,166.0,258,50.17,51.7,18.5,9.5,84.8,0.0,35,58,18,4,0,2,0,2,2
MS-JK-019,Kathua · JK8,Jammu And Kashmir,North,2022-05,158,159.0,349,50.17,44.3,10.6,7.9,85.2,0.0,56,65,41,12,3,1,2,3,7
MS-JK-019,Kathua · JK8,Jammu And Kashmir,North,2022-06,130,132.0,292,50.17,39.9,5.6,8.6,85.0,4.0,33,68,42,5,0,2,2,2,5
MS-JK-019,Kathua · JK8,Jammu And Kashmir,North,2022-07,120,129.0,306,50.17,35.9,0.7,5.6,84.8,3.0,48,67,54,6,3,1,0,1,6
MS-JK-019,Kathua · JK8,Jammu And Kashmir,North,2022-08,107,108.0,306,50.17,35.7,3.6,7.5,84.4,1.0,47,79,48,6,8,2,2,2,3
MS-JK-019,Kathua · JK8,Jammu And Kashmir,North,2022-09,121,93.0,281,50.17,23.4,3.6,3.9,85.2,2.0,52,44,42,7,3,4,2,3,3
MS-JK-019,Kathua · JK8,Jammu And Kashmir,North,2022-10,161,154.0,299,50.17,29.7,3.0,5.8,85.8,3.0,37,59,29,5,4,1,2,0,0
MS-JK-019,Kathua · JK8,Jammu And Kashmir,North,2022-11,128,182.0,270,50.17,45.4,11.6,5.1,84.7,0.0,27,53,56,4,0,0,0,0,1
MS-JK-019,Kathua · JK8,Jammu And Kashmir,North,2022-12,159,140.0,312,50.17,31.6,3.1,6.8,84.8,0.0,45,51,44,6,1,0,1,2,3
MS-JK-019,Kathua · JK8,Jammu And Kashmir,North,2023-01,165,190.0,310,50.17,39.2,0.0,8.5,85.8,2.0,47,39,45,6,3,1,1,0,2
MS-JK-019,Kathua · JK8,Jammu And Kashmir,North,2023-02,130,156.0,291,50.17,41.6,5.6,5.8,85.8,1.0,37,66,43,5,3,1,0,2,2
MS-JK-019,Kathua · JK8,Jammu And Kashmir,North,2023-03,183,162.0,386,50.17,33.3,2.7,5.8,84.5,3.0,46,77,64,5,3,2,0,1,4
MS-JK-019,Kathua · JK8,Jammu And Kashmir,North,2023-04,109,178.0,247,50.17,50.8,19.0,10.8,83.7,0.0,34,51,46,0,1,3,0,2,1
MS-JK-019,Kathua · JK8,Jammu And Kashmir,North,2023-05,119,171.0,291,50.17,58.2,26.4,15.6,84.7,0.0,48,56,53,3,2,1,0,3,4
MS-JK-019,Kathua · JK8,Jammu And Kashmir,North,2023-06,109,142.0,270,50.17,66.1,31.9,18.7,83.4,0.0,38,48,59,2,3,2,2,2,3
MS-JK-019,Kathua · JK8,Jammu And Kashmir,North,2023-07,110,138.0,290,50.17,60.9,28.0,11.8,85.4,2.0,31,53,82,1,3,2,1,4,1
MS-JK-019,Kathua · JK8,Jammu And Kashmir,North,2023-08,106,116.0,264,50.17,52.6,20.5,6.8,87.3,0.0,45,32,73,2,1,0,1,3,1
MS-JK-019,Kathua · JK8,Jammu And Kashmir,North,2023-09,116,100.0,285,50.17,35.7,2.9,3.9,85.7,2.0,41,42,74,2,3,1,0,1,2
MS-JK-019,Kathua · JK8,Jammu And Kashmir,North,2023-10,150,165.0,322,50.17,34.1,2.5,1.0,84.9,1.0,61,56,38,6,6,1,0,2,2
MS-JK-019,Kathua · JK8,Jammu And Kashmir,North,2023-11,196,196.0,397,50.17,30.5,4.4,5.3,85.6,1.0,62,83,41,5,4,2,0,2,2
MS-JK-019,Kathua · JK8,Jammu And Kashmir,North,2023-12,134,151.0,294,50.17,28.7,2.2,5.7,84.6,0.0,43,59,48,4,1,2,0,2,1
MS-JK-019,Kathua · JK8,Jammu And Kashmir,North,2024-01,167,203.0,302,50.17,36.8,0.1,6.1,83.8,1.0,44,44,37,4,2,1,0,2,1
MS-JK-019,Kathua · JK8,Jammu And Kashmir,North,2024-02,143,168.0,299,50.17,44.4,7.2,5.4,85.8,2.0,50,58,37,5,5,0,0,0,0
MS-JK-019,Kathua · JK8,Jammu And Kashmir,North,2024-03,111,174.0,279,50.17,53.0,22.0,11.9,85.5,1.0,25,69,59,5,3,4,0,1,2
MS-JK-019,Kathua · JK8,Jammu And Kashmir,North,2024-04,166,164.0,344,50.17,42.6,7.7,8.6,84.4,2.0,54,62,50,7,1,2,0,0,1
MS-JK-019,Kathua · JK8,Jammu And Kashmir,North,2024-05,75,158.0,199,50.17,67.2,31.5,17.0,83.2,1.0,27,40,50,3,1,1,0,2,0
MS-KA-005,Hassan · KA13,Karnataka,South,2021-06,42,,118,29.42,,,,,,15,28,6,8,10,0,1,0,4
MS-KA-005,Hassan · KA13,Karnataka,South,2021-07,127,,387,29.42,,,,,,46,72,51,33,22,6,1,3,22
MS-KA-005,Hassan · KA13,Karnataka,South,2021-08,102,,357,29.42,,,,,,59,64,42,38,18,1,5,2,15
MS-KA-005,Hassan · KA13,Karnataka,South,2021-09,114,,412,29.42,,,,,,54,73,56,47,30,5,6,5,15
MS-KA-005,Hassan · KA13,Karnataka,South,2021-10,65,,307,29.42,,,,,,42,75,41,13,21,5,4,4,28
MS-KA-005,Hassan · KA13,Karnataka,South,2021-11,96,,344,29.42,,,,,,40,68,41,34,33,5,4,1,19
MS-KA-005,Hassan · KA13,Karnataka,South,2021-12,68,,278,29.42,,,,,,32,57,49,23,16,6,3,5,16
MS-KA-005,Hassan · KA13,Karnataka,South,2022-01,83,,341,29.42,,,,,,32,70,52,21,36,2,3,6,34
MS-KA-005,Hassan · KA13,Karnataka,South,2022-02,77,,292,29.42,,,,,,41,69,49,11,19,1,3,5,13
MS-KA-005,Hassan · KA13,Karnataka,South,2022-03,91,,348,29.42,,,,,,37,90,58,29,16,1,7,4,11
MS-KA-005,Hassan · KA13,Karnataka,South,2022-04,145,76.0,521,29.42,0.2,6.3,2.0,91.8,1.0,54,99,82,57,38,1,10,8,20
MS-KA-005,Hassan · KA13,Karnataka,South,2022-05,90,88.0,351,29.42,7.7,2.1,3.5,90.5,1.0,45,69,54,29,28,3,7,4,19
MS-KA-005,Hassan · KA13,Karnataka,South,2022-06,107,82.0,366,29.42,2.5,2.1,4.3,90.8,1.0,34,80,59,29,31,2,7,7,5
MS-KA-005,Hassan · KA13,Karnataka,South,2022-07,63,80.0,318,29.42,16.6,2.1,3.3,91.3,0.0,24,117,49,22,23,1,0,4,13
MS-KA-005,Hassan · KA13,Karnataka,South,2022-08,130,75.0,464,29.42,0.3,5.1,4.2,92.7,0.0,49,104,68,52,34,3,6,1,14
MS-KA-005,Hassan · KA13,Karnataka,South,2022-09,142,77.0,448,29.42,0.0,2.9,6.2,93.4,1.0,55,89,85,35,20,3,1,1,12
MS-KA-005,Hassan · KA13,Karnataka,South,2022-10,117,93.0,449,29.42,0.2,6.6,6.1,92.5,0.0,46,107,94,33,25,3,2,3,16
MS-KA-005,Hassan · KA13,Karnataka,South,2022-11,108,88.0,361,29.42,2.1,3.0,6.6,93.5,0.0,50,73,64,33,13,4,1,4,8
MS-KA-005,Hassan · KA13,Karnataka,South,2022-12,98,65.0,315,29.42,0.0,2.7,5.4,93.4,1.0,41,57,43,35,9,4,4,7,14
MS-KA-005,Hassan · KA13,Karnataka,South,2023-01,141,135.0,425,29.42,10.3,2.0,9.9,93.3,1.0,31,103,79,24,14,4,5,4,17
MS-KA-005,Hassan · KA13,Karnataka,South,2023-02,104,85.0,385,29.42,9.8,2.3,7.3,93.4,0.0,32,97,69,35,21,2,3,7,11
MS-KA-005,Hassan · KA13,Karnataka,South,2023-03,148,105.0,446,29.42,1.9,0.0,7.3,91.0,0.0,57,99,75,28,20,1,2,3,11
MS-KA-005,Hassan · KA13,Karnataka,South,2023-04,101,113.0,437,29.42,13.2,1.8,6.2,91.4,0.0,64,105,79,34,29,0,1,6,14
MS-KA-005,Hassan · KA13,Karnataka,South,2023-05,132,131.0,393,29.42,19.4,2.3,4.2,92.3,1.0,43,92,50,23,34,3,1,2,8
MS-KA-005,Hassan · KA13,Karnataka,South,2023-06,154,123.0,470,29.42,14.6,6.0,4.2,90.2,0.0,36,110,77,26,42,5,2,4,12
MS-KA-005,Hassan · KA13,Karnataka,South,2023-07,133,120.0,472,29.42,15.3,3.1,6.5,90.5,2.0,41,148,77,23,28,5,8,2,6
MS-KA-005,Hassan · KA13,Karnataka,South,2023-08,168,112.0,526,29.42,6.1,3.5,7.4,91.4,1.0,54,111,86,42,35,5,2,12,10
MS-KA-005,Hassan · KA13,Karnataka,South,2023-09,187,115.0,524,29.42,0.0,2.1,5.2,91.2,0.0,45,118,92,21,35,5,0,4,13
MS-KA-005,Hassan · KA13,Karnataka,South,2023-10,182,138.0,513,29.42,0.2,2.5,4.9,91.4,2.0,48,108,87,28,31,1,4,10,10
MS-KA-005,Hassan · KA13,Karnataka,South,2023-11,157,130.0,501,29.42,0.7,5.5,6.0,89.9,1.0,58,141,61,23,39,3,3,4,8
MS-KA-005,Hassan · KA13,Karnataka,South,2023-12,101,96.0,431,29.42,5.3,3.7,8.3,89.3,1.0,46,127,79,33,23,7,6,1,8
MS-KA-005,Hassan · KA13,Karnataka,South,2024-01,241,201.0,565,29.42,8.4,0.0,3.8,89.2,0.0,60,125,63,10,44,4,1,4,11
MS-KA-005,Hassan · KA13,Karnataka,South,2024-02,177,126.0,477,29.42,0.7,4.0,3.8,88.8,1.0,40,110,66,29,34,1,4,1,11
MS-KA-005,Hassan · KA13,Karnataka,South,2024-03,192,156.0,596,29.42,3.3,6.2,5.9,90.0,3.0,40,175,67,34,49,8,5,7,15
MS-KA-005,Hassan · KA13,Karnataka,South,2024-04,167,147.0,471,29.42,5.5,0.5,3.6,91.8,1.0,59,116,49,33,26,1,4,4,11
MS-KA-005,Hassan · KA13,Karnataka,South,2024-05,162,171.0,454,29.42,15.5,3.6,5.6,90.8,2.0,43,114,64,29,25,4,5,0,7
MS-KA-011,Mangalore · KA19,Karnataka,South,2021-06,72,,178,32.85,,,,,,23,25,12,18,6,7,1,1,11
MS-KA-011,Mangalore · KA19,Karnataka,South,2021-07,275,,743,32.85,,,,,,110,104,76,63,23,9,11,5,41
MS-KA-011,Mangalore · KA19,Karnataka,South,2021-08,348,,970,32.85,,,,,,169,110,90,86,47,19,9,25,44
MS-KA-011,Mangalore · KA19,Karnataka,South,2021-09,373,,873,32.85,,,,,,148,100,53,56,38,11,8,15,53
MS-KA-011,Mangalore · KA19,Karnataka,South,2021-10,272,,729,32.85,,,,,,101,106,79,30,42,7,8,12,57
MS-KA-011,Mangalore · KA19,Karnataka,South,2021-11,337,,940,32.85,,,,,,175,107,83,68,54,25,4,22,54
MS-KA-011,Mangalore · KA19,Karnataka,South,2021-12,165,,539,32.85,,,,,,86,85,59,37,32,11,6,13,38
MS-KA-011,Mangalore · KA19,Karnataka,South,2022-01,521,,1188,32.85,,,,,,141,145,100,44,70,26,7,40,80
MS-KA-011,Mangalore · KA19,Karnataka,South,2022-02,304,,820,32.85,,,,,,134,112,60,50,52,17,12,25,47
MS-KA-011,Mangalore · KA19,Karnataka,South,2022-03,330,,889,32.85,,,,,,141,116,111,52,49,10,13,22,41
MS-KA-011,Mangalore · KA19,Karnataka,South,2022-04,368,271.0,1025,32.85,18.7,2.8,0.0,81.4,4.0,134,139,99,83,61,17,8,32,70
MS-KA-011,Mangalore · KA19,Karnataka,South,2022-05,351,315.0,917,32.85,20.3,2.4,0.0,82.1,3.0,118,129,92,60,65,13,8,22,47
MS-KA-011,Mangalore · KA19,Karnataka,South,2022-06,317,294.0,922,32.85,18.0,4.1,0.0,80.4,2.0,132,142,117,43,56,8,11,32,40
MS-KA-011,Mangalore · KA19,Karnataka,South,2022-07,232,287.0,770,32.85,30.3,3.3,0.0,80.3,3.0,120,118,95,59,54,13,9,19,43
MS-KA-011,Mangalore · KA19,Karnataka,South,2022-08,325,269.0,894,32.85,25.3,1.6,0.0,80.6,4.0,133,138,112,51,37,15,15,13,47
MS-KA-011,Mangalore · KA19,Karnataka,South,2022-09,329,275.0,978,32.85,21.1,0.3,0.0,80.9,3.0,117,149,120,80,57,21,12,23,58
MS-KA-011,Mangalore · KA19,Karnataka,South,2022-10,365,331.0,971,32.85,16.0,1.5,1.6,81.0,4.0,114,146,133,62,55,15,15,19,42
MS-KA-011,Mangalore · KA19,Karnataka,South,2022-11,362,313.0,905,32.85,15.1,0.1,3.6,79.4,3.0,136,118,107,56,40,14,9,19,35
MS-KA-011,Mangalore · KA19,Karnataka,South,2022-12,356,231.0,828,32.85,7.2,2.4,2.3,80.4,3.0,119,104,78,40,33,14,9,23,41
MS-KA-011,Mangalore · KA19,Karnataka,South,2023-01,440,484.0,1051,32.85,17.1,2.5,1.6,81.5,2.0,145,180,99,47,40,21,6,24,40
MS-KA-011,Mangalore · KA19,Karnataka,South,2023-02,301,303.0,857,32.85,22.0,4.0,0.0,84.4,2.0,116,138,92,68,56,15,8,19,37
MS-KA-011,Mangalore · KA19,Karnataka,South,2023-03,384,375.0,1085,32.85,22.2,2.3,0.0,84.0,5.0,140,191,109,83,74,14,14,25,43
MS-KA-011,Mangalore · KA19,Karnataka,South,2023-04,359,335.0,865,32.85,24.4,4.4,0.0,83.3,5.0,113,131,74,53,52,11,11,25,27
MS-KA-011,Mangalore · KA19,Karnataka,South,2023-05,319,389.0,880,32.85,29.9,2.6,0.0,83.3,3.0,127,182,67,50,66,8,7,19,26
MS-KA-011,Mangalore · KA19,Karnataka,South,2023-06,407,363.0,1033,32.85,22.8,3.9,0.0,84.1,4.0,108,230,66,71,70,10,14,25,28
MS-KA-011,Mangalore · KA19,Karnataka,South,2023-07,375,354.0,905,32.85,24.5,4.0,0.0,83.8,4.0,124,151,76,44,61,6,18,13,29
MS-KA-011,Mangalore · KA19,Karnataka,South,2023-08,427,332.0,1081,32.85,17.6,4.3,0.0,82.1,5.0,149,228,75,57,71,8,14,21,29
MS-KA-011,Mangalore · KA19,Karnataka,South,2023-09,390,340.0,1042,32.85,14.6,3.1,0.0,82.9,5.0,157,189,94,68,55,29,12,16,20
MS-KA-011,Mangalore · KA19,Karnataka,South,2023-10,399,409.0,1088,32.85,20.3,4.2,0.0,82.2,2.0,148,240,107,56,56,22,8,20,26
MS-KA-011,Mangalore · KA19,Karnataka,South,2023-11,351,386.0,924,32.85,28.9,1.9,1.6,84.2,1.0,143,168,78,47,47,24,17,15,25
MS-KA-011,Mangalore · KA19,Karnataka,South,2023-12,365,284.0,932,32.85,20.4,2.3,0.7,84.4,4.0,118,144,90,52,64,28,16,21,18
MS-KA-011,Mangalore · KA19,Karnataka,South,2024-01,554,597.0,1242,32.85,32.9,4.6,0.0,81.4,7.0,183,180,94,59,66,29,26,22,23
MS-KA-011,Mangalore · KA19,Karnataka,South,2024-02,379,374.0,955,32.85,28.1,2.5,1.1,82.4,2.0,119,148,94,68,67,19,14,19,18
MS-KA-011,Mangalore · KA19,Karnataka,South,2024-03,431,462.0,1103,32.85,28.2,5.9,0.0,84.8,3.0,188,166,77,75,63,24,30,22,22
MS-KA-011,Mangalore · KA19,Karnataka,South,2024-04,388,364.0,952,32.85,29.0,3.5,0.0,84.5,1.0,135,163,78,62,47,15,14,22,21
MS-KA-011,Mangalore · KA19,Karnataka,South,2024-05,363,422.0,996,32.85,32.1,2.2,0.0,84.6,2.0,136,210,102,61,64,12,11,15,18
MS-KA-017,Bailhongal · KA24,Karnataka,South,2021-06,11,,32,44.95,,,,,,8,7,1,0,0,1,0,1,2
MS-KA-017,Bailhongal · KA24,Karnataka,South,2021-07,34,,71,44.95,,,,,,13,8,8,2,1,0,0,0,4
MS-KA-017,Bailhongal · KA24,Karnataka,South,2021-08,12,,31,44.95,,,,,,2,3,7,1,2,0,0,0,2
MS-KA-017,Bailhongal · KA24,Karnataka,South,2021-09,33,,75,44.95,,,,,,12,13,4,3,1,1,0,2,4
MS-KA-017,Bailhongal · KA24,Karnataka,South,2021-10,26,,52,44.95,,,,,,5,5,7,2,0,1,0,1,3
MS-KA-017,Bailhongal · KA24,Karnataka,South,2021-11,20,,45,44.95,,,,,,5,7,7,2,1,0,0,0,2
MS-KA-017,Bailhongal · KA24,Karnataka,South,2021-12,20,,45,44.95,,,,,,2,13,5,2,2,0,0,0,1
MS-KA-017,Bailhongal · KA24,Karnataka,South,2022-01,14,,27,44.95,,,,,,3,3,4,0,0,0,0,0,2
MS-KA-017,Bailhongal · KA24,Karnataka,South,2022-02,21,,46,44.95,,,,,,3,11,6,0,0,0,0,0,3
MS-KA-017,Bailhongal · KA24,Karnataka,South,2022-03,14,,29,44.95,,,,,,4,3,6,1,0,0,0,0,1
MS-KA-017,Bailhongal · KA24,Karnataka,South,2022-04,41,18.0,74,44.95,0.0,4.5,4.4,84.0,1.0,9,9,8,0,1,1,0,1,4
MS-KA-017,Bailhongal · KA24,Karnataka,South,2022-05,24,21.0,51,44.95,5.4,2.6,5.0,81.9,0.0,7,6,8,1,1,0,1,0,3
MS-KA-017,Bailhongal · KA24,Karnataka,South,2022-06,15,20.0,37,44.95,16.8,2.3,4.1,83.4,0.0,1,11,7,2,0,0,0,0,1
MS-KA-017,Bailhongal · KA24,Karnataka,South,2022-07,12,19.0,34,44.95,40.7,1.7,9.9,82.0,0.0,4,4,7,4,1,0,0,0,2
MS-KA-017,Bailhongal · KA24,Karnataka,South,2022-08,23,18.0,92,44.95,30.5,3.1,4.9,83.7,0.0,1,49,7,3,2,0,0,1,5
MS-KA-017,Bailhongal · KA24,Karnataka,South,2022-09,14,19.0,44,44.95,42.9,11.2,9.3,85.7,0.0,2,16,8,3,0,0,0,0,1
MS-KA-017,Bailhongal · KA24,Karnataka,South,2022-10,42,22.0,91,44.95,0.4,1.3,4.3,86.2,0.0,4,23,11,3,1,0,0,0,5
MS-KA-017,Bailhongal · KA24,Karnataka,South,2022-11,17,21.0,48,44.95,15.8,1.9,6.0,84.5,0.0,2,12,6,4,3,0,0,0,4
MS-KA-017,Bailhongal · KA24,Karnataka,South,2022-12,20,16.0,32,44.95,11.4,3.3,3.1,83.1,0.0,4,3,2,2,1,0,0,0,0
MS-KA-017,Bailhongal · KA24,Karnataka,South,2023-01,19,33.0,41,44.95,55.9,19.6,8.1,84.5,0.0,3,7,2,1,1,0,0,1,6
MS-KA-017,Bailhongal · KA24,Karnataka,South,2023-02,15,21.0,38,44.95,58.0,26.1,15.2,83.3,0.0,4,8,2,3,2,0,0,0,4
MS-KA-017,Bailhongal · KA24,Karnataka,South,2023-03,30,25.0,61,44.95,33.6,3.7,7.0,83.5,0.0,5,7,11,1,4,0,0,1,2
MS-KA-017,Bailhongal · KA24,Karnataka,South,2023-04,8,22.0,31,44.95,63.8,30.2,15.1,84.8,0.0,7,7,2,4,1,0,0,0,2
MS-KA-017,Bailhongal · KA24,Karnataka,South,2023-05,12,26.0,34,44.95,85.1,44.6,22.2,83.5,0.0,3,12,4,0,3,0,0,0,0
MS-KA-017,Bailhongal · KA24,Karnataka,South,2023-06,14,24.0,33,44.95,120.3,50.7,31.2,82.7,1.0,1,11,0,1,3,0,0,0,2
MS-KA-017,Bailhongal · KA24,Karnataka,South,2023-07,13,23.0,34,44.95,84.7,41.5,23.9,83.4,1.0,1,11,6,0,2,0,0,0,1
MS-KA-017,Bailhongal · KA24,Karnataka,South,2023-08,29,22.0,55,44.95,32.0,2.3,8.4,86.7,1.0,5,11,9,0,1,0,0,0,0
MS-KA-017,Bailhongal · KA24,Karnataka,South,2023-09,22,22.0,47,44.95,27.3,4.8,6.6,87.3,0.0,5,11,2,4,2,0,0,0,1
MS-KA-017,Bailhongal · KA24,Karnataka,South,2023-10,31,27.0,58,44.95,21.1,3.0,4.4,85.8,1.0,3,14,1,2,3,0,0,2,1
MS-KA-017,Bailhongal · KA24,Karnataka,South,2023-11,36,25.0,81,44.95,13.1,4.3,3.1,83.6,0.0,9,18,5,5,3,0,1,0,2
MS-KA-017,Bailhongal · KA24,Karnataka,South,2023-12,17,19.0,33,44.95,17.6,1.8,3.9,86.6,0.0,1,7,1,1,3,1,0,2,0
MS-KA-017,Bailhongal · KA24,Karnataka,South,2024-01,30,39.0,55,44.95,36.6,2.6,6.1,86.3,0.0,7,6,4,2,2,0,0,2,1
MS-KA-017,Bailhongal · KA24,Karnataka,South,2024-02,14,25.0,51,44.95,63.5,30.3,26.6,82.6,0.0,10,14,6,3,3,0,1,0,0
MS-KA-017,Bailhongal · KA24,Karnataka,South,2024-03,16,30.0,46,44.95,81.0,44.7,39.8,81.5,0.0,9,15,1,3,2,0,0,0,0
MS-KA-017,Bailhongal · KA24,Karnataka,South,2024-04,27,18.0,64,44.95,52.2,21.9,27.9,85.3,0.0,8,12,4,2,7,0,0,3,1
MS-KA-017,Bailhongal · KA24,Karnataka,South,2024-05,26,21.0,51,44.95,32.0,1.9,30.1,85.7,0.0,4,10,4,1,2,1,0,2,1
MS-KA-023,Bengaluru East · KA3,Karnataka,South,2021-06,149,,782,32.66,,,,,,72,183,49,147,33,24,39,20,33
MS-KA-023,Bengaluru East · KA3,Karnataka,South,2021-07,736,,2285,32.66,,,,,,328,0,195,301,181,48,91,140,90
MS-KA-023,Bengaluru East · KA3,Karnataka,South,2021-08,643,,2780,32.66,,,,,,431,445,202,313,173,57,101,145,86
MS-KA-023,Bengaluru East · KA3,Karnataka,South,2021-09,574,,2216,32.66,,,,,,357,370,135,187,121,64,68,116,90
MS-KA-023,Bengaluru East · KA3,Karnataka,South,2021-10,420,,1948,32.66,,,,,,271,346,110,208,141,61,47,122,103
MS-KA-023,Bengaluru East · KA3,Karnataka,South,2021-11,437,,1950,32.66,,,,,,231,400,146,175,115,41,39,181,97
MS-KA-023,Bengaluru East · KA3,Karnataka,South,2021-12,469,,2316,32.66,,,,,,266,408,209,201,175,72,56,217,115
MS-KA-023,Bengaluru East · KA3,Karnataka,South,2022-01,697,,2499,32.66,,,,,,241,482,233,154,208,27,85,195,59
MS-KA-023,Bengaluru East · KA3,Karnataka,South,2022-02,495,,1993,32.66,,,,,,206,401,166,148,127,49,63,169,52
MS-KA-023,Bengaluru East · KA3,Karnataka,South,2022-03,574,,2590,32.66,,,,,,286,409,215,321,175,56,70,247,82
MS-KA-023,Bengaluru East · KA3,Karnataka,South,2022-04,598,466.0,2744,32.66,24.5,5.4,0.0,85.0,9.0,246,533,251,277,234,57,41,294,74
MS-KA-023,Bengaluru East · KA3,Karnataka,South,2022-05,620,541.0,2611,32.66,17.5,4.1,0.0,87.3,3.0,264,446,229,257,225,59,44,254,71
MS-KA-023,Bengaluru East · KA3,Karnataka,South,2022-06,758,505.0,3162,32.66,7.3,1.7,0.2,86.7,7.0,294,663,234,331,249,67,78,270,76
MS-KA-023,Bengaluru East · KA3,Karnataka,South,2022-07,656,493.0,2780,32.66,6.5,2.3,0.0,83.9,5.0,328,608,258,283,167,36,46,211,84
MS-KA-023,Bengaluru East · KA3,Karnataka,South,2022-08,696,462.0,3403,32.66,0.7,2.7,0.0,86.6,4.0,355,620,332,363,390,51,81,302,69
MS-KA-023,Bengaluru East · KA3,Karnataka,South,2022-09,742,473.0,3283,32.66,0.0,3.4,0.0,86.2,6.0,288,760,308,367,219,72,75,241,95
MS-KA-023,Bengaluru East · KA3,Karnataka,South,2022-10,760,569.0,3150,32.66,3.3,6.3,0.5,85.1,3.0,275,731,272,319,204,65,65,280,86
MS-KA-023,Bengaluru East · KA3,Karnataka,South,2022-11,668,537.0,2835,32.66,5.5,3.5,0.6,85.2,4.0,335,553,289,328,172,69,83,204,76
MS-KA-023,Bengaluru East · KA3,Karnataka,South,2022-12,707,396.0,3143,32.66,0.0,0.5,2.6,85.0,4.0,305,666,336,347,179,54,90,304,76
MS-KA-023,Bengaluru East · KA3,Karnataka,South,2023-01,883,830.0,2996,32.66,11.8,2.6,0.8,86.3,5.0,235,590,356,290,157,40,76,241,83
MS-KA-023,Bengaluru East · KA3,Karnataka,South,2023-02,598,520.0,2556,32.66,13.8,4.5,0.0,87.4,7.0,238,502,269,334,199,34,80,213,31
MS-KA-023,Bengaluru East · KA3,Karnataka,South,2023-03,855,643.0,3757,32.66,9.5,0.2,0.0,85.7,7.0,336,973,362,335,322,46,117,282,46
MS-KA-023,Bengaluru East · KA3,Karnataka,South,2023-04,686,692.0,2965,32.66,19.3,3.2,0.0,84.4,6.0,277,735,288,337,249,41,88,177,41
MS-KA-023,Bengaluru East · KA3,Karnataka,South,2023-05,652,804.0,2736,32.66,29.1,4.5,0.0,87.0,6.0,293,639,285,239,237,42,67,171,53
MS-KA-023,Bengaluru East · KA3,Karnataka,South,2023-06,766,751.0,3016,32.66,33.1,3.1,2.3,86.8,7.0,277,669,285,303,281,30,90,178,71
MS-KA-023,Bengaluru East · KA3,Karnataka,South,2023-07,786,733.0,3212,32.66,27.9,3.8,0.9,85.7,7.0,297,696,343,256,334,36,101,237,54
MS-KA-023,Bengaluru East · KA3,Karnataka,South,2023-08,828,686.0,3296,32.66,23.4,2.6,2.0,88.5,6.0,349,725,283,355,296,41,80,215,69
MS-KA-023,Bengaluru East · KA3,Karnataka,South,2023-09,651,703.0,2610,32.66,25.2,0.0,2.8,88.7,6.0,277,457,269,296,242,68,84,168,41
MS-KA-023,Bengaluru East · KA3,Karnataka,South,2023-10,693,845.0,2915,32.66,35.9,1.6,2.7,87.9,2.0,269,628,343,327,264,61,77,167,38
MS-KA-023,Bengaluru East · KA3,Karnataka,South,2023-11,673,798.0,3137,32.66,44.2,10.4,5.4,86.3,4.0,316,504,449,274,393,89,100,199,36
MS-KA-023,Bengaluru East · KA3,Karnataka,South,2023-12,588,588.0,2732,32.66,40.0,2.6,7.3,86.9,5.0,318,468,370,239,254,75,100,183,44
MS-KA-023,Bengaluru East · KA3,Karnataka,South,2024-01,924,1234.0,3303,32.66,53.4,21.2,11.1,87.9,12.0,298,734,347,272,304,68,84,176,44
MS-KA-023,Bengaluru East · KA3,Karnataka,South,2024-02,659,774.0,2431,32.66,48.0,16.3,6.3,87.8,6.0,241,423,240,268,248,75,65,120,37
MS-KA-023,Bengaluru East · KA3,Karnataka,South,2024-03,813,956.0,3560,32.66,46.6,13.3,10.0,90.6,8.0,303,756,450,327,423,74,113,159,32
MS-KA-023,Bengaluru East · KA3,Karnataka,South,2024-04,773,666.0,2299,32.66,34.8,4.1,5.6,89.5,8.0,207,314,260,146,215,39,82,133,34
MS-KA-023,Bengaluru East · KA3,Karnataka,South,2024-05,764,774.0,2451,32.66,31.8,2.8,5.2,87.4,9.0,253,416,233,207,216,42,87,140,38
MS-KA-029,Hospet · KA35,Karnataka,South,2021-06,19,,105,31.69,,,,,,8,43,15,1,7,1,1,0,8
MS-KA-029,Hospet · KA35,Karnataka,South,2021-07,51,,285,31.69,,,,,,46,74,58,16,10,3,5,0,14
MS-KA-029,Hospet · KA35,Karnataka,South,2021-08,59,,242,31.69,,,,,,24,66,55,15,5,0,1,1,10
MS-KA-029,Hospet · KA35,Karnataka,South,2021-09,62,,301,31.69,,,,,,34,97,54,21,12,1,0,1,13
MS-KA-029,Hospet · KA35,Karnataka,South,2021-10,54,,234,31.69,,,,,,29,67,42,9,13,0,2,1,9
MS-KA-029,Hospet · KA35,Karnataka,South,2021-11,34,,177,31.69,,,,,,19,54,43,7,5,0,2,0,11
MS-KA-029,Hospet · KA35,Karnataka,South,2021-12,41,,236,31.69,,,,,,29,84,47,15,7,0,0,1,7
MS-KA-029,Hospet · KA35,Karnataka,South,2022-01,56,,266,31.69,,,,,,29,86,47,11,17,0,1,1,18
MS-KA-029,Hospet · KA35,Karnataka,South,2022-02,34,,180,31.69,,,,,,19,55,37,5,19,0,2,0,6
MS-KA-029,Hospet · KA35,Karnataka,South,2022-03,49,,251,31.69,,,,,,17,67,62,23,15,0,5,1,10
MS-KA-029,Hospet · KA35,Karnataka,South,2022-04,74,42.0,324,31.69,6.6,3.3,1.8,89.2,1.0,32,95,84,13,12,0,2,3,8
MS-KA-029,Hospet · KA35,Karnataka,South,2022-05,41,49.0,203,31.69,19.8,2.0,2.0,89.7,0.0,18,54,40,15,15,0,2,3,12
MS-KA-029,Hospet · KA35,Karnataka,South,2022-06,51,45.0,244,31.69,19.2,2.7,4.9,89.5,1.0,18,75,54,9,24,1,2,5,5
MS-KA-029,Hospet · KA35,Karnataka,South,2022-07,44,44.0,215,31.69,24.3,4.5,2.0,91.0,1.0,15,58,61,11,15,0,1,1,9
MS-KA-029,Hospet · KA35,Karnataka,South,2022-08,41,41.0,215,31.69,22.0,4.8,3.0,90.3,1.0,24,54,53,16,13,2,2,2,7
MS-KA-029,Hospet · KA35,Karnataka,South,2022-09,53,42.0,253,31.69,15.7,5.4,0.6,88.3,0.0,19,85,56,11,13,0,2,4,9
MS-KA-029,Hospet · KA35,Karnataka,South,2022-10,54,51.0,306,31.69,21.8,3.9,0.1,88.9,0.0,32,107,60,20,16,1,1,3,10
MS-KA-029,Hospet · KA35,Karnataka,South,2022-11,48,48.0,314,31.69,26.1,2.2,2.1,89.2,0.0,25,114,71,32,11,0,0,0,12
MS-KA-029,Hospet · KA35,Karnataka,South,2022-12,44,36.0,235,31.69,20.0,1.7,0.8,90.2,0.0,19,53,56,25,17,1,0,5,11
MS-KA-029,Hospet · KA35,Karnataka,South,2023-01,57,75.0,268,31.69,44.4,14.5,0.0,92.1,1.0,11,69,84,21,9,1,0,1,9
MS-KA-029,Hospet · KA35,Karnataka,South,2023-02,29,47.0,236,31.69,52.6,20.5,0.0,92.1,1.0,17,62,71,23,17,0,1,3,12
MS-KA-029,Hospet · KA35,Karnataka,South,2023-03,65,58.0,291,31.69,37.6,2.0,0.3,90.1,1.0,28,70,74,23,16,0,1,3,6
MS-KA-029,Hospet · KA35,Karnataka,South,2023-04,46,49.0,246,31.69,37.0,2.7,0.3,88.5,0.0,23,77,59,10,23,0,0,3,4
MS-KA-029,Hospet · KA35,Karnataka,South,2023-05,53,57.0,251,31.69,35.3,3.8,0.0,88.5,0.0,22,58,78,16,14,1,0,0,5
MS-KA-029,Hospet · KA35,Karnataka,South,2023-06,64,53.0,254,31.69,24.3,4.4,0.6,90.3,1.0,21,62,68,12,17,0,3,1,3
MS-KA-029,Hospet · KA35,Karnataka,South,2023-07,52,52.0,260,31.69,28.2,1.1,0.0,89.8,0.0,13,67,87,21,9,0,1,2,4
MS-KA-029,Hospet · KA35,Karnataka,South,2023-08,66,48.0,285,31.69,16.8,3.5,0.0,88.3,0.0,24,66,71,22,13,1,5,0,11
MS-KA-029,Hospet · KA35,Karnataka,South,2023-09,37,49.0,254,31.69,29.1,5.4,0.0,87.8,0.0,18,77,70,19,22,1,1,0,2
MS-KA-029,Hospet · KA35,Karnataka,South,2023-10,47,59.0,248,31.69,43.0,8.7,2.9,87.8,0.0,21,60,65,18,19,0,1,4,10
MS-KA-029,Hospet · KA35,Karnataka,South,2023-11,49,56.0,252,31.69,49.1,17.5,3.4,87.3,0.0,27,79,55,12,19,0,3,1,4
MS-KA-029,Hospet · KA35,Karnataka,South,2023-12,36,41.0,190,31.69,44.8,13.7,0.4,87.8,0.0,27,45,50,8,14,0,0,2,5
MS-KA-029,Hospet · KA35,Karnataka,South,2024-01,52,87.0,238,31.69,68.0,32.5,8.5,86.2,0.0,21,49,76,4,23,0,2,2,4
MS-KA-029,Hospet · KA35,Karnataka,South,2024-02,62,54.0,238,31.69,45.5,13.1,5.6,90.5,0.0,37,57,50,14,9,0,1,0,2
MS-KA-029,Hospet · KA35,Karnataka,South,2024-03,41,67.0,233,31.69,57.3,26.5,10.5,90.7,0.0,28,63,61,15,15,0,0,0,3
MS-KA-029,Hospet · KA35,Karnataka,South,2024-04,63,46.0,270,31.69,29.1,1.5,2.8,91.7,0.0,23,74,70,9,19,0,1,5,2
MS-KA-029,Hospet · KA35,Karnataka,South,2024-05,53,54.0,238,31.69,31.8,4.0,1.7,92.4,0.0,22,65,59,7,18,0,1,0,6
MS-KA-035,Jnanabharathi · KA41,Karnataka,South,2021-06,106,,263,32.93,,,,,,66,32,10,11,10,0,2,3,20
MS-KA-035,Jnanabharathi · KA41,Karnataka,South,2021-07,204,,484,32.93,,,,,,81,67,21,38,24,5,2,2,30
MS-KA-035,Jnanabharathi · KA41,Karnataka,South,2021-08,217,,521,32.93,,,,,,115,56,27,40,26,1,1,4,30
MS-KA-035,Jnanabharathi · KA41,Karnataka,South,2021-09,230,,530,32.93,,,,,,103,71,19,33,22,3,3,4,38
MS-KA-035,Jnanabharathi · KA41,Karnataka,South,2021-10,205,,512,32.93,,,,,,93,71,15,18,34,4,1,7,59
MS-KA-035,Jnanabharathi · KA41,Karnataka,South,2021-11,169,,382,32.93,,,,,,73,63,8,20,10,3,3,4,26
MS-KA-035,Jnanabharathi · KA41,Karnataka,South,2021-12,112,,311,32.93,,,,,,51,84,19,13,5,0,1,3,19
MS-KA-035,Jnanabharathi · KA41,Karnataka,South,2022-01,350,,668,32.93,,,,,,97,115,23,15,16,2,3,11,34
MS-KA-035,Jnanabharathi · KA41,Karnataka,South,2022-02,179,,463,32.93,,,,,,63,122,31,25,17,3,1,6,15
MS-KA-035,Jnanabharathi · KA41,Karnataka,South,2022-03,192,,466,32.93,,,,,,82,99,23,17,14,2,5,2,29
MS-KA-035,Jnanabharathi · KA41,Karnataka,South,2022-04,252,178.0,573,32.93,13.3,2.0,6.3,95.4,1.0,75,114,28,30,35,1,1,8,21
MS-KA-035,Jnanabharathi · KA41,Karnataka,South,2022-05,227,206.0,524,32.93,16.9,6.9,6.1,94.1,1.0,82,86,30,37,25,2,1,9,19
MS-KA-035,Jnanabharathi · KA41,Karnataka,South,2022-06,217,193.0,586,32.93,19.7,4.6,8.8,92.9,0.0,98,148,31,31,27,4,0,8,15
MS-KA-035,Jnanabharathi · KA41,Karnataka,South,2022-07,153,188.0,434,32.93,29.1,3.5,7.4,94.2,0.0,67,107,28,34,19,0,2,4,18
MS-KA-035,Jnanabharathi · KA41,Karnataka,South,2022-08,235,176.0,603,32.93,20.4,4.6,12.4,94.2,3.0,94,123,34,35,33,5,6,9,26
MS-KA-035,Jnanabharathi · KA41,Karnataka,South,2022-09,254,180.0,618,32.93,12.5,1.4,10.0,93.0,2.0,70,155,43,34,25,5,0,3,28
MS-KA-035,Jnanabharathi · KA41,Karnataka,South,2022-10,252,217.0,650,32.93,8.5,5.3,8.2,93.8,2.0,98,123,57,39,34,3,8,13,18
MS-KA-035,Jnanabharathi · KA41,Karnataka,South,2022-11,272,205.0,803,32.93,4.7,2.5,6.8,94.1,0.0,139,132,78,53,55,3,10,22,26
MS-KA-035,Jnanabharathi · KA41,Karnataka,South,2022-12,184,151.0,528,32.93,6.8,2.7,9.0,95.0,1.0,95,87,54,40,20,9,5,10,9
MS-KA-035,Jnanabharathi · KA41,Karnataka,South,2023-01,355,317.0,840,32.93,9.7,1.0,7.4,95.5,1.0,103,134,89,51,25,5,11,16,36
MS-KA-035,Jnanabharathi · KA41,Karnataka,South,2023-02,258,198.0,705,32.93,4.8,1.9,6.2,92.1,1.0,99,106,81,44,57,1,8,21,14
MS-KA-035,Jnanabharathi · KA41,Karnataka,South,2023-03,268,245.0,713,32.93,8.7,3.5,2.7,94.2,0.0,114,147,72,29,45,0,2,8,22
MS-KA-035,Jnanabharathi · KA41,Karnataka,South,2023-04,173,237.0,514,32.93,25.1,0.4,3.8,92.6,0.0,90,123,35,29,24,0,5,14,19
MS-KA-035,Jnanabharathi · KA41,Karnataka,South,2023-05,215,276.0,564,32.93,38.1,4.8,2.3,92.8,0.0,89,126,38,39,21,2,7,2,16
MS-KA-035,Jnanabharathi · KA41,Karnataka,South,2023-06,280,257.0,671,32.93,34.6,4.1,2.2,93.4,0.0,109,130,45,29,45,5,8,8,9
MS-KA-035,Jnanabharathi · KA41,Karnataka,South,2023-07,235,251.0,596,32.93,33.0,3.6,4.1,94.1,0.0,90,120,55,37,15,4,8,7,19
MS-KA-035,Jnanabharathi · KA41,Karnataka,South,2023-08,354,235.0,774,32.93,15.6,4.1,0.0,94.6,1.0,122,128,52,34,34,3,10,20,15
MS-KA-035,Jnanabharathi · KA41,Karnataka,South,2023-09,273,241.0,671,32.93,14.9,0.0,0.2,95.4,1.0,116,132,49,45,31,6,2,8,8
MS-KA-035,Jnanabharathi · KA41,Karnataka,South,2023-10,293,290.0,750,32.93,19.9,1.3,0.0,94.1,1.0,129,151,67,40,28,4,13,6,15
MS-KA-035,Jnanabharathi · KA41,Karnataka,South,2023-11,264,274.0,678,32.93,27.1,1.1,1.7,93.5,0.0,118,113,75,28,30,5,8,18,12
MS-KA-035,Jnanabharathi · KA41,Karnataka,South,2023-12,183,202.0,525,32.93,28.0,3.2,4.2,94.0,0.0,83,120,56,32,12,3,10,11,10
MS-KA-035,Jnanabharathi · KA41,Karnataka,South,2024-01,371,423.0,823,32.93,38.3,4.7,2.5,92.3,3.0,145,150,49,23,27,7,14,13,18
MS-KA-035,Jnanabharathi · KA41,Karnataka,South,2024-02,244,265.0,623,32.93,37.9,0.0,4.1,91.1,1.0,100,117,41,40,33,5,21,9,10
MS-KA-035,Jnanabharathi · KA41,Karnataka,South,2024-03,270,328.0,723,32.93,37.6,2.2,2.9,93.0,1.0,110,152,48,42,26,8,22,17,19
MS-KA-035,Jnanabharathi · KA41,Karnataka,South,2024-04,270,241.0,609,32.93,35.0,2.8,2.5,93.1,0.0,70,130,47,21,18,2,18,8,15
MS-KA-035,Jnanabharathi · KA41,Karnataka,South,2024-05,297,280.0,827,32.93,30.6,4.3,3.2,92.9,1.0,139,125,86,39,69,1,23,19,15
MS-KA-041,Jamkhandi · KA48,Karnataka,South,2021-06,23,,74,33.87,,,,,,16,20,5,1,2,0,2,0,5
MS-KA-041,Jamkhandi · KA48,Karnataka,South,2021-07,18,,105,33.87,,,,,,17,35,14,8,0,1,0,1,7
MS-KA-041,Jamkhandi · KA48,Karnataka,South,2021-08,42,,119,33.87,,,,,,16,21,11,11,7,2,1,3,2
MS-KA-041,Jamkhandi · KA48,Karnataka,South,2021-09,42,,145,33.87,,,,,,18,42,20,6,4,2,0,1,9
MS-KA-041,Jamkhandi · KA48,Karnataka,South,2021-10,25,,70,33.87,,,,,,8,22,3,3,3,0,0,0,4
MS-KA-041,Jamkhandi · KA48,Karnataka,South,2021-11,20,,106,33.87,,,,,,16,37,10,6,6,1,2,0,6
MS-KA-041,Jamkhandi · KA48,Karnataka,South,2021-12,30,,117,33.87,,,,,,18,34,18,2,5,0,2,2,5
MS-KA-041,Jamkhandi · KA48,Karnataka,South,2022-01,26,,109,33.87,,,,,,19,32,21,2,4,1,0,1,2
MS-KA-041,Jamkhandi · KA48,Karnataka,South,2022-02,19,,88,33.87,,,,,,13,33,13,1,2,0,0,1,5
MS-KA-041,Jamkhandi · KA48,Karnataka,South,2022-03,23,,103,33.87,,,,,,14,31,18,8,3,2,1,1,2
MS-KA-041,Jamkhandi · KA48,Karnataka,South,2022-04,36,24.0,160,33.87,11.5,4.7,4.6,90.7,0.0,26,65,16,6,4,0,0,1,5
MS-KA-041,Jamkhandi · KA48,Karnataka,South,2022-05,25,28.0,119,33.87,21.0,1.3,3.6,89.9,0.0,17,32,21,5,10,0,0,1,7
MS-KA-041,Jamkhandi · KA48,Karnataka,South,2022-06,31,26.0,102,33.87,15.1,3.9,5.2,90.2,0.0,11,36,12,4,3,1,0,0,2
MS-KA-041,Jamkhandi · KA48,Karnataka,South,2022-07,21,25.0,98,33.87,23.1,5.1,4.3,88.8,0.0,11,43,11,4,6,1,0,1,0
MS-KA-041,Jamkhandi · KA48,Karnataka,South,2022-08,20,24.0,108,33.87,29.1,3.9,8.0,89.9,0.0,16,34,16,7,6,0,0,0,8
MS-KA-041,Jamkhandi · KA48,Karnataka,South,2022-09,37,24.0,135,33.87,13.1,5.4,3.5,86.9,0.0,16,41,24,5,6,0,0,1,4
MS-KA-041,Jamkhandi · KA48,Karnataka,South,2022-10,38,29.0,171,33.87,5.1,2.7,2.0,89.4,0.0,28,55,28,4,6,1,0,3,8
MS-KA-041,Jamkhandi · KA48,Karnataka,South,2022-11,28,27.0,133,33.87,9.4,2.4,2.3,89.5,1.0,20,51,23,7,2,0,0,0,2
MS-KA-041,Jamkhandi · KA48,Karnataka,South,2022-12,34,20.0,134,33.87,0.2,5.6,7.7,88.7,0.0,26,46,13,11,0,0,1,1,2
MS-KA-041,Jamkhandi · KA48,Karnataka,South,2023-01,27,42.0,106,33.87,24.5,2.1,5.5,88.9,0.0,20,35,14,5,0,2,0,0,3
MS-KA-041,Jamkhandi · KA48,Karnataka,South,2023-02,16,27.0,84,33.87,40.9,4.7,6.8,87.7,0.0,10,30,14,8,2,0,0,2,2
MS-KA-041,Jamkhandi · KA48,Karnataka,South,2023-03,26,33.0,110,33.87,52.0,19.8,13.7,88.9,0.0,9,43,17,8,3,0,0,0,4
MS-KA-041,Jamkhandi · KA48,Karnataka,South,2023-04,14,27.0,69,33.87,79.3,40.3,23.3,84.6,0.0,7,31,10,2,2,0,0,0,2
MS-KA-041,Jamkhandi · KA48,Karnataka,South,2023-05,25,32.0,88,33.87,70.8,34.4,17.7,86.6,0.0,12,21,17,4,7,1,0,0,1
MS-KA-041,Jamkhandi · KA48,Karnataka,South,2023-06,23,30.0,113,33.87,77.5,40.8,18.3,87.8,0.0,13,41,14,6,10,0,1,1,3
MS-KA-041,Jamkhandi · KA48,Karnataka,South,2023-07,23,29.0,105,33.87,63.3,30.2,13.3,86.7,0.0,14,37,18,5,3,0,1,1,2
MS-KA-041,Jamkhandi · KA48,Karnataka,South,2023-08,31,27.0,114,33.87,45.2,10.3,5.5,88.6,0.0,12,33,16,7,5,0,1,4,4
MS-KA-041,Jamkhandi · KA48,Karnataka,South,2023-09,31,28.0,78,33.87,34.6,1.0,3.4,90.0,0.0,8,19,9,1,7,1,0,1,1
MS-KA-041,Jamkhandi · KA48,Karnataka,South,2023-10,25,34.0,104,33.87,40.2,2.9,4.0,89.4,0.0,15,28,17,12,4,0,0,1,0
MS-KA-041,Jamkhandi · KA48,Karnataka,South,2023-11,51,32.0,150,33.87,14.7,4.1,5.4,90.0,0.0,22,40,19,6,8,0,0,1,3
MS-KA-041,Jamkhandi · KA48,Karnataka,South,2023-12,30,23.0,98,33.87,14.0,4.1,4.9,88.7,0.0,6,35,13,1,9,0,1,1,2
MS-KA-041,Jamkhandi · KA48,Karnataka,South,2024-01,43,49.0,105,33.87,21.2,2.2,0.5,90.8,2.0,13,24,11,3,8,0,0,1,2
MS-KA-041,Jamkhandi · KA48,Karnataka,South,2024-02,26,31.0,110,33.87,35.9,2.0,6.8,90.4,0.0,14,40,13,7,7,0,0,0,2
MS-KA-041,Jamkhandi · KA48,Karnataka,South,2024-03,20,38.0,80,33.87,56.9,22.9,16.9,89.0,0.0,9,30,8,2,5,0,1,1,3
MS-KA-041,Jamkhandi · KA48,Karnataka,South,2024-04,29,26.0,105,33.87,55.4,26.3,9.8,89.2,0.0,30,29,7,2,7,0,0,0,0
MS-KA-041,Jamkhandi · KA48,Karnataka,South,2024-05,23,30.0,105,33.87,63.0,32.5,10.0,88.2,0.0,9,47,16,1,6,0,1,0,0
MS-KA-047,Krishnarajapuram · KA53,Karnataka,South,2021-06,77,,515,32.97,,,,,,79,224,14,39,16,9,7,5,40
MS-KA-047,Krishnarajapuram · KA53,Karnataka,South,2021-07,195,,840,32.97,,,,,,185,181,45,64,43,22,8,10,70
MS-KA-047,Krishnarajapuram · KA53,Karnataka,South,2021-08,254,,1035,32.97,,,,,,252,242,50,60,52,17,12,7,79
MS-KA-047,Krishnarajapuram · KA53,Karnataka,South,2021-09,238,,836,32.97,,,,,,219,188,36,28,28,24,5,6,57
MS-KA-047,Krishnarajapuram · KA53,Karnataka,South,2021-10,217,,930,32.97,,,,,,171,246,37,43,60,35,9,9,92
MS-KA-047,Krishnarajapuram · KA53,Karnataka,South,2021-11,125,,640,32.97,,,,,,121,183,52,24,31,25,8,5,63
MS-KA-047,Krishnarajapuram · KA53,Karnataka,South,2021-12,152,,928,32.97,,,,,,213,254,54,45,60,31,6,10,78
MS-KA-047,Krishnarajapuram · KA53,Karnataka,South,2022-01,272,,1011,32.97,,,,,,140,304,79,40,64,20,13,12,50
MS-KA-047,Krishnarajapuram · KA53,Karnataka,South,2022-02,209,,948,32.97,,,,,,165,291,81,32,46,23,17,9,56
MS-KA-047,Krishnarajapuram · KA53,Karnataka,South,2022-03,233,,1107,32.97,,,,,,212,308,83,67,69,24,11,13,68
MS-KA-047,Krishnarajapuram · KA53,Karnataka,South,2022-04,202,175.0,1019,32.97,26.3,2.2,0.1,82.4,1.0,176,303,85,33,77,15,8,15,76
MS-KA-047,Krishnarajapuram · KA53,Karnataka,South,2022-05,216,203.0,1036,32.97,26.5,3.8,0.0,83.3,4.0,178,331,77,46,54,22,13,24,58
MS-KA-047,Krishnarajapuram · KA53,Karnataka,South,2022-06,220,190.0,1124,32.97,24.4,3.0,0.5,82.9,4.0,177,359,78,43,71,26,22,23,85
MS-KA-047,Krishnarajapuram · KA53,Karnataka,South,2022-07,159,185.0,1176,32.97,30.6,2.1,0.0,82.6,2.0,233,396,108,51,58,28,12,20,82
MS-KA-047,Krishnarajapuram · KA53,Karnataka,South,2022-08,235,174.0,1211,32.97,18.5,3.5,1.9,81.4,2.0,253,330,116,45,69,25,17,19,72
MS-KA-047,Krishnarajapuram · KA53,Karnataka,South,2022-09,219,178.0,1356,32.97,13.8,2.0,0.0,81.8,2.0,251,454,139,65,37,31,19,20,74
MS-KA-047,Krishnarajapuram · KA53,Karnataka,South,2022-10,248,214.0,1177,32.97,12.6,4.1,0.0,84.0,2.0,186,345,145,62,33,27,9,12,75
MS-KA-047,Krishnarajapuram · KA53,Karnataka,South,2022-11,274,202.0,1466,32.97,7.7,3.5,0.0,84.1,4.0,270,320,201,96,78,31,33,35,73
MS-KA-047,Krishnarajapuram · KA53,Karnataka,South,2022-12,220,149.0,1255,32.97,3.4,4.0,0.0,86.3,2.0,270,354,118,75,44,25,24,17,70
MS-KA-047,Krishnarajapuram · KA53,Karnataka,South,2023-01,322,312.0,1240,32.97,12.0,5.0,0.0,82.9,2.0,173,316,139,75,55,20,9,26,69
MS-KA-047,Krishnarajapuram · KA53,Karnataka,South,2023-02,265,196.0,1139,32.97,8.5,2.3,0.6,81.3,0.0,204,282,134,70,63,14,23,24,35
MS-KA-047,Krishnarajapuram · KA53,Karnataka,South,2023-03,363,242.0,1423,32.97,0.0,3.1,2.8,79.8,4.0,255,382,136,77,75,16,22,27,40
MS-KA-047,Krishnarajapuram · KA53,Karnataka,South,2023-04,242,239.0,1187,32.97,7.0,5.9,0.0,80.8,2.0,218,362,100,72,60,18,20,25,43
MS-KA-047,Krishnarajapuram · KA53,Karnataka,South,2023-05,254,277.0,1247,32.97,16.3,1.5,0.0,84.4,3.0,250,327,153,62,51,25,17,32,57
MS-KA-047,Krishnarajapuram · KA53,Karnataka,South,2023-06,308,259.0,1310,32.97,16.5,3.3,0.0,81.6,4.0,239,352,154,58,52,21,17,32,53
MS-KA-047,Krishnarajapuram · KA53,Karnataka,South,2023-07,275,253.0,1319,32.97,21.1,4.5,0.1,84.2,3.0,241,344,141,71,63,15,21,52,49
MS-KA-047,Krishnarajapuram · KA53,Karnataka,South,2023-08,421,237.0,1870,32.97,0.0,1.5,0.0,82.9,4.0,370,372,246,106,141,16,33,65,51
MS-KA-047,Krishnarajapuram · KA53,Karnataka,South,2023-09,360,242.0,1494,32.97,0.0,3.8,0.0,85.4,4.0,288,285,185,110,90,29,17,53,53
MS-KA-047,Krishnarajapuram · KA53,Karnataka,South,2023-10,343,291.0,1685,32.97,3.8,3.1,0.0,85.2,3.0,264,484,214,91,106,40,30,33,39
MS-KA-047,Krishnarajapuram · KA53,Karnataka,South,2023-11,356,275.0,1493,32.97,2.6,3.1,0.1,86.7,2.0,239,408,172,62,86,44,18,37,47
MS-KA-047,Krishnarajapuram · KA53,Karnataka,South,2023-12,286,203.0,1427,32.97,0.5,2.8,0.0,86.1,1.0,322,327,204,64,60,33,26,36,34
MS-KA-047,Krishnarajapuram · KA53,Karnataka,South,2024-01,478,425.0,1587,32.97,6.2,1.9,0.0,85.4,7.0,221,414,117,81,98,33,23,37,58
MS-KA-047,Krishnarajapuram · KA53,Karnataka,South,2024-02,369,267.0,1378,32.97,2.8,1.3,0.0,83.8,2.0,214,326,156,77,96,30,13,26,38
MS-KA-047,Krishnarajapuram · KA53,Karnataka,South,2024-03,300,330.0,1272,32.97,10.9,4.4,0.0,82.5,4.0,214,320,166,71,67,30,19,27,38
MS-KA-047,Krishnarajapuram · KA53,Karnataka,South,2024-04,330,305.0,1521,32.97,14.0,4.2,0.0,83.8,1.0,279,308,223,54,131,36,41,39,37
MS-KA-047,Krishnarajapuram · KA53,Karnataka,South,2024-05,286,354.0,1444,32.97,25.7,2.3,0.0,83.7,3.0,271,389,178,76,89,18,29,45,40
MS-KA-053,Chintamani · KA67,Karnataka,South,2021-06,1,,4,46.61,,,,,,1,0,0,0,2,0,0,0,0
MS-KA-053,Chintamani · KA67,Karnataka,South,2021-07,20,,46,46.61,,,,,,1,7,13,3,0,0,1,0,0
MS-KA-053,Chintamani · KA67,Karnataka,South,2021-08,29,,51,46.61,,,,,,4,4,8,2,1,1,0,1,0
MS-KA-053,Chintamani · KA67,Karnataka,South,2021-09,36,,58,46.61,,,,,,6,4,8,3,0,0,0,0,0
MS-KA-053,Chintamani · KA67,Karnataka,South,2021-10,15,,29,46.61,,,,,,4,8,1,0,1,0,0,0,0
MS-KA-053,Chintamani · KA67,Karnataka,South,2021-11,21,,42,46.61,,,,,,7,8,4,0,1,0,0,0,0
MS-KA-053,Chintamani · KA67,Karnataka,South,2021-12,24,,42,46.61,,,,,,2,5,7,1,2,0,0,1,0
MS-KA-053,Chintamani · KA67,Karnataka,South,2022-01,28,,45,46.61,,,,,,5,5,6,0,1,0,0,0,0
MS-KA-053,Chintamani · KA67,Karnataka,South,2022-02,13,,41,46.61,,,,,,2,8,10,0,6,0,0,0,0
MS-KA-053,Chintamani · KA67,Karnataka,South,2022-03,26,,61,46.61,,,,,,8,6,16,2,0,0,0,1,2
MS-KA-053,Chintamani · KA67,Karnataka,South,2022-04,29,19.0,61,46.61,9.6,3.7,2.0,83.9,0.0,8,11,10,3,0,0,0,0,0
MS-KA-053,Chintamani · KA67,Karnataka,South,2022-05,20,22.0,35,46.61,18.0,6.9,1.8,83.4,0.0,3,3,4,2,2,0,0,1,0
MS-KA-053,Chintamani · KA67,Karnataka,South,2022-06,22,20.0,48,46.61,19.0,3.2,1.7,83.9,0.0,1,9,7,0,4,0,1,4,0
MS-KA-053,Chintamani · KA67,Karnataka,South,2022-07,10,20.0,49,46.61,46.1,12.2,1.0,84.3,0.0,6,13,12,1,6,0,0,0,0
MS-KA-053,Chintamani · KA67,Karnataka,South,2022-08,24,19.0,55,46.61,30.1,4.0,0.0,84.4,1.0,3,7,10,4,6,0,0,0,0
MS-KA-053,Chintamani · KA67,Karnataka,South,2022-09,33,19.0,79,46.61,5.7,2.0,0.0,82.4,1.0,7,16,16,3,2,1,1,0,0
MS-KA-053,Chintamani · KA67,Karnataka,South,2022-10,27,23.0,55,46.61,11.3,3.8,0.0,82.3,0.0,2,8,12,1,2,0,1,0,1
MS-KA-053,Chintamani · KA67,Karnataka,South,2022-11,26,22.0,50,46.61,9.8,2.3,0.0,83.9,0.0,6,5,10,1,2,0,0,0,0
MS-KA-053,Chintamani · KA67,Karnataka,South,2022-12,28,16.0,65,46.61,0.0,0.8,0.0,81.0,0.0,4,13,16,2,2,0,0,0,0
MS-KA-053,Chintamani · KA67,Karnataka,South,2023-01,33,34.0,65,46.61,17.5,2.3,0.0,82.7,1.0,5,6,13,4,4,0,0,0,0
MS-KA-053,Chintamani · KA67,Karnataka,South,2023-02,36,21.0,67,46.61,2.3,2.9,0.0,83.1,1.0,4,6,16,1,4,0,0,0,0
MS-KA-053,Chintamani · KA67,Karnataka,South,2023-03,32,26.0,64,46.61,3.4,1.7,0.0,83.4,0.0,5,8,15,1,1,0,0,0,0
MS-KA-053,Chintamani · KA67,Karnataka,South,2023-04,28,26.0,53,46.61,8.5,2.2,0.0,83.6,0.0,4,6,10,0,4,0,1,0,0
MS-KA-053,Chintamani · KA67,Karnataka,South,2023-05,14,30.0,32,46.61,39.2,2.0,0.0,84.1,0.0,1,4,10,2,0,0,0,1,0
MS-KA-053,Chintamani · KA67,Karnataka,South,2023-06,20,28.0,49,46.61,60.2,28.1,5.6,82.7,0.0,3,9,13,3,1,0,0,0,0
MS-KA-053,Chintamani · KA67,Karnataka,South,2023-07,21,27.0,50,46.61,65.2,31.4,9.7,80.6,0.0,3,6,17,0,2,1,0,0,0
MS-KA-053,Chintamani · KA67,Karnataka,South,2023-08,28,26.0,56,46.61,46.4,14.2,2.8,83.1,0.0,2,14,11,1,0,0,0,0,0
MS-KA-053,Chintamani · KA67,Karnataka,South,2023-09,28,26.0,55,46.61,35.6,3.9,0.5,85.0,0.0,5,10,8,3,1,0,0,0,0
MS-KA-053,Chintamani · KA67,Karnataka,South,2023-10,25,32.0,64,46.61,44.1,8.8,0.0,85.1,0.0,4,11,19,1,4,0,0,0,0
MS-KA-053,Chintamani · KA67,Karnataka,South,2023-11,26,30.0,56,46.61,47.6,14.4,0.0,84.0,0.0,2,12,10,2,3,0,0,0,0
MS-KA-053,Chintamani · KA67,Karnataka,South,2023-12,17,22.0,47,46.61,50.2,17.1,0.2,84.6,0.0,2,12,14,0,2,0,0,0,0
MS-KA-053,Chintamani · KA67,Karnataka,South,2024-01,34,46.0,63,46.61,62.8,29.9,3.5,83.0,1.0,4,12,9,1,3,0,0,0,0
MS-KA-053,Chintamani · KA67,Karnataka,South,2024-02,30,29.0,70,46.61,49.2,17.0,3.9,83.6,0.0,3,22,10,1,4,0,0,0,0
MS-KA-053,Chintamani · KA67,Karnataka,South,2024-03,25,36.0,69,46.61,53.0,22.1,3.3,83.8,0.0,4,13,20,3,0,0,0,0,1
MS-KA-053,Chintamani · KA67,Karnataka,South,2024-04,19,23.0,44,46.61,56.9,26.2,5.7,82.5,0.0,5,9,8,0,2,0,0,0,0
MS-KA-053,Chintamani · KA67,Karnataka,South,2024-05,20,26.0,33,46.61,62.2,28.5,6.2,80.5,0.0,1,7,5,0,0,0,0,0,0
MS-KL-001,Trivandrum · KL1,Kerala,South,2021-06,144,,490,43.41,,,,,,55,106,48,38,16,14,10,9,26
MS-KL-001,Trivandrum · KL1,Kerala,South,2021-07,329,,889,43.41,,,,,,73,146,53,63,55,23,12,17,33
MS-KL-001,Trivandrum · KL1,Kerala,South,2021-08,419,,1188,43.41,,,,,,117,240,42,75,100,31,14,39,35
MS-KL-001,Trivandrum · KL1,Kerala,South,2021-09,470,,1122,43.41,,,,,,118,188,29,68,61,45,11,20,56
MS-KL-001,Trivandrum · KL1,Kerala,South,2021-10,257,,762,43.41,,,,,,67,147,34,42,53,38,10,44,34
MS-KL-001,Trivandrum · KL1,Kerala,South,2021-11,264,,798,43.41,,,,,,70,153,40,47,52,33,14,46,38
MS-KL-001,Trivandrum · KL1,Kerala,South,2021-12,319,,779,43.41,,,,,,49,140,36,35,55,30,11,39,33
MS-KL-001,Trivandrum · KL1,Kerala,South,2022-01,417,,1100,43.41,,,,,,69,187,165,45,53,32,15,47,31
MS-KL-001,Trivandrum · KL1,Kerala,South,2022-02,312,,869,43.41,,,,,,72,188,54,60,38,42,14,44,23
MS-KL-001,Trivandrum · KL1,Kerala,South,2022-03,319,,1004,43.41,,,,,,86,197,74,72,62,48,17,69,29
MS-KL-001,Trivandrum · KL1,Kerala,South,2022-04,353,311.0,871,43.41,18.3,3.2,1.9,82.9,7.0,73,157,32,63,65,31,6,40,24
MS-KL-001,Trivandrum · KL1,Kerala,South,2022-05,377,361.0,961,43.41,19.7,4.6,6.4,85.1,5.0,101,171,56,65,60,40,12,39,18
MS-KL-001,Trivandrum · KL1,Kerala,South,2022-06,388,337.0,911,43.41,18.2,3.3,10.4,85.9,3.0,99,167,39,63,52,25,12,32,16
MS-KL-001,Trivandrum · KL1,Kerala,South,2022-07,283,329.0,789,43.41,27.6,5.3,7.9,84.3,1.0,98,134,43,52,62,23,13,31,19
MS-KL-001,Trivandrum · KL1,Kerala,South,2022-08,450,308.0,1231,43.41,10.7,2.0,6.5,86.0,6.0,190,165,72,71,76,72,11,41,31
MS-KL-001,Trivandrum · KL1,Kerala,South,2022-09,451,316.0,1010,43.41,4.5,2.5,5.6,82.1,4.0,126,160,57,50,50,35,7,31,14
MS-KL-001,Trivandrum · KL1,Kerala,South,2022-10,388,380.0,913,43.41,11.2,2.0,3.1,83.5,3.0,93,124,41,76,73,30,6,32,20
MS-KL-001,Trivandrum · KL1,Kerala,South,2022-11,299,358.0,795,43.41,21.9,3.0,4.5,82.8,1.0,103,123,56,42,48,22,12,27,18
MS-KL-001,Trivandrum · KL1,Kerala,South,2022-12,349,264.0,890,43.41,14.8,4.5,2.1,84.3,2.0,103,111,59,49,57,36,6,53,33
MS-KL-001,Trivandrum · KL1,Kerala,South,2023-01,390,554.0,995,43.41,41.6,6.3,4.3,86.0,3.0,87,157,117,46,52,29,7,52,21
MS-KL-001,Trivandrum · KL1,Kerala,South,2023-02,318,347.0,985,43.41,39.9,3.7,6.5,84.6,4.0,89,136,244,35,64,31,9,19,14
MS-KL-001,Trivandrum · KL1,Kerala,South,2023-03,620,429.0,1329,43.41,17.7,3.0,6.1,83.7,7.0,151,181,85,70,71,47,15,29,23
MS-KL-001,Trivandrum · KL1,Kerala,South,2023-04,127,378.0,543,43.41,47.0,14.8,3.4,83.8,1.0,76,162,42,33,42,16,3,13,4
MS-KL-001,Trivandrum · KL1,Kerala,South,2023-05,300,439.0,833,43.41,54.8,22.4,8.8,84.8,1.0,92,158,57,41,80,26,8,21,17
MS-KL-001,Trivandrum · KL1,Kerala,South,2023-06,306,410.0,782,43.41,83.6,42.1,20.7,83.7,1.0,99,145,50,43,45,19,8,22,14
MS-KL-001,Trivandrum · KL1,Kerala,South,2023-07,323,400.0,925,43.41,62.9,30.7,13.1,85.2,4.0,97,177,64,42,56,44,15,51,12
MS-KL-001,Trivandrum · KL1,Kerala,South,2023-08,437,375.0,993,43.41,43.8,10.7,2.3,86.5,2.0,123,149,57,39,59,39,11,37,16
MS-KL-001,Trivandrum · KL1,Kerala,South,2023-09,466,384.0,1137,43.41,28.0,3.8,0.0,86.7,9.0,163,162,58,66,90,39,18,37,12
MS-KL-001,Trivandrum · KL1,Kerala,South,2023-10,349,462.0,966,43.41,37.6,1.9,0.3,87.9,1.0,121,127,73,38,102,38,23,38,15
MS-KL-001,Trivandrum · KL1,Kerala,South,2023-11,349,436.0,981,43.41,39.7,2.9,0.5,84.4,5.0,99,156,53,51,99,56,20,40,18
MS-KL-001,Trivandrum · KL1,Kerala,South,2023-12,336,321.0,924,43.41,39.0,5.5,5.5,87.2,0.0,107,160,46,42,87,37,12,49,10
MS-KL-001,Trivandrum · KL1,Kerala,South,2024-01,408,674.0,1000,43.41,67.6,36.2,13.7,83.3,4.0,111,134,49,30,106,49,21,49,7
MS-KL-001,Trivandrum · KL1,Kerala,South,2024-02,330,423.0,1059,43.41,68.3,32.4,18.5,85.2,4.0,112,192,95,55,112,46,29,34,10
MS-KL-001,Trivandrum · KL1,Kerala,South,2024-03,312,522.0,887,43.41,76.4,40.9,19.7,83.5,5.0,94,142,60,53,104,44,12,28,14
MS-KL-001,Trivandrum · KL1,Kerala,South,2024-04,342,309.0,949,43.41,60.9,28.4,13.5,85.7,4.0,103,134,72,48,132,32,20,25,11
MS-KL-001,Trivandrum · KL1,Kerala,South,2024-05,296,359.0,848,43.41,57.2,25.7,13.1,84.6,4.0,97,135,48,53,93,30,21,22,11
MS-KL-007,Attingal · KL16,Kerala,South,2021-06,80,,163,48.52,,,,,,15,24,14,8,10,5,0,3,2
MS-KL-007,Attingal · KL16,Kerala,South,2021-07,80,,163,48.52,,,,,,15,24,14,8,10,5,0,3,2
MS-KL-007,Attingal · KL16,Kerala,South,2021-08,140,,261,48.52,,,,,,17,37,8,12,18,5,0,2,11
MS-KL-007,Attingal · KL16,Kerala,South,2021-09,138,,237,48.52,,,,,,15,34,17,7,8,4,1,2,6
MS-KL-007,Attingal · KL16,Kerala,South,2021-10,84,,165,48.52,,,,,,9,31,7,8,12,0,1,0,5
MS-KL-007,Attingal · KL16,Kerala,South,2021-11,61,,166,48.52,,,,,,8,33,15,6,12,4,1,5,8
MS-KL-007,Attingal · KL16,Kerala,South,2021-12,84,,164,48.52,,,,,,10,35,6,7,8,2,1,2,5
MS-KL-007,Attingal · KL16,Kerala,South,2022-01,80,,163,48.52,,,,,,15,24,14,8,10,5,0,3,2
MS-KL-007,Attingal · KL16,Kerala,South,2022-02,80,,163,48.52,,,,,,15,24,14,8,10,5,0,3,2
MS-KL-007,Attingal · KL16,Kerala,South,2022-03,80,,163,48.52,,,,,,15,24,14,8,10,5,0,3,2
MS-KL-007,Attingal · KL16,Kerala,South,2022-04,80,87.0,163,48.52,41.2,5.9,10.6,81.6,2.0,15,24,14,8,10,5,0,3,2
MS-KL-007,Attingal · KL16,Kerala,South,2022-05,80,100.0,163,48.52,45.1,10.9,12.1,80.9,0.0,15,24,14,8,10,5,0,3,2
MS-KL-007,Attingal · KL16,Kerala,South,2022-06,80,94.0,163,48.52,48.3,18.6,9.8,78.1,2.0,15,24,14,8,10,5,0,3,2
MS-KL-007,Attingal · KL16,Kerala,South,2022-07,80,92.0,163,48.52,50.9,20.6,11.2,78.4,0.0,15,24,14,8,10,5,0,3,2
MS-KL-007,Attingal · KL16,Kerala,South,2022-08,80,86.0,163,48.52,46.9,13.4,10.3,78.0,0.0,15,24,14,8,10,5,0,3,2
MS-KL-007,Attingal · KL16,Kerala,South,2022-09,80,88.0,163,48.52,49.8,17.1,9.0,76.7,0.0,15,24,14,8,10,5,0,3,2
MS-KL-007,Attingal · KL16,Kerala,South,2022-10,80,106.0,163,48.52,55.4,22.4,17.4,76.8,1.0,15,24,14,8,10,5,0,3,2
MS-KL-007,Attingal · KL16,Kerala,South,2022-11,80,100.0,163,48.52,60.4,25.7,20.4,77.1,1.0,15,24,14,8,10,5,0,3,2
MS-KL-007,Attingal · KL16,Kerala,South,2022-12,80,73.0,163,48.52,46.2,13.3,14.1,79.2,1.0,15,24,14,8,10,5,0,3,2
MS-KL-007,Attingal · KL16,Kerala,South,2023-01,111,154.0,195,48.52,56.7,25.8,16.6,78.9,1.0,14,20,19,7,4,4,0,5,5
MS-KL-007,Attingal · KL16,Kerala,South,2023-02,99,97.0,185,48.52,48.4,17.0,12.1,79.3,2.0,13,22,20,10,6,4,1,4,3
MS-KL-007,Attingal · KL16,Kerala,South,2023-03,167,119.0,284,48.52,22.0,4.3,11.1,80.3,3.0,24,35,22,8,6,6,2,3,9
MS-KL-007,Attingal · KL16,Kerala,South,2023-04,52,89.0,124,48.52,36.2,5.6,10.6,78.9,0.0,9,33,15,5,3,1,0,1,1
MS-KL-007,Attingal · KL16,Kerala,South,2023-05,76,103.0,175,48.52,45.6,12.7,12.7,79.4,0.0,18,25,18,8,17,1,0,5,2
MS-KL-007,Attingal · KL16,Kerala,South,2023-06,87,96.0,171,48.52,61.3,29.2,17.5,78.5,0.0,8,28,16,8,11,4,0,1,5
MS-KL-007,Attingal · KL16,Kerala,South,2023-07,94,94.0,189,48.52,47.5,14.1,13.1,77.9,0.0,12,31,17,7,13,4,2,4,4
MS-KL-007,Attingal · KL16,Kerala,South,2023-08,147,88.0,238,48.52,17.6,2.6,15.1,78.1,0.0,13,31,14,8,6,5,1,3,5
MS-KL-007,Attingal · KL16,Kerala,South,2023-09,151,90.0,262,48.52,0.7,1.7,11.4,78.8,1.0,23,33,14,2,16,6,1,6,3
MS-KL-007,Attingal · KL16,Kerala,South,2023-10,103,109.0,192,48.52,8.5,5.6,12.6,79.7,3.0,9,30,8,8,17,5,0,5,4
MS-KL-007,Attingal · KL16,Kerala,South,2023-11,80,103.0,163,48.52,20.2,2.7,11.9,78.0,2.0,15,24,14,8,10,5,0,3,2
MS-KL-007,Attingal · KL16,Kerala,South,2023-12,80,76.0,163,48.52,24.4,6.2,8.9,79.0,1.0,15,24,14,8,10,5,0,3,2
MS-KL-007,Attingal · KL16,Kerala,South,2024-01,128,159.0,221,48.52,37.8,2.4,9.3,80.0,1.0,13,23,16,11,18,5,0,2,1
MS-KL-007,Attingal · KL16,Kerala,South,2024-02,101,99.0,182,48.52,33.6,3.6,4.7,80.0,0.0,12,25,12,5,10,3,5,1,3
MS-KL-007,Attingal · KL16,Kerala,South,2024-03,85,123.0,160,48.52,47.4,14.3,7.7,79.4,1.0,12,26,12,5,11,1,0,2,2
MS-KL-007,Attingal · KL16,Kerala,South,2024-04,107,91.0,186,48.52,40.6,5.6,7.4,79.8,0.0,12,27,13,3,14,2,2,1,1
MS-KL-007,Attingal · KL16,Kerala,South,2024-05,76,105.0,170,48.52,50.6,18.0,8.3,79.8,1.0,15,32,14,7,14,2,3,2,1
MS-KL-013,Nedumangadu · KL21,Kerala,South,2021-06,62,,129,48.53,,,,,,13,24,7,5,8,0,0,3,3
MS-KL-013,Nedumangadu · KL21,Kerala,South,2021-07,108,,223,48.53,,,,,,13,33,17,8,15,2,0,1,14
MS-KL-013,Nedumangadu · KL21,Kerala,South,2021-08,153,,293,48.53,,,,,,27,44,21,12,8,7,1,2,10
MS-KL-013,Nedumangadu · KL21,Kerala,South,2021-09,181,,280,48.53,,,,,,10,33,16,8,11,6,2,0,10
MS-KL-013,Nedumangadu · KL21,Kerala,South,2021-10,99,,206,48.53,,,,,,14,31,15,12,13,5,0,4,7
MS-KL-013,Nedumangadu · KL21,Kerala,South,2021-11,100,,196,48.53,,,,,,15,36,12,8,4,6,2,3,3
MS-KL-013,Nedumangadu · KL21,Kerala,South,2021-12,125,,231,48.53,,,,,,13,37,12,6,11,5,2,4,9
MS-KL-013,Nedumangadu · KL21,Kerala,South,2022-01,143,,247,48.53,,,,,,14,42,18,3,8,2,1,4,7
MS-KL-013,Nedumangadu · KL21,Kerala,South,2022-02,87,,177,48.53,,,,,,11,37,12,9,4,4,0,1,5
MS-KL-013,Nedumangadu · KL21,Kerala,South,2022-03,107,,219,48.53,,,,,,12,35,19,5,11,8,1,4,8
MS-KL-013,Nedumangadu · KL21,Kerala,South,2022-04,91,110.0,196,48.53,54.0,23.9,6.4,87.0,1.0,11,25,28,6,10,6,1,5,10
MS-KL-013,Nedumangadu · KL21,Kerala,South,2022-05,83,128.0,210,48.53,68.8,33.5,16.0,84.8,0.0,23,30,17,14,17,6,2,4,8
MS-KL-013,Nedumangadu · KL21,Kerala,South,2022-06,100,120.0,193,48.53,66.8,32.2,11.4,85.3,1.0,11,20,24,10,7,3,2,5,4
MS-KL-013,Nedumangadu · KL21,Kerala,South,2022-07,96,117.0,187,48.53,67.3,32.4,12.0,84.9,1.0,12,23,26,7,9,1,0,5,6
MS-KL-013,Nedumangadu · KL21,Kerala,South,2022-08,162,109.0,304,48.53,30.4,4.5,3.5,85.4,0.0,30,42,24,10,8,7,1,3,11
MS-KL-013,Nedumangadu · KL21,Kerala,South,2022-09,160,112.0,278,48.53,16.3,5.5,5.3,86.4,5.0,25,28,27,6,10,6,1,1,7
MS-KL-013,Nedumangadu · KL21,Kerala,South,2022-10,109,135.0,211,48.53,20.0,2.5,0.0,86.6,0.0,16,25,18,10,6,3,3,4,12
MS-KL-013,Nedumangadu · KL21,Kerala,South,2022-11,88,127.0,173,48.53,37.9,3.1,0.4,86.8,1.0,13,23,22,8,5,2,0,2,5
MS-KL-013,Nedumangadu · KL21,Kerala,South,2022-12,109,94.0,195,48.53,36.5,2.7,1.5,86.1,0.0,10,22,15,8,4,3,1,7,10
MS-KL-013,Nedumangadu · KL21,Kerala,South,2023-01,120,197.0,204,48.53,61.2,29.4,10.1,86.2,3.0,15,22,23,1,7,2,0,1,6
MS-KL-013,Nedumangadu · KL21,Kerala,South,2023-02,100,123.0,182,48.53,62.4,29.3,9.7,84.8,0.0,13,22,21,8,5,3,2,0,4
MS-KL-013,Nedumangadu · KL21,Kerala,South,2023-03,196,152.0,332,48.53,31.5,4.0,3.0,88.3,3.0,29,34,24,13,13,5,1,1,8
MS-KL-013,Nedumangadu · KL21,Kerala,South,2023-04,41,115.0,122,48.53,56.4,26.2,1.6,86.4,0.0,15,21,23,3,6,4,1,1,3
MS-KL-013,Nedumangadu · KL21,Kerala,South,2023-05,90,133.0,187,48.53,66.7,33.2,7.4,84.3,1.0,12,24,16,7,18,7,0,1,5
MS-KL-013,Nedumangadu · KL21,Kerala,South,2023-06,101,124.0,168,48.53,90.4,44.8,17.0,81.6,0.0,11,27,14,2,2,1,0,2,6
MS-KL-013,Nedumangadu · KL21,Kerala,South,2023-07,84,121.0,174,48.53,67.5,31.1,10.2,83.9,2.0,7,24,20,4,17,5,1,5,5
MS-KL-013,Nedumangadu · KL21,Kerala,South,2023-08,165,114.0,293,48.53,33.2,1.5,0.0,87.4,1.0,20,37,31,9,10,3,3,3,5
MS-KL-013,Nedumangadu · KL21,Kerala,South,2023-09,135,116.0,259,48.53,24.4,0.9,0.0,87.0,2.0,23,33,18,17,11,2,1,4,7
MS-KL-013,Nedumangadu · KL21,Kerala,South,2023-10,105,140.0,171,48.53,35.1,3.1,0.0,87.9,2.0,17,23,6,7,5,2,2,1,0
MS-KL-013,Nedumangadu · KL21,Kerala,South,2023-11,84,132.0,178,48.53,53.0,21.6,5.4,87.2,2.0,18,23,19,4,10,7,3,2,3
MS-KL-013,Nedumangadu · KL21,Kerala,South,2023-12,94,97.0,178,48.53,53.4,21.7,7.1,86.8,1.0,16,25,11,4,10,4,2,4,3
MS-KL-013,Nedumangadu · KL21,Kerala,South,2024-01,140,204.0,262,48.53,63.4,29.2,7.0,84.1,3.0,14,33,30,10,14,5,2,3,5
MS-KL-013,Nedumangadu · KL21,Kerala,South,2024-02,97,128.0,178,48.53,61.4,30.6,6.0,85.2,1.0,17,14,19,5,8,3,3,2,4
MS-KL-013,Nedumangadu · KL21,Kerala,South,2024-03,91,158.0,192,48.53,71.8,35.9,13.6,84.4,1.0,18,25,22,5,18,4,3,1,4
MS-KL-013,Nedumangadu · KL21,Kerala,South,2024-04,88,94.0,188,48.53,69.8,33.4,13.4,83.6,0.0,24,28,20,7,7,6,2,2,0
MS-KL-013,Nedumangadu · KL21,Kerala,South,2024-05,78,109.0,171,48.53,74.4,36.7,14.7,84.3,0.0,11,31,17,9,10,3,0,3,5
MS-KL-019,Thiruvalla · KL27,Kerala,South,2021-06,41,,88,49.96,,,,,,6,10,5,8,4,5,0,4,4
MS-KL-019,Thiruvalla · KL27,Kerala,South,2021-07,74,,173,49.96,,,,,,11,21,11,13,20,5,2,3,4
MS-KL-019,Thiruvalla · KL27,Kerala,South,2021-08,119,,240,49.96,,,,,,18,28,11,13,18,7,0,6,9
MS-KL-019,Thiruvalla · KL27,Kerala,South,2021-09,122,,258,49.96,,,,,,21,34,13,13,27,10,3,1,10
MS-KL-019,Thiruvalla · KL27,Kerala,South,2021-10,58,,135,49.96,,,,,,6,17,5,8,16,11,0,1,7
MS-KL-019,Thiruvalla · KL27,Kerala,South,2021-11,55,,141,49.96,,,,,,13,20,6,7,12,9,1,6,6
MS-KL-019,Thiruvalla · KL27,Kerala,South,2021-12,100,,201,49.96,,,,,,14,24,13,5,12,11,1,7,8
MS-KL-019,Thiruvalla · KL27,Kerala,South,2022-01,83,,171,49.96,,,,,,16,18,9,7,15,10,4,1,4
MS-KL-019,Thiruvalla · KL27,Kerala,South,2022-02,88,,168,49.96,,,,,,14,20,9,10,9,5,1,3,5
MS-KL-019,Thiruvalla · KL27,Kerala,South,2022-03,79,,182,49.96,,,,,,18,23,9,16,10,8,2,10,4
MS-KL-019,Thiruvalla · KL27,Kerala,South,2022-04,68,75.0,157,49.96,44.8,8.8,7.9,90.3,0.0,12,25,8,6,16,8,0,7,5
MS-KL-019,Thiruvalla · KL27,Kerala,South,2022-05,92,88.0,203,49.96,39.2,4.8,6.0,90.4,1.0,14,19,11,13,24,9,2,7,3
MS-KL-019,Thiruvalla · KL27,Kerala,South,2022-06,104,82.0,199,49.96,26.9,1.9,4.6,89.4,0.0,13,23,11,7,18,3,4,7,4
MS-KL-019,Thiruvalla · KL27,Kerala,South,2022-07,83,80.0,177,49.96,23.5,3.1,4.9,90.7,1.0,5,25,8,11,24,7,2,5,4
MS-KL-019,Thiruvalla · KL27,Kerala,South,2022-08,107,75.0,223,49.96,13.4,1.5,5.0,90.3,1.0,19,30,9,16,24,8,0,2,1
MS-KL-019,Thiruvalla · KL27,Kerala,South,2022-09,111,77.0,210,49.96,7.3,1.5,6.2,87.0,0.0,14,25,9,7,21,5,2,4,9
MS-KL-019,Thiruvalla · KL27,Kerala,South,2022-10,102,92.0,174,49.96,9.3,4.0,1.4,87.6,0.0,13,18,5,9,11,4,0,4,1
MS-KL-019,Thiruvalla · KL27,Kerala,South,2022-11,121,87.0,215,49.96,3.4,2.2,3.9,88.8,1.0,9,27,15,12,12,6,2,4,7
MS-KL-019,Thiruvalla · KL27,Kerala,South,2022-12,107,64.0,207,49.96,0.0,2.7,8.9,90.2,0.0,12,23,11,16,14,8,1,6,4
MS-KL-019,Thiruvalla · KL27,Kerala,South,2023-01,82,134.0,169,49.96,33.2,1.8,6.1,88.5,1.0,9,24,9,6,12,8,1,7,7
MS-KL-019,Thiruvalla · KL27,Kerala,South,2023-02,95,84.0,168,49.96,33.2,1.6,4.2,90.1,0.0,3,19,13,8,11,6,1,5,4
MS-KL-019,Thiruvalla · KL27,Kerala,South,2023-03,138,104.0,246,49.96,18.8,5.6,5.9,88.3,0.0,16,28,12,12,24,7,0,4,3
MS-KL-019,Thiruvalla · KL27,Kerala,South,2023-04,56,98.0,119,49.96,37.6,5.1,3.1,87.7,0.0,10,10,11,5,6,6,4,4,2
MS-KL-019,Thiruvalla · KL27,Kerala,South,2023-05,85,114.0,165,49.96,49.1,15.8,6.9,89.4,0.0,14,20,9,6,15,2,1,8,3
MS-KL-019,Thiruvalla · KL27,Kerala,South,2023-06,80,106.0,168,49.96,65.9,33.6,15.1,86.6,3.0,13,24,12,6,15,3,0,3,5
MS-KL-019,Thiruvalla · KL27,Kerala,South,2023-07,102,104.0,202,49.96,48.8,18.6,6.7,87.2,0.0,16,30,11,7,12,12,1,3,3
MS-KL-019,Thiruvalla · KL27,Kerala,South,2023-08,104,97.0,216,49.96,40.1,0.7,5.8,87.4,1.0,11,28,18,14,21,5,2,4,3
MS-KL-019,Thiruvalla · KL27,Kerala,South,2023-09,141,100.0,243,49.96,21.5,3.7,3.9,89.1,0.0,15,26,8,10,21,5,2,4,5
MS-KL-019,Thiruvalla · KL27,Kerala,South,2023-10,84,120.0,188,49.96,38.5,2.3,5.1,90.0,0.0,13,25,7,12,27,6,4,5,2
MS-KL-019,Thiruvalla · KL27,Kerala,South,2023-11,72,113.0,164,49.96,47.6,17.5,6.7,90.2,0.0,22,17,6,5,16,12,0,5,2
MS-KL-019,Thiruvalla · KL27,Kerala,South,2023-12,92,83.0,184,49.96,41.2,3.1,5.6,87.5,1.0,16,23,6,7,21,6,1,6,4
MS-KL-019,Thiruvalla · KL27,Kerala,South,2024-01,130,175.0,223,49.96,53.6,22.2,9.8,87.7,1.0,15,17,8,11,21,6,1,6,6
MS-KL-019,Thiruvalla · KL27,Kerala,South,2024-02,74,110.0,144,49.96,59.4,28.2,13.1,84.9,0.0,16,8,4,9,19,5,1,3,2
MS-KL-019,Thiruvalla · KL27,Kerala,South,2024-03,94,135.0,182,49.96,65.9,30.6,19.0,86.7,1.0,15,13,6,15,17,5,0,6,3
MS-KL-019,Thiruvalla · KL27,Kerala,South,2024-04,96,85.0,185,49.96,59.2,27.3,14.4,86.5,0.0,10,15,12,5,28,8,2,2,2
MS-KL-019,Thiruvalla · KL27,Kerala,South,2024-05,100,99.0,188,49.96,47.2,14.3,5.9,90.4,1.0,11,18,7,8,24,7,0,2,3
MS-KL-025,Cherthala · KL32,Kerala,South,2021-06,35,,155,48.39,,,,,,16,51,10,9,7,5,1,2,7
MS-KL-025,Cherthala · KL32,Kerala,South,2021-07,102,,266,48.39,,,,,,13,59,10,23,8,13,1,6,11
MS-KL-025,Cherthala · KL32,Kerala,South,2021-08,151,,354,48.39,,,,,,26,78,22,11,13,12,3,7,10
MS-KL-025,Cherthala · KL32,Kerala,South,2021-09,139,,336,48.39,,,,,,27,86,23,7,6,13,2,7,12
MS-KL-025,Cherthala · KL32,Kerala,South,2021-10,83,,226,48.39,,,,,,15,57,11,6,13,14,1,5,7
MS-KL-025,Cherthala · KL32,Kerala,South,2021-11,81,,209,48.39,,,,,,15,51,14,9,11,4,1,3,11
MS-KL-025,Cherthala · KL32,Kerala,South,2021-12,92,,244,48.39,,,,,,17,60,18,17,8,7,4,4,7
MS-KL-025,Cherthala · KL32,Kerala,South,2022-01,102,,235,48.39,,,,,,17,52,22,7,6,5,1,6,6
MS-KL-025,Cherthala · KL32,Kerala,South,2022-02,98,,240,48.39,,,,,,22,58,18,13,7,9,2,5,3
MS-KL-025,Cherthala · KL32,Kerala,South,2022-03,100,,243,48.39,,,,,,15,55,19,20,7,6,3,3,6
MS-KL-025,Cherthala · KL32,Kerala,South,2022-04,97,92.0,246,48.39,36.6,1.9,5.9,85.0,0.0,15,58,19,18,10,7,1,9,9
MS-KL-025,Cherthala · KL32,Kerala,South,2022-05,93,107.0,236,48.39,43.7,6.9,8.7,85.5,0.0,22,55,13,14,5,13,1,7,6
MS-KL-025,Cherthala · KL32,Kerala,South,2022-06,103,100.0,257,48.39,38.9,2.0,6.7,84.4,1.0,13,58,17,20,9,5,2,11,5
MS-KL-025,Cherthala · KL32,Kerala,South,2022-07,82,98.0,206,48.39,42.0,6.2,4.8,85.3,1.0,24,50,13,12,7,6,1,4,3
MS-KL-025,Cherthala · KL32,Kerala,South,2022-08,117,92.0,298,48.39,28.3,2.6,3.9,85.3,3.0,39,55,21,18,15,9,4,3,7
MS-KL-025,Cherthala · KL32,Kerala,South,2022-09,166,94.0,352,48.39,6.7,1.3,0.0,85.9,0.0,28,70,16,19,15,11,3,4,7
MS-KL-025,Cherthala · KL32,Kerala,South,2022-10,116,113.0,248,48.39,13.1,3.4,5.0,85.3,0.0,20,47,15,19,4,5,1,7,3
MS-KL-025,Cherthala · KL32,Kerala,South,2022-11,105,107.0,261,48.39,20.5,2.8,4.4,86.2,2.0,16,58,19,25,16,6,1,4,9
MS-KL-025,Cherthala · KL32,Kerala,South,2022-12,122,79.0,270,48.39,11.5,2.6,5.5,85.4,1.0,20,50,18,23,12,8,2,8,2
MS-KL-025,Cherthala · KL32,Kerala,South,2023-01,118,165.0,245,48.39,33.2,4.5,4.4,86.1,0.0,9,49,21,13,11,6,2,5,6
MS-KL-025,Cherthala · KL32,Kerala,South,2023-02,87,103.0,187,48.39,37.0,5.5,6.4,84.1,1.0,17,30,11,20,6,4,0,6,3
MS-KL-025,Cherthala · KL32,Kerala,South,2023-03,200,128.0,387,48.39,13.0,4.6,8.8,85.1,2.0,30,50,23,18,19,9,7,11,5
MS-KL-025,Cherthala · KL32,Kerala,South,2023-04,45,114.0,140,48.39,36.7,1.7,5.7,85.2,0.0,6,43,18,9,6,2,0,6,1
MS-KL-025,Cherthala · KL32,Kerala,South,2023-05,95,132.0,225,48.39,44.2,11.5,7.6,86.8,0.0,28,37,17,14,13,4,2,5,2
MS-KL-025,Cherthala · KL32,Kerala,South,2023-06,95,124.0,231,48.39,68.3,33.5,18.3,86.4,1.0,24,39,25,11,11,2,3,6,3
MS-KL-025,Cherthala · KL32,Kerala,South,2023-07,77,121.0,199,48.39,71.2,35.8,17.4,84.6,1.0,16,34,19,12,9,7,3,8,4
MS-KL-025,Cherthala · KL32,Kerala,South,2023-08,153,113.0,332,48.39,40.2,3.1,5.5,85.6,2.0,37,59,18,15,17,10,2,2,8
MS-KL-025,Cherthala · KL32,Kerala,South,2023-09,164,116.0,304,48.39,19.6,4.6,4.9,84.9,0.0,21,45,17,19,14,4,4,7,1
MS-KL-025,Cherthala · KL32,Kerala,South,2023-10,82,139.0,224,48.39,34.5,5.0,4.5,87.2,0.0,23,53,20,16,12,2,1,6,3
MS-KL-025,Cherthala · KL32,Kerala,South,2023-11,115,131.0,264,48.39,37.3,3.8,8.9,87.0,1.0,35,41,15,14,15,7,2,5,3
MS-KL-025,Cherthala · KL32,Kerala,South,2023-12,106,97.0,242,48.39,33.9,3.5,8.0,86.5,2.0,23,44,15,18,16,7,1,4,1
MS-KL-025,Cherthala · KL32,Kerala,South,2024-01,140,203.0,292,48.39,51.1,21.1,10.0,86.5,0.0,24,54,19,12,13,8,2,7,2
MS-KL-025,Cherthala · KL32,Kerala,South,2024-02,92,127.0,239,48.39,56.6,24.2,13.7,84.4,1.0,21,51,19,11,15,3,2,6,3
MS-KL-025,Cherthala · KL32,Kerala,South,2024-03,100,157.0,212,48.39,69.9,34.1,18.1,85.1,1.0,17,36,16,11,11,7,0,5,3
MS-KL-025,Cherthala · KL32,Kerala,South,2024-04,110,97.0,241,48.39,57.6,25.8,12.3,85.9,0.0,12,38,16,11,25,5,2,9,4
MS-KL-025,Cherthala · KL32,Kerala,South,2024-05,97,112.0,217,48.39,56.4,25.2,10.4,86.7,0.0,23,37,12,11,12,6,3,5,5
MS-KL-031,Thodupuzha · KL38,Kerala,South,2021-06,26,,94,51.35,,,,,,9,26,17,3,2,2,0,0,4
MS-KL-031,Thodupuzha · KL38,Kerala,South,2021-07,85,,200,51.35,,,,,,12,37,19,14,7,4,0,5,8
MS-KL-031,Thodupuzha · KL38,Kerala,South,2021-08,113,,245,51.35,,,,,,15,44,17,9,13,14,1,4,5
MS-KL-031,Thodupuzha · KL38,Kerala,South,2021-09,103,,208,51.35,,,,,,13,40,15,5,8,8,1,2,4
MS-KL-031,Thodupuzha · KL38,Kerala,South,2021-10,59,,152,51.35,,,,,,6,26,21,6,13,7,1,2,7
MS-KL-031,Thodupuzha · KL38,Kerala,South,2021-11,55,,148,51.35,,,,,,8,28,17,8,16,7,0,1,7
MS-KL-031,Thodupuzha · KL38,Kerala,South,2021-12,73,,193,51.35,,,,,,12,39,16,13,5,7,3,7,7
MS-KL-031,Thodupuzha · KL38,Kerala,South,2022-01,82,,167,51.35,,,,,,7,29,20,4,9,5,0,4,4
MS-KL-031,Thodupuzha · KL38,Kerala,South,2022-02,62,,158,51.35,,,,,,11,26,20,11,8,10,1,5,2
MS-KL-031,Thodupuzha · KL38,Kerala,South,2022-03,91,,186,51.35,,,,,,11,22,21,9,9,6,1,8,3
MS-KL-031,Thodupuzha · KL38,Kerala,South,2022-04,49,72.0,149,51.35,55.1,24.9,14.5,85.0,0.0,8,28,22,9,9,10,2,3,4
MS-KL-031,Thodupuzha · KL38,Kerala,South,2022-05,65,83.0,157,51.35,51.7,16.9,11.7,85.2,0.0,14,18,18,15,13,6,0,1,3
MS-KL-031,Thodupuzha · KL38,Kerala,South,2022-06,83,78.0,154,51.35,40.2,1.4,7.0,85.3,2.0,7,21,8,12,8,4,1,3,2
MS-KL-031,Thodupuzha · KL38,Kerala,South,2022-07,65,76.0,169,51.35,40.5,3.2,7.4,86.0,1.0,17,27,21,7,15,3,0,5,5
MS-KL-031,Thodupuzha · KL38,Kerala,South,2022-08,99,71.0,215,51.35,21.0,0.0,6.2,85.6,0.0,15,23,21,16,20,8,0,5,4
MS-KL-031,Thodupuzha · KL38,Kerala,South,2022-09,93,73.0,202,51.35,13.5,4.1,8.7,84.1,0.0,11,39,30,6,8,3,2,3,3
MS-KL-031,Thodupuzha · KL38,Kerala,South,2022-10,63,88.0,149,51.35,28.7,4.0,10.1,83.5,1.0,6,21,21,7,13,4,1,8,3
MS-KL-031,Thodupuzha · KL38,Kerala,South,2022-11,78,83.0,164,51.35,33.7,3.2,10.1,84.9,1.0,12,20,22,12,10,3,1,3,2
MS-KL-031,Thodupuzha · KL38,Kerala,South,2022-12,89,61.0,182,51.35,21.4,0.0,7.7,84.9,0.0,12,18,20,8,13,7,2,4,4
MS-KL-031,Thodupuzha · KL38,Kerala,South,2023-01,117,128.0,213,51.35,22.9,2.8,7.2,84.4,2.0,11,29,20,8,15,3,1,5,3
MS-KL-031,Thodupuzha · KL38,Kerala,South,2023-02,74,80.0,177,51.35,27.8,6.2,7.9,84.3,0.0,12,24,14,18,18,6,0,5,5
MS-KL-031,Thodupuzha · KL38,Kerala,South,2023-03,144,99.0,271,51.35,11.9,1.7,7.6,85.0,2.0,13,31,22,17,17,9,3,4,5
MS-KL-031,Thodupuzha · KL38,Kerala,South,2023-04,33,83.0,102,51.35,35.6,6.3,8.2,83.6,2.0,10,20,14,4,9,4,1,1,2
MS-KL-031,Thodupuzha · KL38,Kerala,South,2023-05,62,96.0,158,51.35,49.9,16.9,12.0,82.4,1.0,14,29,18,5,10,3,2,6,6
MS-KL-031,Thodupuzha · KL38,Kerala,South,2023-06,82,90.0,161,51.35,65.9,28.8,22.0,80.5,1.0,10,20,13,9,13,2,4,2,4
MS-KL-031,Thodupuzha · KL38,Kerala,South,2023-07,61,87.0,149,51.35,61.5,29.3,18.6,80.8,0.0,12,30,16,9,9,5,1,2,2
MS-KL-031,Thodupuzha · KL38,Kerala,South,2023-08,77,82.0,165,51.35,57.2,24.2,15.6,84.3,1.0,11,23,20,8,15,1,3,2,1
MS-KL-031,Thodupuzha · KL38,Kerala,South,2023-09,109,84.0,210,51.35,36.9,5.1,7.1,83.3,0.0,12,26,20,14,14,4,2,4,2
MS-KL-031,Thodupuzha · KL38,Kerala,South,2023-10,81,101.0,170,51.35,42.9,8.4,5.7,83.1,0.0,10,21,18,10,21,3,1,1,2
MS-KL-031,Thodupuzha · KL38,Kerala,South,2023-11,66,95.0,156,51.35,53.0,22.5,10.8,83.0,0.0,20,18,12,9,17,5,2,1,4
MS-KL-031,Thodupuzha · KL38,Kerala,South,2023-12,52,70.0,128,51.35,66.7,32.4,15.6,83.7,0.0,9,19,15,10,11,6,1,0,0
MS-KL-031,Thodupuzha · KL38,Kerala,South,2024-01,104,147.0,213,51.35,75.8,39.6,18.2,82.3,1.0,12,23,28,9,18,9,0,2,3
MS-KL-031,Thodupuzha · KL38,Kerala,South,2024-02,69,92.0,155,51.35,74.7,37.6,18.5,81.7,1.0,9,23,17,14,12,3,2,3,1
MS-KL-031,Thodupuzha · KL38,Kerala,South,2024-03,64,114.0,164,51.35,81.7,39.9,24.7,81.3,1.0,8,17,26,17,19,3,1,1,2
MS-KL-031,Thodupuzha · KL38,Kerala,South,2024-04,74,66.0,184,51.35,68.8,32.6,18.3,80.9,2.0,17,17,23,14,21,7,2,4,1
MS-KL-031,Thodupuzha · KL38,Kerala,South,2024-05,75,76.0,178,51.35,53.4,19.9,11.6,83.9,1.0,19,13,20,11,20,7,3,2,3
MS-KL-037,Mattancherry · KL43,Kerala,South,2021-06,17,,85,47.04,,,,,,8,18,7,7,4,1,2,1,8
MS-KL-037,Mattancherry · KL43,Kerala,South,2021-07,49,,146,47.04,,,,,,14,33,11,11,6,3,0,1,7
MS-KL-037,Mattancherry · KL43,Kerala,South,2021-08,67,,169,47.04,,,,,,22,16,14,8,6,4,2,5,9
MS-KL-037,Mattancherry · KL43,Kerala,South,2021-09,61,,165,47.04,,,,,,18,40,12,5,8,5,0,3,5
MS-KL-037,Mattancherry · KL43,Kerala,South,2021-10,46,,102,47.04,,,,,,8,19,4,7,3,5,1,1,6
MS-KL-037,Mattancherry · KL43,Kerala,South,2021-11,46,,131,47.04,,,,,,11,21,20,9,4,5,0,4,7
MS-KL-037,Mattancherry · KL43,Kerala,South,2021-12,58,,153,47.04,,,,,,14,30,7,11,2,5,0,7,8
MS-KL-037,Mattancherry · KL43,Kerala,South,2022-01,64,,139,47.04,,,,,,12,34,5,7,1,4,1,3,6
MS-KL-037,Mattancherry · KL43,Kerala,South,2022-02,47,,110,47.04,,,,,,10,20,9,8,2,2,1,3,4
MS-KL-037,Mattancherry · KL43,Kerala,South,2022-03,42,,127,47.04,,,,,,17,21,8,15,3,2,1,8,5
MS-KL-037,Mattancherry · KL43,Kerala,South,2022-04,60,46.0,139,47.04,9.6,1.9,3.9,94.4,1.0,11,20,9,9,11,3,0,6,5
MS-KL-037,Mattancherry · KL43,Kerala,South,2022-05,65,54.0,138,47.04,9.7,4.8,8.2,93.4,0.0,13,18,6,11,7,3,0,7,4
MS-KL-037,Mattancherry · KL43,Kerala,South,2022-06,57,50.0,155,47.04,13.0,3.4,9.7,95.5,0.0,14,19,15,17,10,6,2,5,5
MS-KL-037,Mattancherry · KL43,Kerala,South,2022-07,36,49.0,121,47.04,26.6,2.9,8.7,97.1,0.0,19,24,9,10,6,3,0,2,7
MS-KL-037,Mattancherry · KL43,Kerala,South,2022-08,67,46.0,162,47.04,14.2,3.2,6.9,95.6,0.0,22,20,9,22,7,5,0,3,4
MS-KL-037,Mattancherry · KL43,Kerala,South,2022-09,65,47.0,159,47.04,8.9,3.5,5.2,94.3,1.0,18,28,14,7,12,1,0,3,4
MS-KL-037,Mattancherry · KL43,Kerala,South,2022-10,57,56.0,151,47.04,13.9,1.2,2.5,92.8,0.0,20,20,9,12,11,3,2,8,3
MS-KL-037,Mattancherry · KL43,Kerala,South,2022-11,53,53.0,130,47.04,21.4,3.0,6.2,93.8,0.0,9,24,6,18,6,4,1,4,1
MS-KL-037,Mattancherry · KL43,Kerala,South,2022-12,73,39.0,170,47.04,4.5,4.6,2.9,92.8,0.0,20,25,15,12,6,4,2,1,6
MS-KL-037,Mattancherry · KL43,Kerala,South,2023-01,86,82.0,165,47.04,11.0,4.9,2.7,92.4,0.0,10,23,11,8,2,6,3,8,4
MS-KL-037,Mattancherry · KL43,Kerala,South,2023-02,45,52.0,123,47.04,17.7,4.8,2.7,94.1,0.0,14,20,13,13,4,0,1,0,6
MS-KL-037,Mattancherry · KL43,Kerala,South,2023-03,102,64.0,210,47.04,1.6,2.8,0.1,94.5,0.0,14,25,15,21,9,5,1,8,1
MS-KL-037,Mattancherry · KL43,Kerala,South,2023-04,34,62.0,103,47.04,27.7,3.7,2.1,93.7,0.0,12,16,7,13,5,3,1,1,2
MS-KL-037,Mattancherry · KL43,Kerala,South,2023-05,49,72.0,131,47.04,43.2,9.3,5.3,93.0,3.0,14,24,12,7,11,3,1,5,2
MS-KL-037,Mattancherry · KL43,Kerala,South,2023-06,71,67.0,135,47.04,50.1,20.5,5.0,90.9,0.0,11,10,11,9,8,2,3,4,2
MS-KL-037,Mattancherry · KL43,Kerala,South,2023-07,72,66.0,156,47.04,34.1,1.8,0.9,93.1,1.0,13,18,7,10,11,6,3,5,2
MS-KL-037,Mattancherry · KL43,Kerala,South,2023-08,78,62.0,170,47.04,20.6,4.2,4.8,94.2,0.0,20,21,18,12,10,3,0,4,0
MS-KL-037,Mattancherry · KL43,Kerala,South,2023-09,122,63.0,229,47.04,0.0,0.0,4.3,94.7,0.0,22,29,17,11,8,4,0,4,3
MS-KL-037,Mattancherry · KL43,Kerala,South,2023-10,65,76.0,129,47.04,13.3,0.1,6.7,94.6,0.0,10,13,5,5,13,6,7,0,0
MS-KL-037,Mattancherry · KL43,Kerala,South,2023-11,46,72.0,124,47.04,28.2,3.6,5.7,93.5,0.0,16,10,15,10,10,3,0,5,0
MS-KL-037,Mattancherry · KL43,Kerala,South,2023-12,76,53.0,183,47.04,20.2,2.8,3.8,92.7,0.0,26,24,12,17,12,2,1,5,0
MS-KL-037,Mattancherry · KL43,Kerala,South,2024-01,90,111.0,168,47.04,37.5,4.0,5.9,92.7,0.0,11,17,10,4,10,4,3,9,1
MS-KL-037,Mattancherry · KL43,Kerala,South,2024-02,68,69.0,140,47.04,30.1,2.6,5.8,92.9,1.0,7,19,11,11,5,4,1,2,1
MS-KL-037,Mattancherry · KL43,Kerala,South,2024-03,71,86.0,160,47.04,39.7,1.2,7.3,91.1,1.0,11,18,9,21,19,1,1,4,3
MS-KL-037,Mattancherry · KL43,Kerala,South,2024-04,73,64.0,149,47.04,33.4,3.9,4.9,94.1,2.0,8,27,8,5,6,1,4,6,2
MS-KL-037,Mattancherry · KL43,Kerala,South,2024-05,66,75.0,142,47.04,36.9,2.5,7.9,94.2,0.0,10,22,11,5,13,2,0,2,2
MS-KL-043,Alathur · KL49,Kerala,South,2021-06,16,,58,49.0,,,,,,7,15,7,5,0,2,0,1,3
MS-KL-043,Alathur · KL49,Kerala,South,2021-07,46,,125,49.0,,,,,,11,28,15,9,3,3,0,2,3
MS-KL-043,Alathur · KL49,Kerala,South,2021-08,71,,171,49.0,,,,,,14,28,19,10,5,10,0,4,6
MS-KL-043,Alathur · KL49,Kerala,South,2021-09,83,,158,49.0,,,,,,10,31,6,3,4,6,1,4,6
MS-KL-043,Alathur · KL49,Kerala,South,2021-10,51,,127,49.0,,,,,,6,32,16,3,3,5,0,3,6
MS-KL-043,Alathur · KL49,Kerala,South,2021-11,50,,136,49.0,,,,,,11,39,10,10,2,5,0,3,5
MS-KL-043,Alathur · KL49,Kerala,South,2021-12,57,,144,49.0,,,,,,11,33,13,6,7,8,0,3,4
MS-KL-043,Alathur · KL49,Kerala,South,2022-01,62,,167,49.0,,,,,,5,46,20,4,4,8,1,7,4
MS-KL-043,Alathur · KL49,Kerala,South,2022-02,52,,127,49.0,,,,,,10,28,12,7,2,7,1,2,4
MS-KL-043,Alathur · KL49,Kerala,South,2022-03,38,,135,49.0,,,,,,13,36,21,8,3,5,1,3,5
MS-KL-043,Alathur · KL49,Kerala,South,2022-04,63,51.0,127,49.0,23.1,3.2,2.0,86.8,0.0,8,21,17,6,5,1,0,2,2
MS-KL-043,Alathur · KL49,Kerala,South,2022-05,48,60.0,138,49.0,36.2,0.8,2.2,85.8,1.0,8,27,20,11,7,7,2,4,1
MS-KL-043,Alathur · KL49,Kerala,South,2022-06,61,56.0,139,49.0,29.5,3.8,2.4,85.3,0.0,8,26,15,12,4,3,1,2,5
MS-KL-043,Alathur · KL49,Kerala,South,2022-07,28,54.0,98,49.0,54.8,24.7,6.0,84.6,0.0,13,19,12,14,3,2,0,0,4
MS-KL-043,Alathur · KL49,Kerala,South,2022-08,70,51.0,155,49.0,26.9,4.4,2.8,86.9,1.0,13,29,7,9,8,5,1,0,9
MS-KL-043,Alathur · KL49,Kerala,South,2022-09,103,52.0,189,49.0,2.2,2.4,3.0,85.0,0.0,12,33,15,6,10,3,0,2,4
MS-KL-043,Alathur · KL49,Kerala,South,2022-10,56,63.0,136,49.0,12.6,1.4,3.6,86.8,0.0,8,24,14,9,6,6,1,3,6
MS-KL-043,Alathur · KL49,Kerala,South,2022-11,70,59.0,151,49.0,12.4,0.1,4.0,87.6,1.0,9,20,18,12,6,4,0,2,7
MS-KL-043,Alathur · KL49,Kerala,South,2022-12,64,44.0,142,49.0,7.2,4.5,3.2,86.4,0.0,10,22,12,11,1,8,0,4,8
MS-KL-043,Alathur · KL49,Kerala,South,2023-01,70,91.0,139,49.0,32.4,0.0,2.9,87.3,1.0,14,20,12,7,4,2,0,3,4
MS-KL-043,Alathur · KL49,Kerala,South,2023-02,49,57.0,115,49.0,35.1,4.5,1.3,86.7,1.0,13,20,12,7,6,3,1,2,1
MS-KL-043,Alathur · KL49,Kerala,South,2023-03,102,71.0,207,49.0,18.4,1.2,0.2,89.3,3.0,18,32,11,16,8,7,1,1,6
MS-KL-043,Alathur · KL49,Kerala,South,2023-04,33,64.0,65,49.0,41.1,4.9,0.7,86.7,0.0,4,9,2,3,3,3,2,2,3
MS-KL-043,Alathur · KL49,Kerala,South,2023-05,44,74.0,137,49.0,56.8,25.9,5.9,83.6,0.0,19,37,11,8,12,1,1,1,3
MS-KL-043,Alathur · KL49,Kerala,South,2023-06,61,69.0,128,49.0,70.0,35.7,11.8,84.8,1.0,11,25,6,8,4,2,0,4,5
MS-KL-043,Alathur · KL49,Kerala,South,2023-07,53,67.0,127,49.0,60.7,27.9,8.0,85.7,2.0,6,27,12,4,11,3,1,1,5
MS-KL-043,Alathur · KL49,Kerala,South,2023-08,75,63.0,151,49.0,33.9,2.8,1.2,87.3,0.0,17,25,5,6,4,9,2,3,3
MS-KL-043,Alathur · KL49,Kerala,South,2023-09,102,65.0,183,49.0,14.4,3.6,2.0,86.9,1.0,18,17,16,8,6,7,0,5,1
MS-KL-043,Alathur · KL49,Kerala,South,2023-10,66,78.0,140,49.0,28.1,4.4,2.8,87.8,1.0,20,15,8,12,10,5,1,3,0
MS-KL-043,Alathur · KL49,Kerala,South,2023-11,42,73.0,96,49.0,43.3,7.4,5.1,86.6,0.0,11,18,9,5,2,3,0,1,4
MS-KL-043,Alathur · KL49,Kerala,South,2023-12,46,54.0,102,49.0,54.2,22.8,9.3,83.5,0.0,13,6,12,4,9,6,2,2,1
MS-KL-043,Alathur · KL49,Kerala,South,2024-01,70,113.0,151,49.0,85.1,45.2,17.3,80.6,2.0,10,20,12,12,9,2,1,7,4
MS-KL-043,Alathur · KL49,Kerala,South,2024-02,64,71.0,126,49.0,57.7,26.4,6.5,85.0,1.0,10,12,11,11,7,3,2,2,0
MS-KL-043,Alathur · KL49,Kerala,South,2024-03,43,88.0,110,49.0,74.0,38.0,15.2,83.5,0.0,12,18,11,7,7,4,2,1,3
MS-KL-043,Alathur · KL49,Kerala,South,2024-04,61,53.0,132,49.0,53.9,21.2,6.9,85.5,2.0,14,18,10,9,8,5,3,1,1
MS-KL-043,Alathur · KL49,Kerala,South,2024-05,57,62.0,120,49.0,51.7,18.7,5.0,84.7,0.0,11,16,8,12,7,5,1,1,1
MS-KL-049,Ponnani · KL54,Kerala,South,2021-06,57,,108,47.75,,,,,,10,16,4,5,7,1,0,2,1
MS-KL-049,Ponnani · KL54,Kerala,South,2021-07,84,,160,47.75,,,,,,11,25,10,6,7,2,2,4,3
MS-KL-049,Ponnani · KL54,Kerala,South,2021-08,84,,162,47.75,,,,,,18,17,14,5,11,1,0,2,6
MS-KL-049,Ponnani · KL54,Kerala,South,2021-09,92,,178,47.75,,,,,,15,28,7,6,10,3,0,5,5
MS-KL-049,Ponnani · KL54,Kerala,South,2021-10,74,,146,47.75,,,,,,8,18,11,5,11,5,1,0,1
MS-KL-049,Ponnani · KL54,Kerala,South,2021-11,47,,122,47.75,,,,,,7,27,10,5,9,3,0,3,3
MS-KL-049,Ponnani · KL54,Kerala,South,2021-12,60,,119,47.75,,,,,,12,12,9,2,9,6,1,1,1
MS-KL-049,Ponnani · KL54,Kerala,South,2022-01,101,,182,47.75,,,,,,10,18,15,2,13,4,1,2,5
MS-KL-049,Ponnani · KL54,Kerala,South,2022-02,43,,112,47.75,,,,,,13,20,11,11,5,0,2,1,1
MS-KL-049,Ponnani · KL54,Kerala,South,2022-03,61,,120,47.75,,,,,,6,16,9,6,8,4,0,4,1
MS-KL-049,Ponnani · KL54,Kerala,South,2022-04,67,65.0,139,47.75,32.2,3.7,6.5,79.2,0.0,11,23,14,2,10,2,0,5,0
MS-KL-049,Ponnani · KL54,Kerala,South,2022-05,57,76.0,108,47.75,44.3,10.0,9.3,78.3,0.0,10,13,8,5,6,0,0,5,1
MS-KL-049,Ponnani · KL54,Kerala,South,2022-06,78,71.0,161,47.75,35.3,3.0,10.1,78.8,1.0,5,22,20,6,16,2,1,2,1
MS-KL-049,Ponnani · KL54,Kerala,South,2022-07,65,69.0,151,47.75,35.2,4.9,4.9,81.1,1.0,19,16,15,6,17,1,0,4,2
MS-KL-049,Ponnani · KL54,Kerala,South,2022-08,92,65.0,169,47.75,16.1,2.6,6.1,82.1,1.0,13,15,9,12,14,3,0,1,3
MS-KL-049,Ponnani · KL54,Kerala,South,2022-09,67,66.0,142,47.75,17.5,2.1,9.5,83.5,1.0,14,19,14,9,11,0,0,3,0
MS-KL-049,Ponnani · KL54,Kerala,South,2022-10,71,80.0,137,47.75,24.5,0.4,7.0,82.6,1.0,9,15,13,11,5,3,0,1,2
MS-KL-049,Ponnani · KL54,Kerala,South,2022-11,55,75.0,119,47.75,37.2,3.1,6.4,82.5,1.0,11,15,13,3,9,4,1,2,2
MS-KL-049,Ponnani · KL54,Kerala,South,2022-12,67,56.0,135,47.75,27.3,3.6,9.6,82.6,1.0,8,16,20,5,6,5,1,4,0
MS-KL-049,Ponnani · KL54,Kerala,South,2023-01,69,117.0,136,47.75,61.3,27.9,13.6,80.9,1.0,9,16,12,7,5,3,1,2,2
MS-KL-049,Ponnani · KL54,Kerala,South,2023-02,68,73.0,119,47.75,53.2,22.8,7.7,79.7,1.0,6,10,8,8,13,1,2,1,0
MS-KL-049,Ponnani · KL54,Kerala,South,2023-03,92,90.0,167,47.75,40.4,3.5,9.1,78.9,0.0,14,17,11,14,11,2,1,0,2
MS-KL-049,Ponnani · KL54,Kerala,South,2023-04,43,69.0,107,47.75,50.1,16.2,12.9,78.0,0.0,12,22,13,3,5,1,1,3,1
MS-KL-049,Ponnani · KL54,Kerala,South,2023-05,74,80.0,139,47.75,48.7,16.8,8.5,78.7,1.0,8,19,13,4,13,1,1,0,0
MS-KL-049,Ponnani · KL54,Kerala,South,2023-06,64,75.0,121,47.75,53.6,23.5,10.6,80.1,0.0,10,18,11,4,5,0,0,4,0
MS-KL-049,Ponnani · KL54,Kerala,South,2023-07,93,73.0,165,47.75,27.5,3.7,4.5,80.6,1.0,10,16,12,9,11,0,0,4,1
MS-KL-049,Ponnani · KL54,Kerala,South,2023-08,89,68.0,155,47.75,19.4,3.0,6.8,81.0,0.0,11,14,16,2,12,4,1,2,0
MS-KL-049,Ponnani · KL54,Kerala,South,2023-09,129,70.0,220,47.75,0.0,2.1,2.9,81.3,2.0,14,23,13,10,16,3,3,4,0
MS-KL-049,Ponnani · KL54,Kerala,South,2023-10,93,84.0,165,47.75,3.4,1.5,1.7,82.4,1.0,13,28,5,8,13,1,1,1,0
MS-KL-049,Ponnani · KL54,Kerala,South,2023-11,70,79.0,125,47.75,10.1,2.1,6.2,83.3,0.0,10,19,2,7,12,2,0,1,1
MS-KL-049,Ponnani · KL54,Kerala,South,2023-12,77,58.0,120,47.75,7.1,5.2,7.1,81.9,0.0,6,17,7,6,4,1,0,1,0
MS-KL-049,Ponnani · KL54,Kerala,South,2024-01,93,123.0,157,47.75,28.9,4.1,7.7,81.1,3.0,10,16,8,5,12,2,0,3,1
MS-KL-049,Ponnani · KL54,Kerala,South,2024-02,58,77.0,120,47.75,36.6,2.3,7.8,80.2,0.0,13,12,11,6,9,2,1,3,1
MS-KL-049,Ponnani · KL54,Kerala,South,2024-03,74,95.0,132,47.75,48.4,16.6,9.5,78.5,1.0,9,18,9,5,8,0,1,2,2
MS-KL-049,Ponnani · KL54,Kerala,South,2024-04,82,73.0,138,47.75,39.8,2.9,6.9,78.5,0.0,13,11,5,4,12,2,1,4,1
MS-KL-049,Ponnani · KL54,Kerala,South,2024-05,65,85.0,122,47.75,45.9,12.5,7.3,79.4,2.0,11,19,14,4,4,2,0,1,0
MS-KL-055,Idukki · KL6,Kerala,South,2021-06,24,,52,54.27,,,,,,1,11,10,4,1,0,0,0,1
MS-KL-055,Idukki · KL6,Kerala,South,2021-07,42,,97,54.27,,,,,,4,19,18,4,0,0,1,2,1
MS-KL-055,Idukki · KL6,Kerala,South,2021-08,51,,106,54.27,,,,,,5,14,12,7,3,3,0,2,6
MS-KL-055,Idukki · KL6,Kerala,South,2021-09,87,,158,54.27,,,,,,10,22,19,3,3,4,2,0,2
MS-KL-055,Idukki · KL6,Kerala,South,2021-10,40,,66,54.27,,,,,,5,6,6,1,2,1,0,1,1
MS-KL-055,Idukki · KL6,Kerala,South,2021-11,38,,91,54.27,,,,,,5,19,12,6,5,2,0,1,2
MS-KL-055,Idukki · KL6,Kerala,South,2021-12,52,,97,54.27,,,,,,4,12,13,3,3,2,0,1,4
MS-KL-055,Idukki · KL6,Kerala,South,2022-01,46,,91,54.27,,,,,,6,10,12,2,4,1,1,4,3
MS-KL-055,Idukki · KL6,Kerala,South,2022-02,34,,63,54.27,,,,,,3,8,8,0,4,2,0,2,1
MS-KL-055,Idukki · KL6,Kerala,South,2022-03,30,,77,54.27,,,,,,5,15,17,6,3,0,0,1,0
MS-KL-055,Idukki · KL6,Kerala,South,2022-04,49,42.0,105,54.27,23.9,4.7,0.3,85.3,0.0,7,12,21,3,4,3,0,1,3
MS-KL-055,Idukki · KL6,Kerala,South,2022-05,40,49.0,82,54.27,32.5,3.5,6.1,85.9,0.0,3,13,13,5,1,1,0,3,2
MS-KL-055,Idukki · KL6,Kerala,South,2022-06,43,46.0,81,54.27,35.1,4.3,3.9,84.7,0.0,5,7,12,2,0,4,0,1,4
MS-KL-055,Idukki · KL6,Kerala,South,2022-07,31,44.0,73,54.27,47.3,14.4,5.8,84.7,0.0,8,8,10,4,6,0,0,1,4
MS-KL-055,Idukki · KL6,Kerala,South,2022-08,36,42.0,98,54.27,44.4,11.1,4.1,84.8,0.0,6,13,24,5,6,3,0,1,2
MS-KL-055,Idukki · KL6,Kerala,South,2022-09,55,43.0,89,54.27,24.4,5.1,0.5,84.6,0.0,3,8,8,5,3,4,0,1,1
MS-KL-055,Idukki · KL6,Kerala,South,2022-10,45,51.0,88,54.27,33.3,1.4,0.0,86.1,0.0,0,4,27,5,1,1,1,1,2
MS-KL-055,Idukki · KL6,Kerala,South,2022-11,39,48.0,78,54.27,40.1,1.0,0.0,84.4,1.0,4,8,18,1,4,0,0,1,1
MS-KL-055,Idukki · KL6,Kerala,South,2022-12,46,36.0,95,54.27,25.7,2.7,0.0,85.7,0.0,4,9,18,3,2,5,0,1,4
MS-KL-055,Idukki · KL6,Kerala,South,2023-01,60,75.0,102,54.27,43.0,6.1,0.7,87.0,0.0,4,8,14,1,4,2,1,5,2
MS-KL-055,Idukki · KL6,Kerala,South,2023-02,24,47.0,52,54.27,58.4,27.8,8.3,86.2,1.0,2,10,7,1,1,2,0,2,2
MS-KL-055,Idukki · KL6,Kerala,South,2023-03,71,58.0,125,54.27,35.6,3.4,4.5,86.9,0.0,4,18,18,1,5,1,2,1,1
MS-KL-055,Idukki · KL6,Kerala,South,2023-04,26,44.0,65,54.27,53.7,22.8,8.1,86.0,0.0,4,13,10,1,2,1,0,3,1
MS-KL-055,Idukki · KL6,Kerala,South,2023-05,29,51.0,66,54.27,60.2,28.4,12.8,85.5,0.0,2,14,13,2,2,0,0,1,1
MS-KL-055,Idukki · KL6,Kerala,South,2023-06,30,47.0,57,54.27,89.1,45.3,27.9,81.0,0.0,4,8,7,1,3,2,0,1,0
MS-KL-055,Idukki · KL6,Kerala,South,2023-07,41,46.0,73,54.27,59.6,29.0,17.4,82.3,0.0,2,6,13,2,2,0,1,2,1
MS-KL-055,Idukki · KL6,Kerala,South,2023-08,38,43.0,77,54.27,46.0,12.9,11.1,84.3,0.0,7,7,15,3,1,2,0,3,0
MS-KL-055,Idukki · KL6,Kerala,South,2023-09,54,44.0,100,54.27,25.4,3.1,3.4,84.2,0.0,6,9,15,3,5,3,0,1,1
MS-KL-055,Idukki · KL6,Kerala,South,2023-10,43,53.0,86,54.27,39.7,0.0,4.9,85.0,2.0,2,8,17,5,4,2,2,2,0
MS-KL-055,Idukki · KL6,Kerala,South,2023-11,40,50.0,77,54.27,43.3,10.1,5.6,87.2,1.0,0,10,15,3,2,2,1,1,1
MS-KL-055,Idukki · KL6,Kerala,South,2023-12,44,37.0,74,54.27,31.1,0.9,3.1,88.4,0.0,3,11,10,4,1,1,0,0,0
MS-KL-055,Idukki · KL6,Kerala,South,2024-01,47,78.0,88,54.27,59.2,26.8,10.4,86.2,0.0,2,14,8,3,5,2,0,2,2
MS-KL-055,Idukki · KL6,Kerala,South,2024-02,30,49.0,63,54.27,65.4,31.0,13.6,84.6,0.0,3,7,13,1,4,1,0,0,0
MS-KL-055,Idukki · KL6,Kerala,South,2024-03,39,60.0,87,54.27,77.4,38.3,22.0,84.1,0.0,4,6,14,8,6,3,0,0,5
MS-KL-055,Idukki · KL6,Kerala,South,2024-04,39,35.0,77,54.27,54.7,22.5,10.6,88.2,0.0,3,16,10,4,2,0,0,0,1
MS-KL-055,Idukki · KL6,Kerala,South,2024-05,51,41.0,90,54.27,29.4,1.2,4.5,88.4,0.0,2,8,8,2,9,3,1,1,3
MS-KL-061,Thirurangadi · KL65,Kerala,South,2021-06,112,,206,45.35,,,,,,13,25,15,13,10,2,0,2,4
MS-KL-061,Thirurangadi · KL65,Kerala,South,2021-07,178,,330,45.35,,,,,,21,30,29,15,18,11,4,4,8
MS-KL-061,Thirurangadi · KL65,Kerala,South,2021-08,171,,352,45.35,,,,,,35,33,32,16,30,7,1,6,7
MS-KL-061,Thirurangadi · KL65,Kerala,South,2021-09,240,,412,45.35,,,,,,33,47,30,14,16,8,1,3,7
MS-KL-061,Thirurangadi · KL65,Kerala,South,2021-10,126,,250,45.35,,,,,,15,31,27,9,16,12,0,4,2
MS-KL-061,Thirurangadi · KL65,Kerala,South,2021-11,128,,273,45.35,,,,,,17,31,22,12,30,7,2,4,5
MS-KL-061,Thirurangadi · KL65,Kerala,South,2021-12,144,,262,45.35,,,,,,25,36,18,12,12,3,0,2,4
MS-KL-061,Thirurangadi · KL65,Kerala,South,2022-01,158,,299,45.35,,,,,,22,35,25,12,14,7,1,9,3
MS-KL-061,Thirurangadi · KL65,Kerala,South,2022-02,121,,270,45.35,,,,,,26,52,18,11,11,8,3,6,6
MS-KL-061,Thirurangadi · KL65,Kerala,South,2022-03,124,,262,45.35,,,,,,20,36,14,20,15,12,0,7,1
MS-KL-061,Thirurangadi · KL65,Kerala,South,2022-04,134,137.0,268,45.35,41.3,5.0,2.6,79.8,1.0,18,32,23,19,21,7,3,2,5
MS-KL-061,Thirurangadi · KL65,Kerala,South,2022-05,115,159.0,230,45.35,53.7,22.0,8.7,81.3,1.0,20,24,20,17,17,3,2,4,3
MS-KL-061,Thirurangadi · KL65,Kerala,South,2022-06,155,149.0,306,45.35,43.1,8.0,4.1,82.7,3.0,17,45,28,21,17,3,2,4,8
MS-KL-061,Thirurangadi · KL65,Kerala,South,2022-07,134,145.0,268,45.35,41.9,9.7,2.5,82.2,1.0,20,37,23,14,11,6,1,6,3
MS-KL-061,Thirurangadi · KL65,Kerala,South,2022-08,151,136.0,330,45.35,31.5,4.4,0.0,83.2,5.0,36,42,21,21,29,9,2,5,4
MS-KL-061,Thirurangadi · KL65,Kerala,South,2022-09,182,139.0,293,45.35,20.5,1.0,0.8,82.7,5.0,21,26,17,14,14,4,1,4,3
MS-KL-061,Thirurangadi · KL65,Kerala,South,2022-10,141,167.0,272,45.35,24.6,4.3,2.9,83.1,1.0,23,30,12,18,19,8,3,6,1
MS-KL-061,Thirurangadi · KL65,Kerala,South,2022-11,115,158.0,276,45.35,36.3,2.8,6.2,81.7,1.0,35,35,20,20,25,8,1,3,2
MS-KL-061,Thirurangadi · KL65,Kerala,South,2022-12,140,116.0,258,45.35,30.5,3.2,4.9,81.1,1.0,26,34,13,12,18,5,0,1,2
MS-KL-061,Thirurangadi · KL65,Kerala,South,2023-01,177,244.0,311,45.35,52.4,20.0,8.7,79.7,3.0,27,27,16,17,15,11,3,7,3
MS-KL-061,Thirurangadi · KL65,Kerala,South,2023-02,126,153.0,237,45.35,48.7,18.2,5.2,82.4,2.0,26,24,14,15,15,1,3,6,2
MS-KL-061,Thirurangadi · KL65,Kerala,South,2023-03,191,189.0,356,45.35,44.6,12.3,5.6,79.8,2.0,26,46,16,26,19,10,5,5,3
MS-KL-061,Thirurangadi · KL65,Kerala,South,2023-04,77,143.0,160,45.35,62.4,31.8,10.0,79.8,1.0,11,29,13,9,8,3,1,3,1
MS-KL-061,Thirurangadi · KL65,Kerala,South,2023-05,111,166.0,243,45.35,68.5,34.8,10.9,79.0,0.0,25,34,14,15,25,8,3,3,0
MS-KL-061,Thirurangadi · KL65,Kerala,South,2023-06,145,155.0,273,45.35,66.1,35.2,10.7,83.6,1.0,23,48,20,10,13,2,2,3,3
MS-KL-061,Thirurangadi · KL65,Kerala,South,2023-07,168,151.0,324,45.35,42.2,8.5,0.8,85.6,0.0,29,46,16,16,27,9,2,4,1
MS-KL-061,Thirurangadi · KL65,Kerala,South,2023-08,181,142.0,309,45.35,25.1,4.8,2.2,86.5,1.0,26,27,31,9,19,4,3,3,2
MS-KL-061,Thirurangadi · KL65,Kerala,South,2023-09,239,145.0,410,45.35,9.7,3.8,1.1,84.7,5.0,41,45,19,18,21,5,3,8,2
MS-KL-061,Thirurangadi · KL65,Kerala,South,2023-10,139,174.0,263,45.35,23.8,3.0,2.1,83.4,1.0,29,24,22,9,25,3,1,3,2
MS-KL-061,Thirurangadi · KL65,Kerala,South,2023-11,131,165.0,242,45.35,32.2,4.5,0.7,80.0,1.0,22,33,10,12,22,0,2,2,0
MS-KL-061,Thirurangadi · KL65,Kerala,South,2023-12,121,121.0,231,45.35,34.6,1.4,4.2,82.8,2.0,19,41,8,9,20,3,3,2,1
MS-KL-061,Thirurangadi · KL65,Kerala,South,2024-01,190,254.0,329,45.35,49.7,19.0,6.4,79.9,4.0,32,34,10,13,26,10,2,4,1
MS-KL-061,Thirurangadi · KL65,Kerala,South,2024-02,90,160.0,178,45.35,65.9,32.5,11.8,79.3,1.0,16,18,12,10,18,4,2,4,0
MS-KL-061,Thirurangadi · KL65,Kerala,South,2024-03,123,197.0,260,45.35,77.5,39.8,19.8,77.4,5.0,32,35,14,16,21,6,4,4,1
MS-KL-061,Thirurangadi · KL65,Kerala,South,2024-04,148,131.0,307,45.35,65.0,33.6,17.5,78.8,6.0,34,44,21,16,24,3,4,7,1
MS-KL-061,Thirurangadi · KL65,Kerala,South,2024-05,138,152.0,271,45.35,51.4,19.6,5.8,82.3,2.0,30,38,11,8,27,4,1,5,0
MS-KL-067,Chittur · KL70,Kerala,South,2021-06,14,,49,48.83,,,,,,6,15,3,1,2,1,0,1,5
MS-KL-067,Chittur · KL70,Kerala,South,2021-07,24,,84,48.83,,,,,,6,20,14,7,4,0,0,1,4
MS-KL-067,Chittur · KL70,Kerala,South,2021-08,69,,154,48.83,,,,,,7,25,21,10,3,6,0,2,6
MS-KL-067,Chittur · KL70,Kerala,South,2021-09,81,,156,48.83,,,,,,15,24,16,4,4,4,0,1,5
MS-KL-067,Chittur · KL70,Kerala,South,2021-10,49,,109,48.83,,,,,,6,23,11,5,4,3,1,0,4
MS-KL-067,Chittur · KL70,Kerala,South,2021-11,40,,116,48.83,,,,,,5,31,11,5,5,10,0,0,7
MS-KL-067,Chittur · KL70,Kerala,South,2021-12,32,,86,48.83,,,,,,3,29,10,2,3,1,2,0,4
MS-KL-067,Chittur · KL70,Kerala,South,2022-01,59,,119,48.83,,,,,,6,29,9,3,1,4,1,1,5
MS-KL-067,Chittur · KL70,Kerala,South,2022-02,45,,89,48.83,,,,,,5,20,6,4,0,3,0,2,3
MS-KL-067,Chittur · KL70,Kerala,South,2022-03,55,,130,48.83,,,,,,9,26,19,9,3,3,0,3,2
MS-KL-067,Chittur · KL70,Kerala,South,2022-04,46,45.0,105,48.83,27.6,1.5,5.2,80.6,1.0,6,24,14,3,1,4,2,1,2
MS-KL-067,Chittur · KL70,Kerala,South,2022-05,36,53.0,94,48.83,42.6,6.8,6.8,79.1,0.0,8,16,8,10,5,3,0,3,3
MS-KL-067,Chittur · KL70,Kerala,South,2022-06,40,49.0,104,48.83,48.9,18.9,10.6,78.3,0.0,10,23,13,7,2,5,0,0,4
MS-KL-067,Chittur · KL70,Kerala,South,2022-07,39,48.0,91,48.83,55.6,24.9,12.8,80.1,0.0,11,14,10,6,3,4,0,2,2
MS-KL-067,Chittur · KL70,Kerala,South,2022-08,47,45.0,128,48.83,42.4,6.8,7.0,80.6,1.0,10,24,15,11,7,6,1,2,4
MS-KL-067,Chittur · KL70,Kerala,South,2022-09,68,46.0,153,48.83,18.6,2.0,3.7,80.3,0.0,16,34,15,6,3,4,1,1,2
MS-KL-067,Chittur · KL70,Kerala,South,2022-10,66,55.0,136,48.83,12.5,3.3,6.1,82.6,1.0,15,17,17,9,4,3,1,0,1
MS-KL-067,Chittur · KL70,Kerala,South,2022-11,42,52.0,107,48.83,25.4,4.0,9.2,82.9,0.0,6,18,15,8,4,4,0,3,4
MS-KL-067,Chittur · KL70,Kerala,South,2022-12,49,38.0,98,48.83,19.4,1.2,7.7,82.7,0.0,8,16,13,3,4,2,0,3,0
MS-KL-067,Chittur · KL70,Kerala,South,2023-01,58,81.0,136,48.83,45.6,11.5,9.6,82.5,2.0,13,26,18,9,0,4,1,3,3
MS-KL-067,Chittur · KL70,Kerala,South,2023-02,51,51.0,93,48.83,40.3,3.3,9.3,81.3,0.0,5,10,13,3,3,1,0,1,2
MS-KL-067,Chittur · KL70,Kerala,South,2023-03,87,62.0,182,48.83,17.2,4.8,8.3,81.4,1.0,11,28,21,13,7,3,1,1,1
MS-KL-067,Chittur · KL70,Kerala,South,2023-04,20,51.0,48,48.83,44.7,11.7,4.9,80.7,0.0,4,6,7,2,3,1,0,2,1
MS-KL-067,Chittur · KL70,Kerala,South,2023-05,31,59.0,85,48.83,58.7,28.8,14.3,79.6,0.0,13,19,9,2,4,0,0,1,4
MS-KL-067,Chittur · KL70,Kerala,South,2023-06,45,55.0,98,48.83,79.6,42.1,20.5,78.0,2.0,11,21,8,3,2,1,0,0,5
MS-KL-067,Chittur · KL70,Kerala,South,2023-07,29,54.0,96,48.83,84.5,42.9,22.6,77.8,0.0,9,19,14,6,4,8,2,4,0
MS-KL-067,Chittur · KL70,Kerala,South,2023-08,45,51.0,132,48.83,59.2,27.5,13.6,82.1,0.0,13,30,13,8,8,6,1,2,5
MS-KL-067,Chittur · KL70,Kerala,South,2023-09,54,52.0,130,48.83,46.0,16.4,8.3,82.1,1.0,13,22,13,9,4,5,0,5,1
MS-KL-067,Chittur · KL70,Kerala,South,2023-10,49,62.0,114,48.83,48.2,16.0,9.7,80.5,2.0,16,14,10,7,8,6,1,2,1
MS-KL-067,Chittur · KL70,Kerala,South,2023-11,37,59.0,88,48.83,60.8,28.0,15.1,79.2,0.0,9,14,9,9,6,2,0,0,1
MS-KL-067,Chittur · KL70,Kerala,South,2023-12,38,43.0,85,48.83,59.4,26.3,13.5,81.2,1.0,12,11,8,3,3,4,1,5,0
MS-KL-067,Chittur · KL70,Kerala,South,2024-01,64,91.0,132,48.83,75.8,38.5,19.1,80.0,0.0,7,21,15,5,5,3,0,5,4
MS-KL-067,Chittur · KL70,Kerala,South,2024-02,29,57.0,75,48.83,86.2,45.2,26.9,80.1,0.0,11,15,5,1,5,3,0,4,2
MS-KL-067,Chittur · KL70,Kerala,South,2024-03,38,70.0,88,48.83,87.2,44.8,24.6,79.0,1.0,6,18,11,5,4,3,0,0,3
MS-KL-067,Chittur · KL70,Kerala,South,2024-04,41,37.0,126,48.83,73.3,36.3,19.5,79.0,0.0,10,23,17,6,11,3,0,6,6
MS-KL-067,Chittur · KL70,Kerala,South,2024-05,36,43.0,86,48.83,62.7,29.6,11.7,79.2,1.0,4,15,10,10,8,1,0,1,1
MS-KL-073,Perambra · KL77,Kerala,South,2021-06,39,,97,51.13,,,,,,11,14,9,7,6,3,0,1,5
MS-KL-073,Perambra · KL77,Kerala,South,2021-07,91,,171,51.13,,,,,,14,20,11,6,14,4,0,5,5
MS-KL-073,Perambra · KL77,Kerala,South,2021-08,110,,244,51.13,,,,,,27,35,25,5,23,0,0,3,6
MS-KL-073,Perambra · KL77,Kerala,South,2021-09,157,,271,51.13,,,,,,18,26,18,7,24,7,0,3,5
MS-KL-073,Perambra · KL77,Kerala,South,2021-10,72,,147,51.13,,,,,,8,19,12,4,18,5,0,1,3
MS-KL-073,Perambra · KL77,Kerala,South,2021-11,72,,160,51.13,,,,,,18,18,12,4,15,3,0,5,6
MS-KL-073,Perambra · KL77,Kerala,South,2021-12,78,,156,51.13,,,,,,7,29,11,2,13,5,0,1,6
MS-KL-073,Perambra · KL77,Kerala,South,2022-01,87,,163,51.13,,,,,,16,25,12,3,15,3,1,1,0
MS-KL-073,Perambra · KL77,Kerala,South,2022-02,56,,126,51.13,,,,,,10,27,11,6,9,1,1,1,0
MS-KL-073,Perambra · KL77,Kerala,South,2022-03,80,,154,51.13,,,,,,13,24,14,3,11,4,1,0,1
MS-KL-073,Perambra · KL77,Kerala,South,2022-04,93,80.0,177,51.13,22.1,1.9,12.1,87.6,0.0,12,27,18,1,11,2,0,7,0
MS-KL-073,Perambra · KL77,Kerala,South,2022-05,54,93.0,124,51.13,44.6,10.5,15.5,90.4,1.0,10,18,8,4,20,2,0,2,4
MS-KL-073,Perambra · KL77,Kerala,South,2022-06,60,87.0,132,51.13,56.3,24.1,22.7,88.3,1.0,5,28,15,11,7,1,0,3,2
MS-KL-073,Perambra · KL77,Kerala,South,2022-07,57,85.0,142,51.13,76.5,42.3,31.1,87.3,2.0,25,22,8,7,11,2,0,4,3
MS-KL-073,Perambra · KL77,Kerala,South,2022-08,103,79.0,208,51.13,40.7,4.9,15.1,87.9,1.0,19,23,19,9,23,4,0,2,3
MS-KL-073,Perambra · KL77,Kerala,South,2022-09,95,81.0,169,51.13,27.4,2.2,11.1,86.4,0.0,16,22,12,1,12,2,0,4,1
MS-KL-073,Perambra · KL77,Kerala,South,2022-10,75,98.0,158,51.13,40.4,3.0,12.1,86.8,0.0,16,19,19,4,15,2,1,3,1
MS-KL-073,Perambra · KL77,Kerala,South,2022-11,68,92.0,151,51.13,52.7,22.9,14.9,86.6,0.0,12,14,22,10,17,3,0,0,2
MS-KL-073,Perambra · KL77,Kerala,South,2022-12,68,68.0,134,51.13,50.9,19.0,15.0,89.1,0.0,9,15,12,8,9,3,0,4,3
MS-KL-073,Perambra · KL77,Kerala,South,2023-01,96,143.0,170,51.13,73.4,36.3,22.3,86.7,0.0,12,15,16,4,16,2,1,3,3
MS-KL-073,Perambra · KL77,Kerala,South,2023-02,65,89.0,130,51.13,71.1,37.0,23.9,88.8,0.0,10,13,16,3,17,0,0,2,3
MS-KL-073,Perambra · KL77,Kerala,South,2023-03,123,111.0,231,51.13,46.0,10.9,16.3,89.6,1.0,22,26,23,10,15,3,2,1,2
MS-KL-073,Perambra · KL77,Kerala,South,2023-04,40,78.0,86,51.13,63.9,31.2,20.9,88.6,0.0,7,11,15,2,5,1,2,0,1
MS-KL-073,Perambra · KL77,Kerala,South,2023-05,67,90.0,132,51.13,60.1,28.1,20.5,87.3,0.0,11,21,6,5,19,0,0,3,0
MS-KL-073,Perambra · KL77,Kerala,South,2023-06,71,84.0,146,51.13,74.3,36.3,25.9,83.4,0.0,12,18,15,5,15,2,0,3,0
MS-KL-073,Perambra · KL77,Kerala,South,2023-07,72,82.0,152,51.13,61.4,28.1,25.1,84.1,2.0,20,20,10,2,19,3,0,4,0
MS-KL-073,Perambra · KL77,Kerala,South,2023-08,103,77.0,175,51.13,36.7,2.9,19.2,88.0,0.0,16,14,14,5,15,1,0,2,2
MS-KL-073,Perambra · KL77,Kerala,South,2023-09,140,79.0,237,51.13,10.6,0.9,9.4,89.8,0.0,18,20,14,11,27,1,1,3,0
MS-KL-073,Perambra · KL77,Kerala,South,2023-10,84,95.0,154,51.13,20.6,3.1,8.2,88.6,0.0,17,14,8,6,12,2,0,2,0
MS-KL-073,Perambra · KL77,Kerala,South,2023-11,63,89.0,133,51.13,33.5,2.6,9.8,88.7,1.0,17,23,10,5,11,1,1,1,0
MS-KL-073,Perambra · KL77,Kerala,South,2023-12,53,66.0,105,51.13,47.8,14.6,15.3,87.0,0.0,14,14,11,3,5,4,0,1,0
MS-KL-073,Perambra · KL77,Kerala,South,2024-01,122,138.0,190,51.13,46.2,13.2,15.5,88.8,3.0,11,12,7,4,20,3,2,3,0
MS-KL-073,Perambra · KL77,Kerala,South,2024-02,58,87.0,119,51.13,49.9,15.5,16.8,88.0,2.0,14,16,9,5,12,0,1,1,0
MS-KL-073,Perambra · KL77,Kerala,South,2024-03,75,107.0,143,51.13,55.1,23.4,17.9,87.2,1.0,17,18,5,5,15,1,1,4,1
MS-KL-073,Perambra · KL77,Kerala,South,2024-04,70,72.0,129,51.13,57.5,28.9,19.2,86.2,0.0,9,9,4,8,18,5,1,3,0
MS-KL-073,Perambra · KL77,Kerala,South,2024-05,67,84.0,129,51.13,57.0,26.1,17.1,87.1,0.0,14,11,8,4,16,1,0,2,1
MS-KL-079,Chadayamangala · KL82,Kerala,South,2021-06,30,,70,54.96,,,,,,5,16,4,5,1,1,0,1,3
MS-KL-079,Chadayamangala · KL82,Kerala,South,2021-07,75,,131,54.96,,,,,,10,15,11,5,5,2,0,1,3
MS-KL-079,Chadayamangala · KL82,Kerala,South,2021-08,87,,181,54.96,,,,,,14,31,14,10,12,1,0,1,4
MS-KL-079,Chadayamangala · KL82,Kerala,South,2021-09,100,,171,54.96,,,,,,8,17,13,5,5,5,0,4,6
MS-KL-079,Chadayamangala · KL82,Kerala,South,2021-10,62,,105,54.96,,,,,,4,14,6,3,4,4,0,1,5
MS-KL-079,Chadayamangala · KL82,Kerala,South,2021-11,47,,107,54.96,,,,,,6,16,14,4,3,3,0,2,7
MS-KL-079,Chadayamangala · KL82,Kerala,South,2021-12,66,,124,54.96,,,,,,5,23,12,4,5,2,0,2,2
MS-KL-079,Chadayamangala · KL82,Kerala,South,2022-01,72,,138,54.96,,,,,,8,18,11,8,9,3,0,1,4
MS-KL-079,Chadayamangala · KL82,Kerala,South,2022-02,53,,108,54.96,,,,,,12,13,15,3,1,5,1,4,0
MS-KL-079,Chadayamangala · KL82,Kerala,South,2022-03,50,,98,54.96,,,,,,7,19,9,4,2,3,1,0,1
MS-KL-079,Chadayamangala · KL82,Kerala,South,2022-04,64,62.0,115,54.96,29.0,5.0,3.8,79.9,1.0,4,13,14,1,10,4,1,1,1
MS-KL-079,Chadayamangala · KL82,Kerala,South,2022-05,52,72.0,89,54.96,43.6,9.9,7.3,81.0,1.0,5,11,6,5,2,4,0,0,3
MS-KL-079,Chadayamangala · KL82,Kerala,South,2022-06,57,68.0,112,54.96,45.5,13.3,5.1,81.9,0.0,6,20,7,6,3,4,1,2,2
MS-KL-079,Chadayamangala · KL82,Kerala,South,2022-07,53,66.0,93,54.96,44.8,9.9,6.2,80.1,2.0,7,8,13,3,1,1,1,1,4
MS-KL-079,Chadayamangala · KL82,Kerala,South,2022-08,82,62.0,150,54.96,24.1,6.5,3.3,81.2,0.0,8,13,20,4,7,4,0,2,6
MS-KL-079,Chadayamangala · KL82,Kerala,South,2022-09,84,63.0,130,54.96,15.8,2.2,0.5,83.9,2.0,6,19,9,3,2,3,0,1,1
MS-KL-079,Chadayamangala · KL82,Kerala,South,2022-10,61,76.0,122,54.96,23.9,2.4,5.6,84.2,1.0,11,18,10,1,6,5,1,3,3
MS-KL-079,Chadayamangala · KL82,Kerala,South,2022-11,59,72.0,105,54.96,34.3,3.0,5.7,84.0,1.0,5,7,11,7,4,5,1,2,3
MS-KL-079,Chadayamangala · KL82,Kerala,South,2022-12,54,53.0,100,54.96,35.7,2.9,11.6,81.5,0.0,8,13,8,7,2,2,3,0,2
MS-KL-079,Chadayamangala · KL82,Kerala,South,2023-01,62,111.0,115,54.96,70.3,32.4,18.7,80.2,2.0,10,14,12,8,2,2,1,0,4
MS-KL-079,Chadayamangala · KL82,Kerala,South,2023-02,45,70.0,79,54.96,76.1,37.5,19.2,79.5,3.0,1,13,6,3,5,2,0,1,2
MS-KL-079,Chadayamangala · KL82,Kerala,South,2023-03,87,86.0,136,54.96,55.0,21.5,10.4,80.9,2.0,9,21,5,1,3,6,0,3,1
MS-KL-079,Chadayamangala · KL82,Kerala,South,2023-04,22,62.0,50,54.96,79.7,39.4,18.8,77.1,1.0,3,10,6,5,0,1,0,2,1
MS-KL-079,Chadayamangala · KL82,Kerala,South,2023-05,42,72.0,83,54.96,77.3,38.5,20.6,77.2,2.0,4,17,10,3,1,1,0,1,4
MS-KL-079,Chadayamangala · KL82,Kerala,South,2023-06,54,67.0,88,54.96,95.3,44.7,23.7,75.7,0.0,5,11,5,2,3,1,0,5,2
MS-KL-079,Chadayamangala · KL82,Kerala,South,2023-07,46,65.0,89,54.96,65.2,30.7,14.0,77.1,0.0,8,10,10,4,2,2,1,1,1
MS-KL-079,Chadayamangala · KL82,Kerala,South,2023-08,75,61.0,128,54.96,35.0,4.4,4.1,80.3,0.0,7,15,12,3,5,0,1,2,3
MS-KL-079,Chadayamangala · KL82,Kerala,South,2023-09,88,63.0,133,54.96,16.4,3.1,5.4,80.2,0.0,6,9,10,8,3,4,0,3,1
MS-KL-079,Chadayamangala · KL82,Kerala,South,2023-10,54,75.0,97,54.96,32.4,3.1,3.3,80.3,0.0,11,12,6,6,2,3,0,2,1
MS-KL-079,Chadayamangala · KL82,Kerala,South,2023-11,33,71.0,67,54.96,57.6,30.8,7.7,78.7,2.0,7,9,8,3,5,0,0,0,2
MS-KL-079,Chadayamangala · KL82,Kerala,South,2023-12,37,52.0,67,54.96,70.9,34.7,16.1,77.0,0.0,8,12,2,2,2,1,0,1,1
MS-KL-079,Chadayamangala · KL82,Kerala,South,2024-01,68,110.0,115,54.96,92.8,47.4,26.7,77.2,0.0,9,10,8,5,5,3,0,2,3
MS-KL-079,Chadayamangala · KL82,Kerala,South,2024-02,37,69.0,83,54.96,84.4,38.3,25.9,79.1,0.0,2,11,13,9,3,2,0,3,1
MS-KL-079,Chadayamangala · KL82,Kerala,South,2024-03,43,85.0,84,54.96,90.2,45.4,28.2,77.9,2.0,9,7,7,4,6,4,0,2,0
MS-KL-079,Chadayamangala · KL82,Kerala,South,2024-04,60,46.0,110,54.96,59.3,26.6,14.7,79.8,0.0,11,11,8,5,6,1,1,5,0
MS-KL-079,Chadayamangala · KL82,Kerala,South,2024-05,57,53.0,103,54.96,40.5,4.4,4.4,80.2,0.0,8,18,1,5,4,3,0,0,3
MS-LA-001,Kargil · LA1,Ladakh,North,2021-06,46,,85,38.24,,,,,,17,0,16,4,2,0,0,0,0
MS-LA-001,Kargil · LA1,Ladakh,North,2021-07,63,,118,38.24,,,,,,24,0,27,4,0,0,0,0,0
MS-LA-001,Kargil · LA1,Ladakh,North,2021-08,71,,121,38.24,,,,,,22,5,21,1,1,0,0,0,0
MS-LA-001,Kargil · LA1,Ladakh,North,2021-09,69,,117,38.24,,,,,,26,2,14,0,0,1,0,0,2
MS-LA-001,Kargil · LA1,Ladakh,North,2021-10,34,,61,38.24,,,,,,9,1,11,1,1,0,0,0,3
MS-LA-001,Kargil · LA1,Ladakh,North,2021-11,23,,62,38.24,,,,,,14,6,11,3,2,0,0,0,1
MS-LA-001,Kargil · LA1,Ladakh,North,2021-12,43,,85,38.24,,,,,,10,9,19,3,0,0,0,0,1
MS-LA-001,Kargil · LA1,Ladakh,North,2022-01,9,,33,38.24,,,,,,8,7,9,0,0,0,0,0,0
MS-LA-001,Kargil · LA1,Ladakh,North,2022-02,11,,28,38.24,,,,,,8,1,4,0,3,0,1,0,0
MS-LA-001,Kargil · LA1,Ladakh,North,2022-03,8,,32,38.24,,,,,,6,3,9,1,5,0,0,0,0
MS-LA-001,Kargil · LA1,Ladakh,North,2022-04,26,42.0,56,38.24,60.8,28.8,15.8,79.1,0.0,8,5,15,0,1,0,0,0,0
MS-LA-001,Kargil · LA1,Ladakh,North,2022-05,39,40.0,82,38.24,46.7,14.0,10.9,79.4,0.0,10,5,25,3,0,0,0,0,0
MS-LA-001,Kargil · LA1,Ladakh,North,2022-06,42,34.0,86,38.24,31.8,2.8,6.5,78.6,0.0,12,5,24,1,1,0,0,0,0
MS-LA-001,Kargil · LA1,Ladakh,North,2022-07,40,33.0,90,38.24,23.0,2.6,4.1,80.4,0.0,18,8,22,0,0,0,0,0,1
MS-LA-001,Kargil · LA1,Ladakh,North,2022-08,41,28.0,69,38.24,10.5,2.3,4.5,80.3,2.0,6,3,15,0,4,0,0,0,0
MS-LA-001,Kargil · LA1,Ladakh,North,2022-09,35,24.0,76,38.24,5.8,1.8,1.5,80.1,0.0,9,11,18,1,1,0,0,0,0
MS-LA-001,Kargil · LA1,Ladakh,North,2022-10,31,39.0,62,38.24,21.5,2.8,0.8,80.4,0.0,6,4,19,0,1,0,0,0,0
MS-LA-001,Kargil · LA1,Ladakh,North,2022-11,32,46.0,60,38.24,45.4,11.8,3.4,81.0,0.0,5,5,14,1,2,0,1,0,0
MS-LA-001,Kargil · LA1,Ladakh,North,2022-12,15,36.0,40,38.24,73.5,37.7,15.0,79.8,0.0,5,3,15,1,1,0,0,0,0
MS-LA-001,Kargil · LA1,Ladakh,North,2023-01,7,48.0,25,38.24,170.2,60.6,31.4,78.3,0.0,3,6,9,0,0,0,0,0,0
MS-LA-001,Kargil · LA1,Ladakh,North,2023-02,5,40.0,16,38.24,178.9,60.1,31.5,77.2,0.0,0,2,7,1,1,0,0,0,0
MS-LA-001,Kargil · LA1,Ladakh,North,2023-03,7,41.0,28,38.24,173.4,59.7,34.3,76.5,0.0,2,5,14,0,0,0,0,0,0
MS-LA-001,Kargil · LA1,Ladakh,North,2023-04,20,34.0,57,38.24,139.4,56.9,30.3,76.5,0.0,9,7,18,2,0,0,1,0,0
MS-LA-001,Kargil · LA1,Ladakh,North,2023-05,45,32.0,107,38.24,43.6,9.9,5.0,80.5,0.0,17,5,29,5,5,0,0,0,1
MS-LA-001,Kargil · LA1,Ladakh,North,2023-06,56,27.0,123,38.24,0.0,3.9,1.3,80.3,0.0,20,14,27,1,4,0,0,0,1
MS-LA-001,Kargil · LA1,Ladakh,North,2023-07,37,26.0,78,38.24,0.0,2.0,1.0,81.8,0.0,8,7,12,1,11,0,1,0,1
MS-LA-001,Kargil · LA1,Ladakh,North,2023-08,56,22.0,117,38.24,0.0,4.3,1.9,81.1,0.0,20,12,28,0,0,0,0,0,0
MS-LA-001,Kargil · LA1,Ladakh,North,2023-09,33,19.0,73,38.24,0.0,5.8,3.3,80.9,0.0,9,5,22,0,3,0,1,0,0
MS-LA-001,Kargil · LA1,Ladakh,North,2023-10,19,31.0,41,38.24,21.8,4.9,4.0,83.1,0.0,6,4,10,0,1,0,0,0,1
MS-LA-001,Kargil · LA1,Ladakh,North,2023-11,25,37.0,50,38.24,50.8,16.1,9.0,83.2,0.0,5,5,9,0,2,0,3,0,0
MS-LA-001,Kargil · LA1,Ladakh,North,2023-12,26,28.0,69,38.24,53.0,20.8,11.1,81.9,0.0,11,6,23,0,3,0,0,0,0
MS-LA-001,Kargil · LA1,Ladakh,North,2024-01,23,38.0,49,38.24,71.7,34.6,18.6,79.6,1.0,7,3,13,1,2,0,0,0,0
MS-LA-001,Kargil · LA1,Ladakh,North,2024-02,14,32.0,24,38.24,94.7,48.5,29.6,78.6,0.0,1,1,8,0,0,0,0,0,0
MS-LA-001,Kargil · LA1,Ladakh,North,2024-03,15,33.0,45,38.24,109.0,51.7,32.7,76.8,0.0,5,5,18,0,2,0,0,0,0
MS-LA-001,Kargil · LA1,Ladakh,North,2024-04,29,39.0,87,38.24,72.2,35.1,17.2,78.4,0.0,10,4,39,0,4,0,1,0,0
MS-LA-001,Kargil · LA1,Ladakh,North,2024-05,54,37.0,116,38.24,23.5,3.7,4.5,82.0,1.0,11,9,27,1,12,0,0,0,2
MS-MH-006,Pimpri Chinchwad · MH14,Maharashtra,West,2021-06,824,,2264,31.01,,,,,,408,462,99,200,54,41,37,39,34
MS-MH-006,Pimpri Chinchwad · MH14,Maharashtra,West,2021-07,1640,,3830,31.01,,,,,,658,592,225,202,128,71,42,64,91
MS-MH-006,Pimpri Chinchwad · MH14,Maharashtra,West,2021-08,1504,,3620,31.01,,,,,,610,642,246,207,97,39,31,82,66
MS-MH-006,Pimpri Chinchwad · MH14,Maharashtra,West,2021-09,1110,,2859,31.01,,,,,,415,556,203,166,108,63,24,70,77
MS-MH-006,Pimpri Chinchwad · MH14,Maharashtra,West,2021-10,1197,,3623,31.01,,,,,,501,818,262,249,173,104,33,125,100
MS-MH-006,Pimpri Chinchwad · MH14,Maharashtra,West,2021-11,1012,,2893,31.01,,,,,,408,652,243,140,126,50,17,134,68
MS-MH-006,Pimpri Chinchwad · MH14,Maharashtra,West,2021-12,1029,,3041,31.01,,,,,,431,768,281,182,89,61,31,75,54
MS-MH-006,Pimpri Chinchwad · MH14,Maharashtra,West,2022-01,1564,,3938,31.01,,,,,,493,946,281,138,177,64,54,115,60
MS-MH-006,Pimpri Chinchwad · MH14,Maharashtra,West,2022-02,1305,,3684,31.01,,,,,,437,991,335,208,86,65,34,114,65
MS-MH-006,Pimpri Chinchwad · MH14,Maharashtra,West,2022-03,1480,,4488,31.01,,,,,,603,1330,333,232,129,76,50,118,70
MS-MH-006,Pimpri Chinchwad · MH14,Maharashtra,West,2022-04,1084,1400.0,3795,31.01,53.1,19.5,3.4,79.2,22.0,487,1111,417,235,140,52,35,136,62
MS-MH-006,Pimpri Chinchwad · MH14,Maharashtra,West,2022-05,1238,1393.0,3741,31.01,46.0,10.5,1.5,79.3,23.0,516,1032,303,205,99,69,48,121,63
MS-MH-006,Pimpri Chinchwad · MH14,Maharashtra,West,2022-06,1325,1049.0,4171,31.01,29.8,3.1,0.0,78.9,14.0,553,1201,397,268,115,73,55,83,58
MS-MH-006,Pimpri Chinchwad · MH14,Maharashtra,West,2022-07,1376,1117.0,4288,31.01,22.4,3.9,1.8,78.9,22.0,657,1170,387,214,159,69,48,104,56
MS-MH-006,Pimpri Chinchwad · MH14,Maharashtra,West,2022-08,1507,1115.0,4713,31.01,11.8,4.1,5.2,81.2,20.0,767,1237,362,270,187,54,57,126,82
MS-MH-006,Pimpri Chinchwad · MH14,Maharashtra,West,2022-09,1312,956.0,4011,31.01,6.5,5.5,2.7,81.4,10.0,568,1083,431,219,121,55,47,77,45
MS-MH-006,Pimpri Chinchwad · MH14,Maharashtra,West,2022-10,2065,1862.0,6490,31.01,9.3,4.9,3.3,81.0,40.0,1097,1610,617,361,222,115,65,158,95
MS-MH-006,Pimpri Chinchwad · MH14,Maharashtra,West,2022-11,1259,1707.0,3914,31.01,26.4,0.0,4.1,81.2,13.0,563,984,459,178,116,66,68,122,53
MS-MH-006,Pimpri Chinchwad · MH14,Maharashtra,West,2022-12,1209,1200.0,3910,31.01,29.7,1.3,1.4,78.9,13.0,599,1023,431,201,97,77,55,107,58
MS-MH-006,Pimpri Chinchwad · MH14,Maharashtra,West,2023-01,1905,1790.0,5758,31.01,29.5,6.1,4.6,80.5,15.0,875,1335,575,274,187,83,67,333,71
MS-MH-006,Pimpri Chinchwad · MH14,Maharashtra,West,2023-02,1166,1248.0,3694,31.01,32.3,4.3,2.7,81.2,16.0,515,960,405,212,112,58,47,122,47
MS-MH-006,Pimpri Chinchwad · MH14,Maharashtra,West,2023-03,1679,1239.0,5346,31.01,18.7,4.7,1.3,80.5,18.0,759,1343,543,338,245,76,73,153,58
MS-MH-006,Pimpri Chinchwad · MH14,Maharashtra,West,2023-04,1371,1670.0,4400,31.01,35.9,3.3,0.0,78.7,16.0,664,1130,460,225,218,59,60,132,35
MS-MH-006,Pimpri Chinchwad · MH14,Maharashtra,West,2023-05,1352,1663.0,3979,31.01,39.9,2.3,1.3,79.0,22.0,573,952,445,205,168,29,52,106,38
MS-MH-006,Pimpri Chinchwad · MH14,Maharashtra,West,2023-06,1610,1251.0,4529,31.01,26.8,3.6,1.7,80.9,25.0,658,1082,421,180,209,53,74,136,48
MS-MH-006,Pimpri Chinchwad · MH14,Maharashtra,West,2023-07,1635,1333.0,4603,31.01,19.6,4.2,0.0,79.0,17.0,582,1105,529,155,218,57,53,165,39
MS-MH-006,Pimpri Chinchwad · MH14,Maharashtra,West,2023-08,1754,1330.0,4890,31.01,11.5,3.0,2.9,79.1,18.0,697,1149,493,235,216,52,60,146,45
MS-MH-006,Pimpri Chinchwad · MH14,Maharashtra,West,2023-09,1861,1141.0,5370,31.01,0.0,3.2,1.8,81.1,35.0,738,1263,525,300,232,81,50,230,32
MS-MH-006,Pimpri Chinchwad · MH14,Maharashtra,West,2023-10,1989,2221.0,6103,31.01,11.9,2.4,0.0,81.3,31.0,733,1772,629,266,272,113,55,159,49
MS-MH-006,Pimpri Chinchwad · MH14,Maharashtra,West,2023-11,1975,2036.0,6010,31.01,15.6,3.9,0.0,77.4,25.0,784,1597,674,247,225,95,62,221,22
MS-MH-006,Pimpri Chinchwad · MH14,Maharashtra,West,2023-12,1188,1432.0,3767,31.01,22.7,2.6,0.8,77.7,16.0,497,1075,408,162,113,88,38,126,19
MS-MH-006,Pimpri Chinchwad · MH14,Maharashtra,West,2024-01,2099,2135.0,6090,31.01,27.4,3.0,0.6,76.3,21.0,899,1622,564,218,261,122,47,161,35
MS-MH-006,Pimpri Chinchwad · MH14,Maharashtra,West,2024-02,1490,1489.0,4350,31.01,29.9,2.1,0.0,78.1,18.0,599,1044,474,245,231,65,44,84,22
MS-MH-006,Pimpri Chinchwad · MH14,Maharashtra,West,2024-03,1537,1479.0,4646,31.01,26.8,2.6,0.0,80.4,21.0,603,1237,435,224,234,54,45,156,26
MS-MH-006,Pimpri Chinchwad · MH14,Maharashtra,West,2024-04,1910,1843.0,5339,31.01,28.1,2.2,0.9,79.8,26.0,784,1295,478,219,249,82,71,163,32
MS-MH-006,Pimpri Chinchwad · MH14,Maharashtra,West,2024-05,1648,1835.0,4870,31.01,34.1,2.8,4.1,80.1,17.0,684,1152,498,214,282,48,57,193,17
MS-MH-012,Mumbai (West) · MH2,Maharashtra,West,2021-06,179,,775,34.27,,,,,,165,87,47,61,23,43,54,14,28
MS-MH-012,Mumbai (West) · MH2,Maharashtra,West,2021-07,510,,1640,34.27,,,,,,246,173,58,150,145,85,77,41,35
MS-MH-012,Mumbai (West) · MH2,Maharashtra,West,2021-08,441,,1552,34.27,,,,,,232,159,70,116,96,74,94,72,43
MS-MH-012,Mumbai (West) · MH2,Maharashtra,West,2021-09,319,,1378,34.27,,,,,,223,176,70,129,95,95,50,73,31
MS-MH-012,Mumbai (West) · MH2,Maharashtra,West,2021-10,332,,1670,34.27,,,,,,225,216,81,217,145,96,68,105,40
MS-MH-012,Mumbai (West) · MH2,Maharashtra,West,2021-11,315,,1416,34.27,,,,,,181,210,100,160,93,65,52,86,29
MS-MH-012,Mumbai (West) · MH2,Maharashtra,West,2021-12,393,,1617,34.27,,,,,,215,297,120,147,138,53,58,71,14
MS-MH-012,Mumbai (West) · MH2,Maharashtra,West,2022-01,422,,1386,34.27,,,,,,139,199,63,102,90,55,79,100,29
MS-MH-012,Mumbai (West) · MH2,Maharashtra,West,2022-02,388,,1406,34.27,,,,,,166,232,85,117,48,97,78,90,18
MS-MH-012,Mumbai (West) · MH2,Maharashtra,West,2022-03,427,,1743,34.27,,,,,,205,319,129,156,103,53,76,117,36
MS-MH-012,Mumbai (West) · MH2,Maharashtra,West,2022-04,310,404.0,1439,34.27,55.2,21.8,10.6,86.0,2.0,179,195,123,137,125,65,51,119,22
MS-MH-012,Mumbai (West) · MH2,Maharashtra,West,2022-05,411,403.0,1430,34.27,45.1,9.1,3.8,86.0,5.0,201,194,78,144,81,74,47,112,19
MS-MH-012,Mumbai (West) · MH2,Maharashtra,West,2022-06,461,303.0,1869,34.27,23.8,2.4,4.3,89.1,2.0,197,302,188,194,125,78,70,122,24
MS-MH-012,Mumbai (West) · MH2,Maharashtra,West,2022-07,458,323.0,1745,34.27,10.6,1.1,4.2,88.1,5.0,207,273,122,180,132,53,66,104,34
MS-MH-012,Mumbai (West) · MH2,Maharashtra,West,2022-08,536,322.0,1953,34.27,0.0,3.1,9.2,87.0,7.0,198,304,130,186,166,62,73,123,30
MS-MH-012,Mumbai (West) · MH2,Maharashtra,West,2022-09,358,276.0,1634,34.27,0.5,4.2,8.1,89.2,2.0,198,281,149,174,105,50,70,95,33
MS-MH-012,Mumbai (West) · MH2,Maharashtra,West,2022-10,514,538.0,1893,34.27,13.2,2.0,5.8,87.5,4.0,223,310,139,190,123,73,68,120,33
MS-MH-012,Mumbai (West) · MH2,Maharashtra,West,2022-11,464,493.0,1684,34.27,23.5,2.2,6.0,87.3,4.0,145,294,148,153,100,60,95,92,30
MS-MH-012,Mumbai (West) · MH2,Maharashtra,West,2022-12,441,347.0,1641,34.27,15.4,3.2,10.2,87.5,1.0,142,235,137,158,109,65,82,113,26
MS-MH-012,Mumbai (West) · MH2,Maharashtra,West,2023-01,517,517.0,1794,34.27,17.7,1.9,5.6,86.8,2.0,156,281,157,148,114,49,84,142,20
MS-MH-012,Mumbai (West) · MH2,Maharashtra,West,2023-02,432,361.0,1575,34.27,15.6,3.8,4.6,87.5,0.0,155,247,136,145,115,48,81,102,17
MS-MH-012,Mumbai (West) · MH2,Maharashtra,West,2023-03,488,358.0,1879,34.27,8.4,1.1,5.7,89.4,4.0,192,319,143,162,146,44,112,102,22
MS-MH-012,Mumbai (West) · MH2,Maharashtra,West,2023-04,493,526.0,1957,34.27,19.8,2.4,4.7,87.0,5.0,208,286,185,178,185,87,115,103,13
MS-MH-012,Mumbai (West) · MH2,Maharashtra,West,2023-05,520,523.0,1820,34.27,23.9,5.0,6.4,87.6,7.0,216,244,152,184,170,33,88,78,16
MS-MH-012,Mumbai (West) · MH2,Maharashtra,West,2023-06,521,394.0,1791,34.27,18.5,2.6,5.6,88.0,2.0,244,197,127,177,154,54,97,99,21
MS-MH-012,Mumbai (West) · MH2,Maharashtra,West,2023-07,542,419.0,1789,34.27,12.2,2.5,3.8,88.0,4.0,226,186,163,151,158,48,95,97,17
MS-MH-012,Mumbai (West) · MH2,Maharashtra,West,2023-08,650,419.0,2071,34.27,2.7,3.1,3.2,88.2,3.0,229,217,157,225,203,50,100,129,19
MS-MH-012,Mumbai (West) · MH2,Maharashtra,West,2023-09,565,359.0,1951,34.27,0.0,4.6,3.4,88.4,6.0,242,195,142,235,174,67,84,114,18
MS-MH-012,Mumbai (West) · MH2,Maharashtra,West,2023-10,637,699.0,2172,34.27,13.7,3.4,3.7,86.5,5.0,220,231,169,221,245,119,96,112,16
MS-MH-012,Mumbai (West) · MH2,Maharashtra,West,2023-11,584,641.0,2085,34.27,18.4,2.4,2.0,89.5,5.0,225,262,171,227,208,92,78,99,12
MS-MH-012,Mumbai (West) · MH2,Maharashtra,West,2023-12,471,451.0,1736,34.27,17.5,0.0,3.6,89.5,3.0,203,196,119,168,168,99,74,99,13
MS-MH-012,Mumbai (West) · MH2,Maharashtra,West,2024-01,717,672.0,2118,34.27,18.4,2.8,4.1,88.3,6.0,232,249,149,165,182,100,99,107,10
MS-MH-012,Mumbai (West) · MH2,Maharashtra,West,2024-02,587,469.0,1799,34.27,16.0,1.6,3.3,88.8,9.0,187,234,134,178,194,65,68,57,8
MS-MH-012,Mumbai (West) · MH2,Maharashtra,West,2024-03,442,465.0,1800,34.27,20.1,3.1,5.9,87.9,6.0,202,224,165,170,247,75,60,74,8
MS-MH-012,Mumbai (West) · MH2,Maharashtra,West,2024-04,527,625.0,1946,34.27,31.2,1.0,5.7,86.3,3.0,264,212,147,163,248,73,71,89,21
MS-MH-012,Mumbai (West) · MH2,Maharashtra,West,2024-05,680,622.0,2134,34.27,26.2,0.7,7.7,85.3,2.0,441,194,153,134,210,54,66,95,11
MS-MH-018,Dharashiv · MH25,Maharashtra,West,2021-06,54,,190,34.86,,,,,,33,33,44,14,3,4,0,0,2
MS-MH-018,Dharashiv · MH25,Maharashtra,West,2021-07,86,,252,34.86,,,,,,33,29,58,23,6,4,2,0,4
MS-MH-018,Dharashiv · MH25,Maharashtra,West,2021-08,112,,271,34.86,,,,,,36,21,57,20,7,5,0,1,7
MS-MH-018,Dharashiv · MH25,Maharashtra,West,2021-09,78,,199,34.86,,,,,,27,44,24,11,3,3,2,0,4
MS-MH-018,Dharashiv · MH25,Maharashtra,West,2021-10,73,,218,34.86,,,,,,23,40,45,7,10,6,0,2,10
MS-MH-018,Dharashiv · MH25,Maharashtra,West,2021-11,72,,245,34.86,,,,,,25,48,67,8,6,5,0,1,8
MS-MH-018,Dharashiv · MH25,Maharashtra,West,2021-12,66,,196,34.86,,,,,,23,40,36,8,5,3,1,0,12
MS-MH-018,Dharashiv · MH25,Maharashtra,West,2022-01,120,,276,34.86,,,,,,27,50,50,8,3,8,2,1,5
MS-MH-018,Dharashiv · MH25,Maharashtra,West,2022-02,87,,219,34.86,,,,,,23,41,51,7,2,3,3,0,2
MS-MH-018,Dharashiv · MH25,Maharashtra,West,2022-03,83,,268,34.86,,,,,,29,60,59,21,8,3,2,0,2
MS-MH-018,Dharashiv · MH25,Maharashtra,West,2022-04,86,85.0,277,34.86,17.9,5.7,2.9,80.2,0.0,25,51,71,23,5,7,1,1,6
MS-MH-018,Dharashiv · MH25,Maharashtra,West,2022-05,88,84.0,252,34.86,16.8,3.4,0.7,79.4,1.0,36,48,49,13,7,2,2,0,6
MS-MH-018,Dharashiv · MH25,Maharashtra,West,2022-06,84,63.0,262,34.86,11.5,1.2,0.0,78.6,4.0,37,58,50,16,11,1,1,1,2
MS-MH-018,Dharashiv · MH25,Maharashtra,West,2022-07,75,67.0,248,34.86,13.6,2.6,0.0,79.7,2.0,39,45,55,14,13,2,1,0,4
MS-MH-018,Dharashiv · MH25,Maharashtra,West,2022-08,65,67.0,221,34.86,20.5,0.0,3.5,76.5,0.0,31,49,46,13,6,3,2,0,4
MS-MH-018,Dharashiv · MH25,Maharashtra,West,2022-09,77,58.0,240,34.86,14.7,2.8,5.0,78.3,1.0,25,37,74,14,7,2,0,0,3
MS-MH-018,Dharashiv · MH25,Maharashtra,West,2022-10,108,112.0,375,34.86,21.4,1.6,6.7,78.6,2.0,56,73,92,22,10,4,1,2,5
MS-MH-018,Dharashiv · MH25,Maharashtra,West,2022-11,88,103.0,299,34.86,26.6,3.6,4.5,78.1,1.0,32,59,88,16,6,2,1,0,6
MS-MH-018,Dharashiv · MH25,Maharashtra,West,2022-12,67,72.0,214,34.86,27.8,2.5,6.2,77.6,1.0,26,48,51,7,4,1,2,1,6
MS-MH-018,Dharashiv · MH25,Maharashtra,West,2023-01,95,108.0,317,34.86,34.8,0.0,7.4,78.4,2.0,43,50,95,18,6,1,4,0,5
MS-MH-018,Dharashiv · MH25,Maharashtra,West,2023-02,72,75.0,215,34.86,35.1,2.9,9.5,75.4,2.0,25,32,66,10,4,2,0,1,2
MS-MH-018,Dharashiv · MH25,Maharashtra,West,2023-03,92,75.0,312,34.86,26.5,0.0,7.8,75.7,1.0,41,63,86,15,10,0,1,1,2
MS-MH-018,Dharashiv · MH25,Maharashtra,West,2023-04,62,97.0,254,34.86,44.4,7.9,9.5,77.6,2.0,28,51,83,10,8,1,2,1,6
MS-MH-018,Dharashiv · MH25,Maharashtra,West,2023-05,72,97.0,266,34.86,52.0,19.3,10.8,77.7,2.0,32,52,85,8,9,2,1,0,4
MS-MH-018,Dharashiv · MH25,Maharashtra,West,2023-06,79,73.0,224,34.86,46.3,13.1,9.0,79.5,1.0,27,43,52,6,10,1,2,0,4
MS-MH-018,Dharashiv · MH25,Maharashtra,West,2023-07,65,78.0,224,34.86,51.2,17.4,10.1,78.5,1.0,26,38,77,5,5,0,2,2,4
MS-MH-018,Dharashiv · MH25,Maharashtra,West,2023-08,77,77.0,250,34.86,45.0,10.3,6.3,78.1,1.0,31,46,73,6,10,3,1,2,0
MS-MH-018,Dharashiv · MH25,Maharashtra,West,2023-09,79,66.0,262,34.86,33.1,2.8,6.0,78.8,2.0,32,57,71,8,7,3,2,1,2
MS-MH-018,Dharashiv · MH25,Maharashtra,West,2023-10,74,129.0,251,34.86,59.3,28.5,14.1,77.7,1.0,30,56,70,5,12,2,1,0,0
MS-MH-018,Dharashiv · MH25,Maharashtra,West,2023-11,106,119.0,368,34.86,53.4,23.9,10.7,78.6,4.0,47,87,89,11,17,1,1,1,3
MS-MH-018,Dharashiv · MH25,Maharashtra,West,2023-12,58,83.0,190,34.86,56.4,24.6,14.2,79.0,2.0,21,43,51,3,7,1,0,2,4
MS-MH-018,Dharashiv · MH25,Maharashtra,West,2024-01,96,124.0,340,34.86,55.8,23.5,11.2,77.9,1.0,44,73,99,11,12,1,3,0,1
MS-MH-018,Dharashiv · MH25,Maharashtra,West,2024-02,77,87.0,250,34.86,75.5,38.4,15.3,77.7,1.0,26,69,49,3,17,2,3,0,3
MS-MH-018,Dharashiv · MH25,Maharashtra,West,2024-03,81,86.0,269,34.86,74.4,39.1,15.1,76.9,5.0,31,55,82,3,12,1,1,1,2
MS-MH-018,Dharashiv · MH25,Maharashtra,West,2024-04,105,86.0,332,34.86,66.6,34.0,6.1,76.1,2.0,41,89,72,8,9,1,4,1,2
MS-MH-018,Dharashiv · MH25,Maharashtra,West,2024-05,82,86.0,248,34.86,70.7,36.0,9.8,78.8,2.0,30,46,61,8,14,2,1,1,3
MS-MH-024,Akola · MH30,Maharashtra,West,2021-06,121,,324,33.34,,,,,,47,58,55,20,0,8,4,0,3
MS-MH-024,Akola · MH30,Maharashtra,West,2021-07,126,,340,33.34,,,,,,48,58,53,10,10,10,8,0,15
MS-MH-024,Akola · MH30,Maharashtra,West,2021-08,151,,353,33.34,,,,,,40,53,54,20,6,7,1,1,10
MS-MH-024,Akola · MH30,Maharashtra,West,2021-09,93,,253,33.34,,,,,,33,44,36,10,2,8,2,0,20
MS-MH-024,Akola · MH30,Maharashtra,West,2021-10,118,,273,33.34,,,,,,39,38,37,9,4,11,1,3,13
MS-MH-024,Akola · MH30,Maharashtra,West,2021-11,105,,250,33.34,,,,,,31,39,45,9,6,2,2,1,7
MS-MH-024,Akola · MH30,Maharashtra,West,2021-12,80,,214,33.34,,,,,,26,41,35,7,2,4,0,2,15
MS-MH-024,Akola · MH30,Maharashtra,West,2022-01,155,,353,33.34,,,,,,20,86,47,7,6,15,3,0,12
MS-MH-024,Akola · MH30,Maharashtra,West,2022-02,87,,254,33.34,,,,,,33,63,34,12,1,8,1,1,13
MS-MH-024,Akola · MH30,Maharashtra,West,2022-03,120,,338,33.34,,,,,,39,74,66,18,1,4,1,3,12
MS-MH-024,Akola · MH30,Maharashtra,West,2022-04,91,127.0,305,33.34,53.3,20.8,11.9,79.2,1.0,35,68,76,11,7,2,2,3,10
MS-MH-024,Akola · MH30,Maharashtra,West,2022-05,143,126.0,325,33.34,35.3,3.5,8.7,79.5,3.0,32,70,46,10,4,7,2,1,9
MS-MH-024,Akola · MH30,Maharashtra,West,2022-06,97,95.0,296,33.34,31.9,3.1,12.8,79.3,1.0,23,73,62,11,3,9,3,3,11
MS-MH-024,Akola · MH30,Maharashtra,West,2022-07,107,101.0,298,33.34,25.6,5.3,13.7,81.5,2.0,37,71,54,11,1,2,3,2,7
MS-MH-024,Akola · MH30,Maharashtra,West,2022-08,116,101.0,324,33.34,21.9,3.9,12.8,80.4,0.0,35,87,58,12,2,8,0,0,6
MS-MH-024,Akola · MH30,Maharashtra,West,2022-09,111,87.0,293,33.34,16.9,2.4,10.9,78.9,1.0,29,61,61,10,3,5,5,0,8
MS-MH-024,Akola · MH30,Maharashtra,West,2022-10,152,168.0,425,33.34,31.6,5.4,10.8,78.6,2.0,50,101,77,11,6,8,2,1,15
MS-MH-024,Akola · MH30,Maharashtra,West,2022-11,83,154.0,297,33.34,57.0,23.7,15.6,76.0,1.0,23,92,68,9,3,7,1,0,8
MS-MH-024,Akola · MH30,Maharashtra,West,2022-12,72,109.0,242,33.34,60.6,29.5,17.1,76.1,2.0,24,56,60,10,4,4,2,1,9
MS-MH-024,Akola · MH30,Maharashtra,West,2023-01,159,162.0,382,33.34,53.7,18.8,14.1,77.3,1.0,36,70,71,12,9,7,1,2,15
MS-MH-024,Akola · MH30,Maharashtra,West,2023-02,97,113.0,289,33.34,44.1,10.5,10.2,77.9,4.0,26,68,66,7,8,3,2,1,10
MS-MH-024,Akola · MH30,Maharashtra,West,2023-03,119,112.0,334,33.34,33.1,3.9,4.9,80.5,0.0,27,87,63,8,7,7,2,1,12
MS-MH-024,Akola · MH30,Maharashtra,West,2023-04,83,131.0,316,33.34,54.1,21.9,11.8,78.1,2.0,36,75,83,13,3,6,4,1,12
MS-MH-024,Akola · MH30,Maharashtra,West,2023-05,91,131.0,260,33.34,61.5,28.0,12.8,75.8,1.0,27,61,62,5,2,5,1,1,3
MS-MH-024,Akola · MH30,Maharashtra,West,2023-06,105,98.0,291,33.34,47.9,16.5,9.1,79.4,4.0,26,67,71,4,5,2,3,1,5
MS-MH-024,Akola · MH30,Maharashtra,West,2023-07,107,105.0,318,33.34,36.9,4.9,7.3,78.9,1.0,44,62,70,6,7,5,3,2,10
MS-MH-024,Akola · MH30,Maharashtra,West,2023-08,114,105.0,306,33.34,28.7,4.7,5.8,77.4,2.0,32,56,78,4,7,5,3,1,3
MS-MH-024,Akola · MH30,Maharashtra,West,2023-09,114,90.0,318,33.34,20.6,1.4,4.5,77.9,1.0,33,59,73,11,7,6,2,3,6
MS-MH-024,Akola · MH30,Maharashtra,West,2023-10,153,175.0,416,33.34,34.9,2.5,5.5,78.9,0.0,43,79,103,8,8,10,2,1,8
MS-MH-024,Akola · MH30,Maharashtra,West,2023-11,139,160.0,401,33.34,39.4,0.5,7.2,78.4,5.0,61,93,82,5,4,8,3,1,5
MS-MH-024,Akola · MH30,Maharashtra,West,2023-12,78,113.0,231,33.34,47.5,16.5,8.9,78.3,3.0,21,58,47,8,2,5,2,0,9
MS-MH-024,Akola · MH30,Maharashtra,West,2024-01,199,168.0,447,33.34,32.5,4.7,6.3,78.7,4.0,42,87,77,4,13,9,2,7,5
MS-MH-024,Akola · MH30,Maharashtra,West,2024-02,90,117.0,279,33.34,39.6,3.7,6.5,79.6,0.0,25,84,56,6,10,2,1,1,4
MS-MH-024,Akola · MH30,Maharashtra,West,2024-03,79,116.0,306,33.34,43.4,7.2,4.5,78.1,0.0,33,101,66,6,8,4,1,2,4
MS-MH-024,Akola · MH30,Maharashtra,West,2024-04,131,125.0,340,33.34,44.3,10.3,6.8,79.4,1.0,33,90,49,13,9,2,4,1,7
MS-MH-024,Akola · MH30,Maharashtra,West,2024-05,101,125.0,300,33.34,51.4,18.1,11.5,80.7,1.0,45,60,56,11,11,3,4,2,6
MS-MH-030,Bhandara · MH36,Maharashtra,West,2021-06,59,,199,34.15,,,,,,29,62,23,6,0,2,1,0,10
MS-MH-030,Bhandara · MH36,Maharashtra,West,2021-07,71,,169,34.15,,,,,,34,23,13,4,5,2,3,0,5
MS-MH-030,Bhandara · MH36,Maharashtra,West,2021-08,83,,178,34.15,,,,,,23,33,10,12,4,2,1,0,5
MS-MH-030,Bhandara · MH36,Maharashtra,West,2021-09,118,,213,34.15,,,,,,34,31,7,11,1,4,0,0,5
MS-MH-030,Bhandara · MH36,Maharashtra,West,2021-10,81,,181,34.15,,,,,,27,37,11,7,0,2,1,2,10
MS-MH-030,Bhandara · MH36,Maharashtra,West,2021-11,90,,174,34.15,,,,,,14,37,11,7,0,0,1,1,12
MS-MH-030,Bhandara · MH36,Maharashtra,West,2021-12,68,,160,34.15,,,,,,16,40,19,2,1,2,2,0,6
MS-MH-030,Bhandara · MH36,Maharashtra,West,2022-01,144,,241,34.15,,,,,,28,37,15,3,5,2,1,0,5
MS-MH-030,Bhandara · MH36,Maharashtra,West,2022-02,53,,143,34.15,,,,,,20,37,13,7,1,2,2,0,7
MS-MH-030,Bhandara · MH36,Maharashtra,West,2022-03,93,,192,34.15,,,,,,20,35,24,11,1,1,0,0,5
MS-MH-030,Bhandara · MH36,Maharashtra,West,2022-04,64,91.0,180,34.15,47.2,14.1,9.8,76.5,0.0,15,53,21,9,1,4,2,2,7
MS-MH-030,Bhandara · MH36,Maharashtra,West,2022-05,84,91.0,187,34.15,40.8,2.2,9.8,77.4,0.0,28,35,14,9,1,2,2,2,6
MS-MH-030,Bhandara · MH36,Maharashtra,West,2022-06,69,68.0,179,34.15,37.0,3.5,5.7,76.8,3.0,23,58,16,5,3,0,2,0,3
MS-MH-030,Bhandara · MH36,Maharashtra,West,2022-07,73,73.0,161,34.15,31.6,1.1,8.3,75.6,0.0,34,29,10,7,2,1,0,0,3
MS-MH-030,Bhandara · MH36,Maharashtra,West,2022-08,67,72.0,171,34.15,35.0,3.9,7.5,77.8,0.0,25,47,22,6,2,2,0,0,0
MS-MH-030,Bhandara · MH36,Maharashtra,West,2022-09,55,62.0,149,34.15,35.9,3.6,9.4,76.9,0.0,26,34,19,9,0,2,0,1,2
MS-MH-030,Bhandara · MH36,Maharashtra,West,2022-10,99,121.0,218,34.15,47.8,15.5,9.2,76.9,1.0,33,41,10,9,2,6,4,0,12
MS-MH-030,Bhandara · MH36,Maharashtra,West,2022-11,75,111.0,164,34.15,63.0,29.9,15.1,76.3,1.0,12,32,27,10,4,0,0,1,3
MS-MH-030,Bhandara · MH36,Maharashtra,West,2022-12,49,78.0,123,34.15,61.8,28.6,18.5,76.0,1.0,21,29,11,6,2,0,2,0,3
MS-MH-030,Bhandara · MH36,Maharashtra,West,2023-01,121,116.0,238,34.15,48.3,14.3,8.6,78.4,2.0,27,45,24,12,1,1,1,3,2
MS-MH-030,Bhandara · MH36,Maharashtra,West,2023-02,64,81.0,142,34.15,48.3,16.8,8.0,78.7,0.0,17,35,13,7,1,0,1,1,0
MS-MH-030,Bhandara · MH36,Maharashtra,West,2023-03,81,81.0,190,34.15,38.5,3.8,4.4,78.8,2.0,26,42,20,7,3,1,2,0,7
MS-MH-030,Bhandara · MH36,Maharashtra,West,2023-04,60,88.0,156,34.15,53.3,18.3,7.0,77.0,0.0,24,41,16,4,3,0,3,2,3
MS-MH-030,Bhandara · MH36,Maharashtra,West,2023-05,59,87.0,221,34.15,61.4,29.9,10.8,76.1,2.0,22,96,15,13,5,5,1,1,1
MS-MH-030,Bhandara · MH36,Maharashtra,West,2023-06,70,66.0,150,34.15,47.1,15.6,4.1,77.6,1.0,23,29,14,7,2,0,1,1,3
MS-MH-030,Bhandara · MH36,Maharashtra,West,2023-07,73,70.0,179,34.15,38.1,1.3,1.9,77.6,1.0,19,48,34,2,2,0,0,0,0
MS-MH-030,Bhandara · MH36,Maharashtra,West,2023-08,81,70.0,184,34.15,29.4,3.3,1.2,76.9,0.0,26,26,35,8,3,1,0,1,3
MS-MH-030,Bhandara · MH36,Maharashtra,West,2023-09,100,60.0,207,34.15,9.8,3.9,3.6,77.3,2.0,21,31,30,8,6,3,1,1,5
MS-MH-030,Bhandara · MH36,Maharashtra,West,2023-10,106,117.0,229,34.15,23.4,2.0,2.5,78.8,0.0,25,48,24,5,6,3,0,3,7
MS-MH-030,Bhandara · MH36,Maharashtra,West,2023-11,88,107.0,192,34.15,33.8,3.4,1.3,77.7,2.0,29,41,19,5,0,2,2,1,5
MS-MH-030,Bhandara · MH36,Maharashtra,West,2023-12,53,75.0,125,34.15,43.6,9.4,1.6,79.6,1.0,13,29,20,3,1,2,2,0,2
MS-MH-030,Bhandara · MH36,Maharashtra,West,2024-01,130,112.0,275,34.15,29.0,1.3,1.4,78.1,2.0,26,54,33,15,4,2,2,2,4
MS-MH-030,Bhandara · MH36,Maharashtra,West,2024-02,70,78.0,191,34.15,31.5,2.8,1.9,80.0,0.0,28,41,32,9,4,1,0,2,3
MS-MH-030,Bhandara · MH36,Maharashtra,West,2024-03,79,78.0,207,34.15,26.1,2.2,4.0,80.0,1.0,22,48,41,12,2,1,0,1,1
MS-MH-030,Bhandara · MH36,Maharashtra,West,2024-04,88,90.0,203,34.15,33.8,1.4,5.8,77.7,5.0,28,36,30,12,4,1,1,0,3
MS-MH-030,Bhandara · MH36,Maharashtra,West,2024-05,70,90.0,171,34.15,40.8,4.3,4.6,77.3,0.0,20,50,12,11,2,2,2,1,1
MS-MH-036,Malegaon · MH41,Maharashtra,West,2021-06,83,,261,32.4,,,,,,32,68,46,11,4,0,2,0,8
MS-MH-036,Malegaon · MH41,Maharashtra,West,2021-07,124,,370,32.4,,,,,,30,55,90,27,8,3,8,2,8
MS-MH-036,Malegaon · MH41,Maharashtra,West,2021-08,103,,299,32.4,,,,,,44,61,58,18,6,0,2,1,3
MS-MH-036,Malegaon · MH41,Maharashtra,West,2021-09,74,,222,32.4,,,,,,21,60,39,10,8,0,2,1,5
MS-MH-036,Malegaon · MH41,Maharashtra,West,2021-10,95,,278,32.4,,,,,,29,61,64,9,3,3,1,0,7
MS-MH-036,Malegaon · MH41,Maharashtra,West,2021-11,90,,300,32.4,,,,,,20,75,70,20,10,1,2,2,9
MS-MH-036,Malegaon · MH41,Maharashtra,West,2021-12,57,,235,32.4,,,,,,19,97,41,6,3,1,2,1,8
MS-MH-036,Malegaon · MH41,Maharashtra,West,2022-01,108,,320,32.4,,,,,,30,95,69,7,5,0,2,0,3
MS-MH-036,Malegaon · MH41,Maharashtra,West,2022-02,68,,271,32.4,,,,,,22,104,55,9,3,1,4,2,3
MS-MH-036,Malegaon · MH41,Maharashtra,West,2022-03,83,,269,32.4,,,,,,27,76,50,18,5,2,2,1,3
MS-MH-036,Malegaon · MH41,Maharashtra,West,2022-04,59,94.0,273,32.4,63.9,30.2,20.5,81.7,0.0,22,96,64,20,5,0,3,0,4
MS-MH-036,Malegaon · MH41,Maharashtra,West,2022-05,85,93.0,269,32.4,53.3,21.1,13.4,84.3,2.0,18,79,63,11,3,2,2,2,3
MS-MH-036,Malegaon · MH41,Maharashtra,West,2022-06,76,70.0,248,32.4,46.4,10.2,7.0,86.0,0.0,21,70,52,9,8,2,3,3,4
MS-MH-036,Malegaon · MH41,Maharashtra,West,2022-07,62,75.0,213,32.4,47.5,15.6,6.8,85.6,1.0,18,60,53,10,3,1,1,1,2
MS-MH-036,Malegaon · MH41,Maharashtra,West,2022-08,74,75.0,275,32.4,43.4,8.5,5.2,84.1,0.0,28,77,67,12,5,1,2,2,6
MS-MH-036,Malegaon · MH41,Maharashtra,West,2022-09,78,64.0,241,32.4,32.2,2.2,8.5,84.4,1.0,30,63,48,11,5,2,0,0,3
MS-MH-036,Malegaon · MH41,Maharashtra,West,2022-10,138,125.0,440,32.4,26.5,0.0,5.9,85.8,4.0,45,91,122,25,3,2,0,2,12
MS-MH-036,Malegaon · MH41,Maharashtra,West,2022-11,55,114.0,289,32.4,49.9,16.3,4.7,84.0,0.0,20,110,80,10,5,0,5,3,1
MS-MH-036,Malegaon · MH41,Maharashtra,West,2022-12,62,81.0,215,32.4,55.3,23.3,9.4,84.7,0.0,14,78,44,7,4,1,0,1,3
MS-MH-036,Malegaon · MH41,Maharashtra,West,2023-01,110,120.0,345,32.4,65.1,29.6,13.9,82.3,3.0,43,73,96,7,4,0,1,2,7
MS-MH-036,Malegaon · MH41,Maharashtra,West,2023-02,81,84.0,245,32.4,54.0,23.1,7.7,82.0,1.0,22,69,60,6,2,0,2,1,2
MS-MH-036,Malegaon · MH41,Maharashtra,West,2023-03,74,83.0,283,32.4,46.0,14.3,6.0,83.9,0.0,29,71,81,14,2,1,6,2,2
MS-MH-036,Malegaon · MH41,Maharashtra,West,2023-04,66,93.0,304,32.4,63.8,33.2,16.0,83.1,0.0,41,90,77,13,9,2,3,1,1
MS-MH-036,Malegaon · MH41,Maharashtra,West,2023-05,55,93.0,200,32.4,84.6,42.3,23.0,84.0,2.0,23,51,55,6,5,0,0,1,2
MS-MH-036,Malegaon · MH41,Maharashtra,West,2023-06,56,70.0,222,32.4,81.7,41.1,22.0,83.2,2.0,21,62,66,7,8,1,0,0,0
MS-MH-036,Malegaon · MH41,Maharashtra,West,2023-07,72,74.0,221,32.4,62.7,33.2,15.6,86.0,1.0,28,43,54,7,10,1,0,3,3
MS-MH-036,Malegaon · MH41,Maharashtra,West,2023-08,87,74.0,267,32.4,42.4,9.7,7.4,84.6,1.0,34,54,73,8,6,0,3,2,0
MS-MH-036,Malegaon · MH41,Maharashtra,West,2023-09,83,64.0,245,32.4,26.8,3.3,9.5,85.6,1.0,18,55,70,10,5,1,0,2,1
MS-MH-036,Malegaon · MH41,Maharashtra,West,2023-10,102,124.0,363,32.4,37.5,2.9,11.6,85.5,0.0,39,73,119,8,8,1,1,2,8
MS-MH-036,Malegaon · MH41,Maharashtra,West,2023-11,109,113.0,395,32.4,34.5,4.4,11.2,84.7,1.0,38,91,123,13,10,2,2,4,3
MS-MH-036,Malegaon · MH41,Maharashtra,West,2023-12,42,80.0,209,32.4,51.5,18.8,12.8,83.0,0.0,19,64,70,4,6,2,0,2,0
MS-MH-036,Malegaon · MH41,Maharashtra,West,2024-01,108,119.0,344,32.4,47.0,15.0,9.4,85.6,0.0,41,68,89,13,11,3,5,1,4
MS-MH-036,Malegaon · MH41,Maharashtra,West,2024-02,57,83.0,219,32.4,63.1,32.5,14.5,82.5,0.0,18,66,60,5,11,0,1,1,0
MS-MH-036,Malegaon · MH41,Maharashtra,West,2024-03,70,82.0,224,32.4,55.1,24.2,9.8,82.3,2.0,26,51,57,10,4,0,0,0,6
MS-MH-036,Malegaon · MH41,Maharashtra,West,2024-04,81,84.0,323,32.4,55.5,23.9,6.8,84.2,0.0,37,81,81,14,13,3,2,2,4
MS-MH-036,Malegaon · MH41,Maharashtra,West,2024-05,87,84.0,320,32.4,40.1,2.9,4.9,83.9,0.0,35,70,86,20,13,1,3,2,3
MS-MH-042,R.T.O.Borivali · MH47,Maharashtra,West,2021-06,250,,799,33.2,,,,,,155,121,33,63,22,30,35,15,35
MS-MH-042,R.T.O.Borivali · MH47,Maharashtra,West,2021-07,783,,1942,33.2,,,,,,274,293,55,161,106,48,74,30,39
MS-MH-042,R.T.O.Borivali · MH47,Maharashtra,West,2021-08,590,,1629,33.2,,,,,,270,238,74,98,83,49,51,49,61
MS-MH-042,R.T.O.Borivali · MH47,Maharashtra,West,2021-09,406,,1326,33.2,,,,,,253,207,80,106,59,48,37,28,44
MS-MH-042,R.T.O.Borivali · MH47,Maharashtra,West,2021-10,455,,1685,33.2,,,,,,274,286,58,178,106,86,43,56,61
MS-MH-042,R.T.O.Borivali · MH47,Maharashtra,West,2021-11,428,,1427,33.2,,,,,,182,306,68,92,72,46,45,65,60
MS-MH-042,R.T.O.Borivali · MH47,Maharashtra,West,2021-12,462,,1573,33.2,,,,,,221,392,90,95,88,33,37,59,38
MS-MH-042,R.T.O.Borivali · MH47,Maharashtra,West,2022-01,544,,1556,33.2,,,,,,196,299,94,64,80,50,62,64,42
MS-MH-042,R.T.O.Borivali · MH47,Maharashtra,West,2022-02,477,,1472,33.2,,,,,,174,308,88,105,45,66,58,57,40
MS-MH-042,R.T.O.Borivali · MH47,Maharashtra,West,2022-03,612,,1843,33.2,,,,,,234,376,135,151,76,54,48,56,38
MS-MH-042,R.T.O.Borivali · MH47,Maharashtra,West,2022-04,413,553.0,1448,33.2,44.4,8.5,8.4,87.9,2.0,181,265,124,109,92,54,36,94,38
MS-MH-042,R.T.O.Borivali · MH47,Maharashtra,West,2022-05,538,550.0,1417,33.2,36.7,4.6,5.9,87.6,3.0,162,233,104,92,74,45,31,60,36
MS-MH-042,R.T.O.Borivali · MH47,Maharashtra,West,2022-06,548,414.0,1785,33.2,24.4,3.8,1.2,86.7,3.0,242,317,112,154,74,55,67,98,47
MS-MH-042,R.T.O.Borivali · MH47,Maharashtra,West,2022-07,519,441.0,1634,33.2,21.6,3.9,2.1,84.9,3.0,202,329,108,137,94,38,39,74,40
MS-MH-042,R.T.O.Borivali · MH47,Maharashtra,West,2022-08,561,440.0,1838,33.2,15.2,3.1,2.8,86.3,2.0,222,363,141,156,105,44,37,81,67
MS-MH-042,R.T.O.Borivali · MH47,Maharashtra,West,2022-09,413,378.0,1603,33.2,14.2,2.3,0.0,85.3,4.0,185,349,164,156,118,38,37,62,34
MS-MH-042,R.T.O.Borivali · MH47,Maharashtra,West,2022-10,690,735.0,2037,33.2,19.9,2.8,0.0,86.0,4.0,193,359,195,176,96,55,70,73,60
MS-MH-042,R.T.O.Borivali · MH47,Maharashtra,West,2022-11,565,674.0,1644,33.2,28.4,0.8,1.2,85.4,2.0,171,320,160,132,52,42,52,67,37
MS-MH-042,R.T.O.Borivali · MH47,Maharashtra,West,2022-12,475,474.0,1558,33.2,26.7,3.6,3.9,84.5,3.0,201,245,147,121,77,57,67,77,33
MS-MH-042,R.T.O.Borivali · MH47,Maharashtra,West,2023-01,649,707.0,1868,33.2,33.4,2.1,1.5,85.4,4.0,219,348,161,142,71,33,64,96,36
MS-MH-042,R.T.O.Borivali · MH47,Maharashtra,West,2023-02,417,493.0,1442,33.2,42.9,10.2,1.6,85.7,1.0,169,279,138,138,94,22,49,60,19
MS-MH-042,R.T.O.Borivali · MH47,Maharashtra,West,2023-03,505,489.0,1807,33.2,36.7,0.8,0.0,85.4,2.0,268,321,147,139,117,48,66,92,27
MS-MH-042,R.T.O.Borivali · MH47,Maharashtra,West,2023-04,437,614.0,1617,33.2,50.7,19.8,4.3,84.5,2.0,223,324,181,115,82,32,77,60,24
MS-MH-042,R.T.O.Borivali · MH47,Maharashtra,West,2023-05,507,611.0,1532,33.2,46.4,8.8,7.3,86.9,1.0,224,264,137,104,65,33,63,60,24
MS-MH-042,R.T.O.Borivali · MH47,Maharashtra,West,2023-06,480,460.0,1545,33.2,38.2,4.0,8.2,86.2,0.0,215,241,124,129,121,35,71,67,27
MS-MH-042,R.T.O.Borivali · MH47,Maharashtra,West,2023-07,550,490.0,1553,33.2,30.3,2.4,6.2,84.8,4.0,215,222,145,105,84,29,64,82,24
MS-MH-042,R.T.O.Borivali · MH47,Maharashtra,West,2023-08,580,489.0,1757,33.2,24.0,3.6,3.4,85.3,1.0,227,267,159,149,121,40,59,90,24
MS-MH-042,R.T.O.Borivali · MH47,Maharashtra,West,2023-09,614,419.0,1927,33.2,12.2,3.0,1.7,86.4,7.0,271,281,173,189,130,44,60,75,28
MS-MH-042,R.T.O.Borivali · MH47,Maharashtra,West,2023-10,664,816.0,2034,33.2,28.9,4.5,0.0,87.3,3.0,255,290,192,175,150,72,87,75,20
MS-MH-042,R.T.O.Borivali · MH47,Maharashtra,West,2023-11,623,748.0,1954,33.2,32.8,3.3,0.0,86.8,1.0,232,329,196,172,115,70,62,78,20
MS-MH-042,R.T.O.Borivali · MH47,Maharashtra,West,2023-12,458,526.0,1560,33.2,35.9,2.2,1.1,87.2,2.0,211,249,173,133,91,60,40,69,25
MS-MH-042,R.T.O.Borivali · MH47,Maharashtra,West,2024-01,685,785.0,1962,33.2,45.1,11.8,1.6,89.4,3.0,232,311,188,127,123,72,74,79,20
MS-MH-042,R.T.O.Borivali · MH47,Maharashtra,West,2024-02,511,547.0,1740,33.2,48.1,15.6,5.2,87.8,4.0,254,295,170,139,138,47,52,62,18
MS-MH-042,R.T.O.Borivali · MH47,Maharashtra,West,2024-03,521,543.0,1614,33.2,43.5,9.5,4.5,88.2,6.0,195,272,166,145,119,39,35,37,23
MS-MH-042,R.T.O.Borivali · MH47,Maharashtra,West,2024-04,575,615.0,1708,33.2,48.2,14.7,4.4,87.1,7.0,262,250,195,103,116,39,66,42,19
MS-MH-042,R.T.O.Borivali · MH47,Maharashtra,West,2024-05,575,613.0,1822,33.2,41.6,8.6,4.4,87.3,3.0,287,280,131,147,136,48,60,80,23
MS-MH-048,Bhadgaon · MH54,Maharashtra,West,2021-06,30,,84,36.25,,,,,,12,15,3,13,1,1,1,1,3
MS-MH-048,Bhadgaon · MH54,Maharashtra,West,2021-07,43,,94,36.25,,,,,,10,27,2,7,2,0,0,0,2
MS-MH-048,Bhadgaon · MH54,Maharashtra,West,2021-08,35,,88,36.25,,,,,,6,15,17,4,5,0,0,0,3
MS-MH-048,Bhadgaon · MH54,Maharashtra,West,2021-09,22,,64,36.25,,,,,,5,18,3,5,3,0,1,0,6
MS-MH-048,Bhadgaon · MH54,Maharashtra,West,2021-10,49,,96,36.25,,,,,,8,18,5,6,4,1,0,0,2
MS-MH-048,Bhadgaon · MH54,Maharashtra,West,2021-11,42,,102,36.25,,,,,,8,29,8,7,0,1,0,2,5
MS-MH-048,Bhadgaon · MH54,Maharashtra,West,2021-12,42,,79,36.25,,,,,,2,19,10,4,0,0,0,0,2
MS-MH-048,Bhadgaon · MH54,Maharashtra,West,2022-01,58,,108,36.25,,,,,,10,27,7,2,1,0,1,2,0
MS-MH-048,Bhadgaon · MH54,Maharashtra,West,2022-02,38,,90,36.25,,,,,,8,22,12,3,2,3,0,0,2
MS-MH-048,Bhadgaon · MH54,Maharashtra,West,2022-03,40,,91,36.25,,,,,,6,20,11,8,1,2,0,0,3
MS-MH-048,Bhadgaon · MH54,Maharashtra,West,2022-04,28,40.0,67,36.25,57.3,27.2,11.5,85.2,0.0,5,19,5,3,2,1,0,1,3
MS-MH-048,Bhadgaon · MH54,Maharashtra,West,2022-05,52,40.0,91,36.25,26.9,4.2,3.6,84.4,0.0,9,14,4,3,5,1,0,0,2
MS-MH-048,Bhadgaon · MH54,Maharashtra,West,2022-06,47,30.0,94,36.25,12.3,2.3,3.1,82.1,1.0,10,23,7,2,2,1,0,0,2
MS-MH-048,Bhadgaon · MH54,Maharashtra,West,2022-07,38,32.0,85,36.25,13.1,3.9,5.3,82.1,1.0,13,18,9,4,1,1,0,0,1
MS-MH-048,Bhadgaon · MH54,Maharashtra,West,2022-08,42,32.0,92,36.25,11.0,3.5,4.1,83.7,1.0,8,21,15,3,1,2,0,0,0
MS-MH-048,Bhadgaon · MH54,Maharashtra,West,2022-09,33,28.0,73,36.25,11.7,0.0,4.0,86.4,0.0,7,16,12,4,0,0,0,1,0
MS-MH-048,Bhadgaon · MH54,Maharashtra,West,2022-10,60,54.0,153,36.25,16.7,4.3,3.5,86.1,1.0,10,33,21,14,4,0,1,2,6
MS-MH-048,Bhadgaon · MH54,Maharashtra,West,2022-11,35,49.0,83,36.25,34.7,3.2,3.1,88.2,2.0,5,23,11,3,2,0,0,1,2
MS-MH-048,Bhadgaon · MH54,Maharashtra,West,2022-12,28,35.0,73,36.25,37.6,3.4,6.2,86.0,0.0,6,20,11,5,1,0,0,0,1
MS-MH-048,Bhadgaon · MH54,Maharashtra,West,2023-01,61,51.0,116,36.25,27.7,2.9,0.3,87.9,0.0,10,16,14,8,2,1,2,0,2
MS-MH-048,Bhadgaon · MH54,Maharashtra,West,2023-02,36,36.0,83,36.25,25.0,5.5,0.0,85.6,0.0,4,16,15,7,3,1,0,0,1
MS-MH-048,Bhadgaon · MH54,Maharashtra,West,2023-03,35,36.0,103,36.25,27.2,5.0,2.0,86.1,0.0,6,29,17,6,5,0,0,1,3
MS-MH-048,Bhadgaon · MH54,Maharashtra,West,2023-04,26,48.0,67,36.25,62.8,28.1,11.8,82.7,2.0,11,17,7,2,1,0,0,1,2
MS-MH-048,Bhadgaon · MH54,Maharashtra,West,2023-05,29,48.0,67,36.25,76.7,40.3,16.7,84.0,1.0,7,17,7,4,0,0,1,0,2
MS-MH-048,Bhadgaon · MH54,Maharashtra,West,2023-06,26,36.0,90,36.25,73.7,39.3,15.2,82.7,0.0,6,27,18,4,3,0,0,2,3
MS-MH-048,Bhadgaon · MH54,Maharashtra,West,2023-07,32,39.0,75,36.25,66.1,30.5,8.3,83.3,0.0,7,17,11,5,2,0,0,0,1
MS-MH-048,Bhadgaon · MH54,Maharashtra,West,2023-08,30,38.0,75,36.25,58.6,26.8,4.9,86.4,1.0,12,17,7,2,2,0,1,0,2
MS-MH-048,Bhadgaon · MH54,Maharashtra,West,2023-09,29,33.0,88,36.25,50.7,17.4,4.7,84.2,0.0,13,10,17,8,6,2,0,0,2
MS-MH-048,Bhadgaon · MH54,Maharashtra,West,2023-10,40,64.0,89,36.25,72.7,37.2,11.3,82.7,0.0,11,17,11,3,6,0,0,0,1
MS-MH-048,Bhadgaon · MH54,Maharashtra,West,2023-11,36,59.0,115,36.25,87.7,42.1,19.4,80.3,0.0,18,26,12,9,9,0,0,0,4
MS-MH-048,Bhadgaon · MH54,Maharashtra,West,2023-12,25,41.0,72,36.25,78.8,39.4,18.6,78.7,0.0,5,19,13,3,3,1,0,1,2
MS-MH-048,Bhadgaon · MH54,Maharashtra,West,2024-01,50,62.0,123,36.25,70.6,35.1,15.7,81.3,1.0,14,29,15,5,4,3,1,0,2
MS-MH-048,Bhadgaon · MH54,Maharashtra,West,2024-02,24,43.0,63,36.25,83.3,45.2,23.3,80.7,0.0,9,11,7,3,1,1,1,0,5
MS-MH-048,Bhadgaon · MH54,Maharashtra,West,2024-03,17,43.0,65,36.25,93.8,45.6,25.4,80.4,0.0,10,16,17,2,1,1,0,0,0
MS-MH-048,Bhadgaon · MH54,Maharashtra,West,2024-04,26,34.0,85,36.25,101.5,46.3,24.6,78.9,0.0,19,18,10,8,3,0,0,0,1
MS-MH-048,Bhadgaon · MH54,Maharashtra,West,2024-05,26,34.0,81,36.25,77.2,37.6,16.0,81.5,0.0,15,16,13,7,3,0,1,0,0
MS-ML-002,Khliehriat · ML11,Meghalaya,North-East,2021-06,17,,34,55.45,,,,,,0,10,5,1,0,0,0,0,0
MS-ML-002,Khliehriat · ML11,Meghalaya,North-East,2021-07,20,,48,55.45,,,,,,2,10,15,0,0,0,0,0,0
MS-ML-002,Khliehriat · ML11,Meghalaya,North-East,2021-08,0,,0,55.45,,,,,,0,0,0,0,0,0,0,0,0
MS-ML-002,Khliehriat · ML11,Meghalaya,North-East,2021-09,31,,61,55.45,,,,,,3,8,16,0,0,0,1,1,0
MS-ML-002,Khliehriat · ML11,Meghalaya,North-East,2021-10,27,,43,55.45,,,,,,4,5,7,0,0,0,0,0,0
MS-ML-002,Khliehriat · ML11,Meghalaya,North-East,2021-11,37,,58,55.45,,,,,,4,5,9,0,1,0,0,0,0
MS-ML-002,Khliehriat · ML11,Meghalaya,North-East,2021-12,38,,66,55.45,,,,,,2,13,12,1,0,0,0,0,0
MS-ML-002,Khliehriat · ML11,Meghalaya,North-East,2022-01,54,,99,55.45,,,,,,3,33,6,0,2,0,0,0,0
MS-ML-002,Khliehriat · ML11,Meghalaya,North-East,2022-02,37,,70,55.45,,,,,,1,14,12,0,2,0,0,0,0
MS-ML-002,Khliehriat · ML11,Meghalaya,North-East,2022-03,39,,75,55.45,,,,,,2,18,16,0,0,0,0,0,0
MS-ML-002,Khliehriat · ML11,Meghalaya,North-East,2022-04,48,33.0,91,55.45,13.0,4.0,8.9,84.4,0.0,2,24,16,0,1,0,0,0,0
MS-ML-002,Khliehriat · ML11,Meghalaya,North-East,2022-05,30,33.0,67,55.45,20.2,3.6,7.9,82.8,1.0,2,24,11,0,0,0,0,0,0
MS-ML-002,Khliehriat · ML11,Meghalaya,North-East,2022-06,43,29.0,65,55.45,10.8,2.3,8.6,80.9,0.0,2,9,9,0,0,0,0,1,0
MS-ML-002,Khliehriat · ML11,Meghalaya,North-East,2022-07,36,30.0,61,55.45,11.4,4.1,7.6,82.4,0.0,4,13,8,0,0,0,0,0,0
MS-ML-002,Khliehriat · ML11,Meghalaya,North-East,2022-08,38,29.0,95,55.45,7.2,3.4,10.4,81.7,0.0,1,31,23,0,2,0,0,0,0
MS-ML-002,Khliehriat · ML11,Meghalaya,North-East,2022-09,47,36.0,87,55.45,4.6,4.7,10.0,82.3,0.0,4,15,19,0,1,0,0,0,0
MS-ML-002,Khliehriat · ML11,Meghalaya,North-East,2022-10,54,43.0,82,55.45,4.5,3.6,12.4,83.6,2.0,3,10,14,0,0,0,0,0,1
MS-ML-002,Khliehriat · ML11,Meghalaya,North-East,2022-11,51,37.0,93,55.45,4.6,3.2,16.0,83.2,0.0,4,13,25,0,0,0,0,0,0
MS-ML-002,Khliehriat · ML11,Meghalaya,North-East,2022-12,46,27.0,71,55.45,0.0,4.7,12.4,82.8,1.0,4,8,13,0,0,0,0,0,0
MS-ML-002,Khliehriat · ML11,Meghalaya,North-East,2023-01,64,33.0,97,55.45,0.0,3.6,11.9,82.6,0.0,2,13,17,0,1,0,0,0,0
MS-ML-002,Khliehriat · ML11,Meghalaya,North-East,2023-02,35,28.0,72,55.45,1.9,3.5,6.2,81.9,1.0,6,7,23,0,1,0,0,0,0
MS-ML-002,Khliehriat · ML11,Meghalaya,North-East,2023-03,88,32.0,137,55.45,0.0,3.7,7.4,82.9,2.0,3,15,31,0,0,0,0,0,0
MS-ML-002,Khliehriat · ML11,Meghalaya,North-East,2023-04,49,54.0,90,55.45,13.4,3.2,7.7,83.4,0.0,2,18,19,0,2,0,0,0,0
MS-ML-002,Khliehriat · ML11,Meghalaya,North-East,2023-05,59,55.0,85,55.45,17.1,4.4,11.9,80.3,1.0,3,6,17,0,0,0,0,0,0
MS-ML-002,Khliehriat · ML11,Meghalaya,North-East,2023-06,37,49.0,72,55.45,33.6,4.4,12.4,81.7,0.0,7,13,14,0,1,0,0,0,0
MS-ML-002,Khliehriat · ML11,Meghalaya,North-East,2023-07,46,50.0,96,55.45,34.8,2.4,12.7,78.3,0.0,7,11,31,0,1,0,0,0,0
MS-ML-002,Khliehriat · ML11,Meghalaya,North-East,2023-08,44,48.0,91,55.45,36.6,2.2,9.7,79.7,1.0,3,15,25,0,4,0,0,0,0
MS-ML-002,Khliehriat · ML11,Meghalaya,North-East,2023-09,29,61.0,56,55.45,68.5,32.4,14.3,76.6,0.0,1,8,16,0,2,0,0,0,0
MS-ML-002,Khliehriat · ML11,Meghalaya,North-East,2023-10,32,72.0,70,55.45,105.6,51.5,31.2,75.3,1.0,5,13,19,0,1,0,0,0,0
MS-ML-002,Khliehriat · ML11,Meghalaya,North-East,2023-11,47,62.0,85,55.45,78.0,36.2,23.8,78.4,0.0,2,18,18,0,0,0,0,0,0
MS-ML-002,Khliehriat · ML11,Meghalaya,North-East,2023-12,31,45.0,56,55.45,69.5,37.9,24.9,78.3,1.0,3,6,15,0,1,0,0,0,0
MS-ML-002,Khliehriat · ML11,Meghalaya,North-East,2024-01,53,55.0,95,55.45,51.7,20.7,13.8,79.3,0.0,3,14,24,0,1,0,0,0,0
MS-ML-002,Khliehriat · ML11,Meghalaya,North-East,2024-02,55,46.0,95,55.45,35.8,2.4,10.5,81.5,0.0,2,22,15,0,0,0,0,0,0
MS-ML-002,Khliehriat · ML11,Meghalaya,North-East,2024-03,65,53.0,95,55.45,21.3,0.3,10.4,82.6,2.0,2,12,16,0,0,0,0,0,0
MS-ML-002,Khliehriat · ML11,Meghalaya,North-East,2024-04,67,48.0,109,55.45,11.8,2.4,10.9,83.4,0.0,3,12,24,0,2,0,0,1,0
MS-ML-002,Khliehriat · ML11,Meghalaya,North-East,2024-05,56,49.0,95,55.45,11.7,1.5,9.7,82.3,1.0,3,8,28,0,0,0,0,0,0
MS-MP-002,Dhar · MP11,Madhya Pradesh,Central,2021-06,46,,160,33.26,,,,,,11,9,92,0,0,1,0,0,1
MS-MP-002,Dhar · MP11,Madhya Pradesh,Central,2021-07,25,,233,33.26,,,,,,22,30,153,0,0,0,0,0,1
MS-MP-002,Dhar · MP11,Madhya Pradesh,Central,2021-08,61,,209,33.26,,,,,,17,20,105,0,1,0,1,0,4
MS-MP-002,Dhar · MP11,Madhya Pradesh,Central,2021-09,39,,192,33.26,,,,,,21,11,112,6,0,0,0,0,3
MS-MP-002,Dhar · MP11,Madhya Pradesh,Central,2021-10,18,,127,33.26,,,,,,8,8,92,0,0,0,0,0,1
MS-MP-002,Dhar · MP11,Madhya Pradesh,Central,2021-11,41,,194,33.26,,,,,,10,12,126,0,1,2,0,0,2
MS-MP-002,Dhar · MP11,Madhya Pradesh,Central,2021-12,25,,205,33.26,,,,,,13,13,147,2,0,2,0,1,2
MS-MP-002,Dhar · MP11,Madhya Pradesh,Central,2022-01,27,,157,33.26,,,,,,5,20,99,0,1,0,1,0,4
MS-MP-002,Dhar · MP11,Madhya Pradesh,Central,2022-02,45,,257,33.26,,,,,,5,14,186,1,1,0,0,0,5
MS-MP-002,Dhar · MP11,Madhya Pradesh,Central,2022-03,31,,199,33.26,,,,,,11,14,139,2,0,0,0,0,2
MS-MP-002,Dhar · MP11,Madhya Pradesh,Central,2022-04,38,31.0,228,33.26,18.6,2.6,0.0,86.7,2.0,10,29,149,0,0,0,0,0,2
MS-MP-002,Dhar · MP11,Madhya Pradesh,Central,2022-05,26,35.0,198,33.26,32.6,1.3,1.0,85.5,0.0,13,11,143,0,0,2,0,0,1
MS-MP-002,Dhar · MP11,Madhya Pradesh,Central,2022-06,28,28.0,181,33.26,32.5,0.0,2.8,86.3,0.0,5,16,130,0,0,0,0,0,2
MS-MP-002,Dhar · MP11,Madhya Pradesh,Central,2022-07,34,33.0,196,33.26,27.5,2.9,5.9,84.1,0.0,11,29,118,0,1,1,0,0,1
MS-MP-002,Dhar · MP11,Madhya Pradesh,Central,2022-08,37,25.0,320,33.26,12.8,5.5,2.8,84.6,1.0,11,35,231,2,0,0,0,0,2
MS-MP-002,Dhar · MP11,Madhya Pradesh,Central,2022-09,26,24.0,130,33.26,15.4,1.1,0.8,84.0,0.0,8,26,68,0,0,0,0,0,1
MS-MP-002,Dhar · MP11,Madhya Pradesh,Central,2022-10,51,40.0,167,33.26,10.4,3.7,0.0,87.1,0.0,8,16,81,2,1,0,1,1,4
MS-MP-002,Dhar · MP11,Madhya Pradesh,Central,2022-11,24,49.0,203,33.26,48.3,15.9,2.8,85.3,0.0,6,33,140,0,0,0,0,0,0
MS-MP-002,Dhar · MP11,Madhya Pradesh,Central,2022-12,29,31.0,201,33.26,41.8,5.9,4.0,86.9,0.0,11,48,110,1,0,0,0,0,1
MS-MP-002,Dhar · MP11,Madhya Pradesh,Central,2023-01,27,38.0,150,33.26,62.6,29.9,14.9,86.7,1.0,11,29,80,0,2,0,0,0,1
MS-MP-002,Dhar · MP11,Madhya Pradesh,Central,2023-02,13,35.0,78,33.26,91.3,47.7,23.1,84.8,0.0,14,22,29,0,0,0,0,0,0
MS-MP-002,Dhar · MP11,Madhya Pradesh,Central,2023-03,33,35.0,124,33.26,67.8,33.7,13.2,85.1,0.0,12,31,45,1,1,0,0,0,1
MS-MP-002,Dhar · MP11,Madhya Pradesh,Central,2023-04,12,31.0,116,33.26,96.8,46.1,24.2,83.3,0.0,10,17,76,0,0,1,0,0,0
MS-MP-002,Dhar · MP11,Madhya Pradesh,Central,2023-05,19,35.0,69,33.26,86.9,42.5,25.4,83.8,0.0,12,8,29,0,1,0,0,0,0
MS-MP-002,Dhar · MP11,Madhya Pradesh,Central,2023-06,11,29.0,110,33.26,120.6,53.3,30.9,80.7,0.0,9,23,65,0,2,0,0,0,0
MS-MP-002,Dhar · MP11,Madhya Pradesh,Central,2023-07,22,33.0,129,33.26,81.7,38.3,21.7,82.6,0.0,13,40,52,1,0,0,0,0,0
MS-MP-002,Dhar · MP11,Madhya Pradesh,Central,2023-08,35,25.0,190,33.26,35.5,4.1,5.5,85.7,0.0,10,58,78,2,0,0,0,0,5
MS-MP-002,Dhar · MP11,Madhya Pradesh,Central,2023-09,30,24.0,150,33.26,22.5,2.7,3.0,85.5,0.0,10,35,73,0,2,0,0,0,0
MS-MP-002,Dhar · MP11,Madhya Pradesh,Central,2023-10,21,40.0,136,33.26,52.3,22.4,6.3,86.4,0.0,9,30,68,0,5,1,0,0,0
MS-MP-002,Dhar · MP11,Madhya Pradesh,Central,2023-11,28,50.0,108,33.26,79.8,40.8,20.1,83.1,0.0,7,13,59,0,1,0,0,0,0
MS-MP-002,Dhar · MP11,Madhya Pradesh,Central,2023-12,21,32.0,94,33.26,85.2,41.5,23.2,83.2,0.0,6,23,41,0,1,0,0,1,0
MS-MP-002,Dhar · MP11,Madhya Pradesh,Central,2024-01,52,38.0,173,33.26,33.4,4.8,5.2,85.8,0.0,7,28,85,0,1,0,0,0,0
MS-MP-002,Dhar · MP11,Madhya Pradesh,Central,2024-02,28,36.0,127,33.26,40.5,4.7,2.4,84.6,1.0,8,26,63,1,0,0,0,0,0
MS-MP-002,Dhar · MP11,Madhya Pradesh,Central,2024-03,5,36.0,65,33.26,79.8,39.8,13.7,82.2,0.0,1,24,34,0,0,1,0,0,0
MS-MP-002,Dhar · MP11,Madhya Pradesh,Central,2024-04,17,22.0,95,33.26,110.1,48.3,27.0,79.3,1.0,3,16,58,0,0,0,0,1,0
MS-MP-002,Dhar · MP11,Madhya Pradesh,Central,2024-05,23,25.0,81,33.26,80.0,41.0,22.8,81.8,0.0,6,19,32,0,0,0,0,0,1
MS-MP-008,Satna · MP19,Madhya Pradesh,Central,2021-06,121,,414,36.3,,,,,,55,41,121,34,14,5,0,0,13
MS-MP-008,Satna · MP19,Madhya Pradesh,Central,2021-07,132,,403,36.3,,,,,,33,67,131,14,8,6,1,0,5
MS-MP-008,Satna · MP19,Madhya Pradesh,Central,2021-08,106,,472,36.3,,,,,,25,99,172,21,11,4,0,1,15
MS-MP-008,Satna · MP19,Madhya Pradesh,Central,2021-09,95,,530,36.3,,,,,,57,71,250,20,18,5,2,0,9
MS-MP-008,Satna · MP19,Madhya Pradesh,Central,2021-10,24,,150,36.3,,,,,,21,34,44,12,8,2,0,0,3
MS-MP-008,Satna · MP19,Madhya Pradesh,Central,2021-11,116,,380,36.3,,,,,,47,62,93,13,16,10,2,0,16
MS-MP-008,Satna · MP19,Madhya Pradesh,Central,2021-12,119,,461,36.3,,,,,,34,82,151,23,29,14,0,1,6
MS-MP-008,Satna · MP19,Madhya Pradesh,Central,2022-01,96,,383,36.3,,,,,,31,61,142,16,16,6,4,2,7
MS-MP-008,Satna · MP19,Madhya Pradesh,Central,2022-02,105,,326,36.3,,,,,,35,48,85,15,11,8,1,2,13
MS-MP-008,Satna · MP19,Madhya Pradesh,Central,2022-03,100,,394,36.3,,,,,,32,84,122,16,19,8,1,1,10
MS-MP-008,Satna · MP19,Madhya Pradesh,Central,2022-04,103,88.0,387,36.3,28.2,4.1,1.5,88.5,1.0,21,114,115,9,6,8,2,0,8
MS-MP-008,Satna · MP19,Madhya Pradesh,Central,2022-05,129,100.0,433,36.3,17.0,4.3,1.9,89.3,1.0,32,100,115,23,17,10,0,2,4
MS-MP-008,Satna · MP19,Madhya Pradesh,Central,2022-06,99,81.0,355,36.3,17.1,3.0,3.8,87.8,0.0,22,57,130,13,18,6,1,1,5
MS-MP-008,Satna · MP19,Madhya Pradesh,Central,2022-07,79,94.0,384,36.3,28.1,2.9,0.2,90.0,0.0,29,57,180,13,13,4,0,2,6
MS-MP-008,Satna · MP19,Madhya Pradesh,Central,2022-08,137,71.0,528,36.3,6.7,1.3,2.5,88.3,2.0,40,75,213,24,20,4,1,4,7
MS-MP-008,Satna · MP19,Madhya Pradesh,Central,2022-09,63,68.0,243,36.3,14.9,0.3,6.8,88.4,0.0,38,40,66,18,7,2,1,1,5
MS-MP-008,Satna · MP19,Madhya Pradesh,Central,2022-10,138,113.0,468,36.3,12.3,4.0,5.4,86.9,2.0,50,102,109,34,20,5,0,1,8
MS-MP-008,Satna · MP19,Madhya Pradesh,Central,2022-11,89,140.0,362,36.3,40.7,4.6,5.4,86.2,2.0,34,75,118,28,7,3,0,1,6
MS-MP-008,Satna · MP19,Madhya Pradesh,Central,2022-12,81,90.0,269,36.3,35.4,1.1,3.0,85.8,0.0,16,75,63,23,6,2,0,0,2
MS-MP-008,Satna · MP19,Madhya Pradesh,Central,2023-01,104,108.0,406,36.3,38.9,4.6,1.4,88.2,0.0,28,79,142,23,11,13,1,1,2
MS-MP-008,Satna · MP19,Madhya Pradesh,Central,2023-02,82,101.0,362,36.3,41.1,6.7,0.6,88.5,0.0,17,100,113,21,7,8,1,0,13
MS-MP-008,Satna · MP19,Madhya Pradesh,Central,2023-03,137,101.0,472,36.3,20.2,4.1,0.0,85.9,1.0,32,133,113,29,11,7,2,4,3
MS-MP-008,Satna · MP19,Madhya Pradesh,Central,2023-04,75,106.0,308,36.3,37.5,2.7,0.0,87.6,0.0,26,68,103,13,10,6,2,0,5
MS-MP-008,Satna · MP19,Madhya Pradesh,Central,2023-05,98,120.0,385,36.3,38.0,2.1,0.0,86.0,2.0,39,88,119,19,6,8,2,0,6
MS-MP-008,Satna · MP19,Madhya Pradesh,Central,2023-06,86,97.0,337,36.3,46.6,13.6,5.2,87.2,0.0,45,52,108,18,14,7,1,3,2
MS-MP-008,Satna · MP19,Madhya Pradesh,Central,2023-07,108,113.0,354,36.3,43.4,6.6,7.2,85.5,0.0,21,69,124,12,6,3,2,3,4
MS-MP-008,Satna · MP19,Madhya Pradesh,Central,2023-08,88,85.0,353,36.3,36.4,0.5,10.4,85.4,1.0,37,79,120,14,5,3,0,3,3
MS-MP-008,Satna · MP19,Madhya Pradesh,Central,2023-09,89,82.0,323,36.3,30.7,4.9,7.5,89.7,1.0,33,55,98,22,13,8,0,2,3
MS-MP-008,Satna · MP19,Madhya Pradesh,Central,2023-10,118,137.0,372,36.3,42.2,8.5,3.6,88.1,0.0,32,74,113,17,6,5,0,1,5
MS-MP-008,Satna · MP19,Madhya Pradesh,Central,2023-11,132,168.0,468,36.3,48.0,15.6,4.4,86.2,0.0,35,110,138,18,9,11,1,2,10
MS-MP-008,Satna · MP19,Madhya Pradesh,Central,2023-12,75,108.0,254,36.3,51.4,19.1,11.3,86.3,1.0,18,73,66,11,3,2,1,2,3
MS-MP-008,Satna · MP19,Madhya Pradesh,Central,2024-01,154,130.0,468,36.3,33.7,0.6,1.8,85.8,0.0,35,106,130,12,14,7,0,3,6
MS-MP-008,Satna · MP19,Madhya Pradesh,Central,2024-02,133,122.0,423,36.3,30.1,2.8,0.0,86.1,0.0,33,95,102,29,11,9,1,2,6
MS-MP-008,Satna · MP19,Madhya Pradesh,Central,2024-03,123,121.0,364,36.3,25.2,3.6,0.0,85.6,0.0,38,80,85,19,7,4,1,3,4
MS-MP-008,Satna · MP19,Madhya Pradesh,Central,2024-04,91,101.0,332,36.3,28.5,0.4,0.0,88.1,1.0,42,79,81,13,14,5,0,1,6
MS-MP-008,Satna · MP19,Madhya Pradesh,Central,2024-05,94,114.0,319,36.3,34.6,1.0,0.0,89.8,0.0,31,72,94,8,11,2,0,1,4
MS-MP-014,Panna · MP35,Madhya Pradesh,Central,2021-06,24,,68,36.91,,,,,,7,1,31,0,0,1,0,0,4
MS-MP-014,Panna · MP35,Madhya Pradesh,Central,2021-07,26,,113,36.91,,,,,,7,6,66,1,1,1,1,0,3
MS-MP-014,Panna · MP35,Madhya Pradesh,Central,2021-08,40,,194,36.91,,,,,,12,3,128,4,2,2,0,0,3
MS-MP-014,Panna · MP35,Madhya Pradesh,Central,2021-09,44,,113,36.91,,,,,,5,6,56,1,0,0,0,0,1
MS-MP-014,Panna · MP35,Madhya Pradesh,Central,2021-10,1,,70,36.91,,,,,,12,8,42,4,0,0,0,0,2
MS-MP-014,Panna · MP35,Madhya Pradesh,Central,2021-11,14,,52,36.91,,,,,,8,5,20,2,0,0,0,0,3
MS-MP-014,Panna · MP35,Madhya Pradesh,Central,2021-12,35,,87,36.91,,,,,,7,9,35,0,0,0,0,0,1
MS-MP-014,Panna · MP35,Madhya Pradesh,Central,2022-01,24,,57,36.91,,,,,,5,4,19,0,2,0,0,0,2
MS-MP-014,Panna · MP35,Madhya Pradesh,Central,2022-02,32,,75,36.91,,,,,,4,6,30,0,0,2,0,0,1
MS-MP-014,Panna · MP35,Madhya Pradesh,Central,2022-03,24,,65,36.91,,,,,,2,6,25,4,0,1,0,0,3
MS-MP-014,Panna · MP35,Madhya Pradesh,Central,2022-04,17,22.0,71,36.91,54.6,22.3,11.4,80.2,0.0,5,8,37,1,1,0,0,1,1
MS-MP-014,Panna · MP35,Madhya Pradesh,Central,2022-05,43,25.0,104,36.91,8.1,2.2,8.3,81.5,0.0,6,8,45,1,0,0,0,0,1
MS-MP-014,Panna · MP35,Madhya Pradesh,Central,2022-06,17,20.0,77,36.91,18.4,3.4,9.0,81.4,0.0,6,5,43,3,0,0,1,0,2
MS-MP-014,Panna · MP35,Madhya Pradesh,Central,2022-07,26,24.0,95,36.91,17.2,1.9,9.7,82.1,0.0,6,3,55,3,0,1,0,0,1
MS-MP-014,Panna · MP35,Madhya Pradesh,Central,2022-08,35,18.0,144,36.91,0.8,2.6,8.4,84.0,0.0,4,11,81,7,2,0,0,0,4
MS-MP-014,Panna · MP35,Madhya Pradesh,Central,2022-09,18,17.0,52,36.91,7.5,2.4,4.9,82.0,0.0,11,5,17,1,0,0,0,0,0
MS-MP-014,Panna · MP35,Madhya Pradesh,Central,2022-10,36,29.0,101,36.91,11.0,2.3,3.2,82.2,0.0,11,12,32,6,1,0,0,0,3
MS-MP-014,Panna · MP35,Madhya Pradesh,Central,2022-11,16,35.0,62,36.91,52.0,18.5,5.6,81.4,0.0,5,10,26,3,2,0,0,0,0
MS-MP-014,Panna · MP35,Madhya Pradesh,Central,2022-12,20,23.0,55,36.91,43.7,8.3,1.8,81.3,0.0,5,10,18,1,0,1,0,0,0
MS-MP-014,Panna · MP35,Madhya Pradesh,Central,2023-01,16,27.0,92,36.91,74.4,38.8,20.4,78.9,0.0,10,12,48,1,1,1,0,0,3
MS-MP-014,Panna · MP35,Madhya Pradesh,Central,2023-02,23,25.0,68,36.91,60.0,25.8,15.3,78.9,0.0,8,11,21,3,1,0,0,0,0
MS-MP-014,Panna · MP35,Madhya Pradesh,Central,2023-03,34,25.0,97,36.91,29.4,0.4,7.9,80.9,1.0,10,15,35,2,1,0,0,0,0
MS-MP-014,Panna · MP35,Madhya Pradesh,Central,2023-04,19,26.0,62,36.91,39.5,2.6,3.4,82.0,0.0,7,6,27,0,0,0,1,0,1
MS-MP-014,Panna · MP35,Madhya Pradesh,Central,2023-05,29,29.0,85,36.91,34.5,1.9,1.9,79.2,1.0,5,11,38,0,1,0,0,0,1
MS-MP-014,Panna · MP35,Madhya Pradesh,Central,2023-06,30,24.0,116,36.91,28.1,2.8,2.0,79.6,0.0,6,11,65,4,0,0,0,0,0
MS-MP-014,Panna · MP35,Madhya Pradesh,Central,2023-07,23,27.0,66,36.91,29.5,1.7,5.7,79.4,0.0,7,15,19,0,0,1,0,0,1
MS-MP-014,Panna · MP35,Madhya Pradesh,Central,2023-08,26,21.0,69,36.91,23.4,3.1,9.9,78.4,0.0,8,8,24,2,0,0,0,1,0
MS-MP-014,Panna · MP35,Madhya Pradesh,Central,2023-09,24,20.0,63,36.91,20.1,4.0,10.4,79.0,0.0,4,8,24,1,1,1,0,0,0
MS-MP-014,Panna · MP35,Madhya Pradesh,Central,2023-10,24,33.0,81,36.91,41.7,6.5,12.5,80.7,1.0,11,14,24,3,1,2,0,0,2
MS-MP-014,Panna · MP35,Madhya Pradesh,Central,2023-11,40,41.0,122,36.91,36.9,5.1,10.8,82.7,0.0,9,17,41,7,0,3,0,1,3
MS-MP-014,Panna · MP35,Madhya Pradesh,Central,2023-12,17,26.0,52,36.91,45.4,9.2,13.3,83.1,0.0,4,11,17,1,1,1,0,0,0
MS-MP-014,Panna · MP35,Madhya Pradesh,Central,2024-01,27,32.0,81,36.91,46.3,14.2,8.1,83.6,0.0,7,9,35,1,0,0,1,0,1
MS-MP-014,Panna · MP35,Madhya Pradesh,Central,2024-02,25,30.0,75,36.91,57.9,27.3,13.7,81.7,0.0,4,11,34,1,0,0,0,0,0
MS-MP-014,Panna · MP35,Madhya Pradesh,Central,2024-03,16,29.0,74,36.91,68.2,34.5,21.6,79.5,1.0,9,13,33,1,1,0,0,0,1
MS-MP-014,Panna · MP35,Madhya Pradesh,Central,2024-04,26,24.0,80,36.91,52.0,21.6,12.2,80.3,0.0,16,11,24,0,2,0,0,0,1
MS-MP-014,Panna · MP35,Madhya Pradesh,Central,2024-05,19,27.0,71,36.91,64.3,32.1,18.2,79.8,0.0,8,9,32,2,0,0,0,0,1
MS-MP-020,Shajapur · MP42,Madhya Pradesh,Central,2021-06,50,,210,33.57,,,,,,8,8,142,1,0,0,0,0,0
MS-MP-020,Shajapur · MP42,Madhya Pradesh,Central,2021-07,21,,118,33.57,,,,,,20,9,63,0,0,0,0,0,4
MS-MP-020,Shajapur · MP42,Madhya Pradesh,Central,2021-08,43,,120,33.57,,,,,,10,10,53,0,0,0,0,0,3
MS-MP-020,Shajapur · MP42,Madhya Pradesh,Central,2021-09,19,,104,33.57,,,,,,3,7,58,2,0,1,0,0,14
MS-MP-020,Shajapur · MP42,Madhya Pradesh,Central,2021-10,20,,97,33.57,,,,,,13,10,50,1,0,0,0,0,3
MS-MP-020,Shajapur · MP42,Madhya Pradesh,Central,2021-11,32,,265,33.57,,,,,,15,10,200,1,0,0,0,0,7
MS-MP-020,Shajapur · MP42,Madhya Pradesh,Central,2021-12,16,,110,33.57,,,,,,7,8,76,0,0,1,0,0,2
MS-MP-020,Shajapur · MP42,Madhya Pradesh,Central,2022-01,36,,124,33.57,,,,,,8,4,70,0,0,0,0,0,5
MS-MP-020,Shajapur · MP42,Madhya Pradesh,Central,2022-02,16,,116,33.57,,,,,,17,9,67,0,0,0,0,0,6
MS-MP-020,Shajapur · MP42,Madhya Pradesh,Central,2022-03,22,,134,33.57,,,,,,9,8,92,1,0,0,0,0,2
MS-MP-020,Shajapur · MP42,Madhya Pradesh,Central,2022-04,2,22.0,113,33.57,125.2,53.3,39.9,84.4,0.0,10,8,93,0,0,0,0,0,0
MS-MP-020,Shajapur · MP42,Madhya Pradesh,Central,2022-05,46,25.0,162,33.57,7.0,4.9,3.5,88.7,1.0,17,4,87,1,0,0,0,0,7
MS-MP-020,Shajapur · MP42,Madhya Pradesh,Central,2022-06,61,20.0,180,33.57,0.0,3.6,3.1,89.1,1.0,11,6,100,0,0,0,0,0,2
MS-MP-020,Shajapur · MP42,Madhya Pradesh,Central,2022-07,21,24.0,180,33.57,7.5,1.7,3.0,91.8,0.0,11,9,135,0,0,1,0,0,3
MS-MP-020,Shajapur · MP42,Madhya Pradesh,Central,2022-08,20,18.0,245,33.57,7.9,3.3,6.8,90.7,0.0,19,7,196,1,0,1,0,0,1
MS-MP-020,Shajapur · MP42,Madhya Pradesh,Central,2022-09,23,17.0,75,33.57,8.6,1.5,5.2,89.8,0.0,17,7,28,0,0,0,0,0,0
MS-MP-020,Shajapur · MP42,Madhya Pradesh,Central,2022-10,67,29.0,182,33.57,0.0,5.2,7.6,91.0,1.0,24,22,65,2,0,0,0,0,2
MS-MP-020,Shajapur · MP42,Madhya Pradesh,Central,2022-11,30,35.0,137,33.57,11.5,3.7,4.5,89.5,1.0,9,16,80,0,0,0,0,0,2
MS-MP-020,Shajapur · MP42,Madhya Pradesh,Central,2022-12,23,23.0,74,33.57,12.7,4.0,6.2,89.0,0.0,7,11,31,0,0,0,0,0,2
MS-MP-020,Shajapur · MP42,Madhya Pradesh,Central,2023-01,35,27.0,111,33.57,10.9,3.8,5.3,89.0,0.0,13,18,42,0,0,1,0,0,2
MS-MP-020,Shajapur · MP42,Madhya Pradesh,Central,2023-02,31,26.0,105,33.57,10.7,2.7,3.7,89.1,0.0,8,23,42,0,0,0,0,0,1
MS-MP-020,Shajapur · MP42,Madhya Pradesh,Central,2023-03,29,26.0,98,33.57,11.2,1.5,2.6,89.3,0.0,14,17,36,1,0,0,0,0,1
MS-MP-020,Shajapur · MP42,Madhya Pradesh,Central,2023-04,24,33.0,90,33.57,28.1,1.3,3.5,89.1,0.0,6,19,41,0,0,0,0,0,0
MS-MP-020,Shajapur · MP42,Madhya Pradesh,Central,2023-05,29,37.0,100,33.57,36.2,0.6,3.3,91.1,0.0,1,16,53,0,0,0,0,1,0
MS-MP-020,Shajapur · MP42,Madhya Pradesh,Central,2023-06,16,30.0,90,33.57,54.6,24.3,10.6,90.0,0.0,13,17,42,0,1,0,0,0,1
MS-MP-020,Shajapur · MP42,Madhya Pradesh,Central,2023-07,13,35.0,75,33.57,104.8,51.6,29.4,87.4,0.0,10,15,37,0,0,0,0,0,0
MS-MP-020,Shajapur · MP42,Madhya Pradesh,Central,2023-08,25,27.0,106,33.57,80.7,41.8,22.3,88.0,1.0,6,27,45,1,1,0,0,0,1
MS-MP-020,Shajapur · MP42,Madhya Pradesh,Central,2023-09,18,26.0,109,33.57,76.6,38.2,17.6,85.8,0.0,13,15,58,2,2,0,0,0,1
MS-MP-020,Shajapur · MP42,Madhya Pradesh,Central,2023-10,36,43.0,136,33.57,53.7,19.4,12.4,88.0,0.0,14,18,67,0,1,0,0,0,0
MS-MP-020,Shajapur · MP42,Madhya Pradesh,Central,2023-11,48,53.0,161,33.57,44.1,10.3,7.8,88.8,0.0,11,27,72,2,0,0,0,0,0
MS-MP-020,Shajapur · MP42,Madhya Pradesh,Central,2023-12,18,34.0,83,33.57,56.7,24.1,14.5,86.7,0.0,5,29,29,2,0,0,0,0,0
MS-MP-020,Shajapur · MP42,Madhya Pradesh,Central,2024-01,35,41.0,125,33.57,53.6,20.5,12.7,86.4,0.0,12,18,60,0,0,0,0,0,0
MS-MP-020,Shajapur · MP42,Madhya Pradesh,Central,2024-02,26,38.0,84,33.57,78.5,40.5,21.1,81.6,0.0,3,13,42,0,0,0,0,0,0
MS-MP-020,Shajapur · MP42,Madhya Pradesh,Central,2024-03,8,38.0,20,33.57,117.7,52.0,31.2,82.3,0.0,0,5,7,0,0,0,0,0,0
MS-MP-020,Shajapur · MP42,Madhya Pradesh,Central,2024-04,11,23.0,34,33.57,159.8,59.1,32.5,83.3,0.0,4,8,10,1,0,0,0,0,0
MS-MP-020,Shajapur · MP42,Madhya Pradesh,Central,2024-05,19,26.0,64,33.57,148.4,60.5,35.1,84.0,0.0,10,11,23,0,0,0,0,0,1
MS-MP-026,Sidhi · MP53,Madhya Pradesh,Central,2021-06,22,,117,38.6,,,,,,4,14,60,6,3,1,0,0,7
MS-MP-026,Sidhi · MP53,Madhya Pradesh,Central,2021-07,23,,82,38.6,,,,,,8,11,23,2,1,1,0,0,12
MS-MP-026,Sidhi · MP53,Madhya Pradesh,Central,2021-08,40,,141,38.6,,,,,,8,8,76,2,1,1,0,0,4
MS-MP-026,Sidhi · MP53,Madhya Pradesh,Central,2021-09,48,,147,38.6,,,,,,8,11,64,6,0,0,0,0,8
MS-MP-026,Sidhi · MP53,Madhya Pradesh,Central,2021-10,6,,51,38.6,,,,,,4,10,26,3,0,0,0,0,2
MS-MP-026,Sidhi · MP53,Madhya Pradesh,Central,2021-11,34,,123,38.6,,,,,,13,7,58,5,1,1,0,0,4
MS-MP-026,Sidhi · MP53,Madhya Pradesh,Central,2021-12,40,,148,38.6,,,,,,8,20,68,2,2,1,0,0,7
MS-MP-026,Sidhi · MP53,Madhya Pradesh,Central,2022-01,27,,91,38.6,,,,,,1,17,37,4,1,0,1,1,1
MS-MP-026,Sidhi · MP53,Madhya Pradesh,Central,2022-02,22,,90,38.6,,,,,,4,16,40,3,1,1,0,0,3
MS-MP-026,Sidhi · MP53,Madhya Pradesh,Central,2022-03,29,,128,38.6,,,,,,10,21,54,5,1,1,0,0,6
MS-MP-026,Sidhi · MP53,Madhya Pradesh,Central,2022-04,37,26.0,124,38.6,10.9,4.3,0.0,75.2,0.0,9,15,58,2,1,1,0,0,1
MS-MP-026,Sidhi · MP53,Madhya Pradesh,Central,2022-05,34,29.0,77,38.6,12.0,3.9,0.0,75.6,1.0,3,12,23,1,0,1,0,0,3
MS-MP-026,Sidhi · MP53,Madhya Pradesh,Central,2022-06,39,23.0,104,38.6,0.4,3.1,0.0,74.5,0.0,4,17,39,1,1,1,0,1,1
MS-MP-026,Sidhi · MP53,Madhya Pradesh,Central,2022-07,39,27.0,92,38.6,0.0,4.3,0.0,75.9,0.0,6,11,30,2,2,0,0,0,2
MS-MP-026,Sidhi · MP53,Madhya Pradesh,Central,2022-08,43,21.0,201,38.6,0.0,5.4,0.0,75.6,0.0,7,19,116,4,2,2,0,0,8
MS-MP-026,Sidhi · MP53,Madhya Pradesh,Central,2022-09,20,20.0,78,38.6,4.9,1.2,0.0,77.2,3.0,10,19,22,3,0,0,0,0,3
MS-MP-026,Sidhi · MP53,Madhya Pradesh,Central,2022-10,60,33.0,149,38.6,0.0,2.6,0.7,76.9,1.0,11,26,37,6,1,3,0,0,5
MS-MP-026,Sidhi · MP53,Madhya Pradesh,Central,2022-11,21,41.0,104,38.6,26.9,3.0,0.0,76.0,1.0,5,31,38,2,2,0,0,1,3
MS-MP-026,Sidhi · MP53,Madhya Pradesh,Central,2022-12,20,26.0,84,38.6,30.0,2.7,0.0,74.6,1.0,9,19,32,1,0,0,0,0,3
MS-MP-026,Sidhi · MP53,Madhya Pradesh,Central,2023-01,38,32.0,126,38.6,31.5,2.8,0.0,76.6,1.0,17,17,41,4,4,1,0,0,4
MS-MP-026,Sidhi · MP53,Madhya Pradesh,Central,2023-02,31,30.0,123,38.6,28.5,0.0,0.0,76.1,0.0,5,22,56,4,0,2,0,0,2
MS-MP-026,Sidhi · MP53,Madhya Pradesh,Central,2023-03,35,29.0,129,38.6,15.1,1.8,0.0,75.3,0.0,7,23,60,1,0,0,0,1,1
MS-MP-026,Sidhi · MP53,Madhya Pradesh,Central,2023-04,38,36.0,86,38.6,18.8,3.5,0.5,74.9,1.0,5,12,23,2,0,1,0,0,5
MS-MP-026,Sidhi · MP53,Madhya Pradesh,Central,2023-05,43,40.0,139,38.6,19.4,3.4,0.0,74.2,0.0,11,14,55,6,1,1,1,1,4
MS-MP-026,Sidhi · MP53,Madhya Pradesh,Central,2023-06,32,33.0,86,38.6,21.5,1.9,0.0,73.9,3.0,8,20,24,0,1,1,0,0,0
MS-MP-026,Sidhi · MP53,Madhya Pradesh,Central,2023-07,32,38.0,101,38.6,28.2,5.8,0.0,73.2,0.0,7,19,35,2,2,1,0,0,3
MS-MP-026,Sidhi · MP53,Madhya Pradesh,Central,2023-08,30,29.0,91,38.6,30.5,1.1,0.0,74.0,0.0,9,19,29,2,1,0,0,0,1
MS-MP-026,Sidhi · MP53,Madhya Pradesh,Central,2023-09,31,28.0,105,38.6,30.1,1.2,0.0,73.7,1.0,5,21,43,1,1,1,0,1,1
MS-MP-026,Sidhi · MP53,Madhya Pradesh,Central,2023-10,49,46.0,130,38.6,28.2,2.7,0.0,74.9,0.0,9,22,43,4,2,0,0,1,0
MS-MP-026,Sidhi · MP53,Madhya Pradesh,Central,2023-11,65,56.0,195,38.6,20.6,2.1,0.0,72.3,0.0,11,23,83,5,2,2,1,2,1
MS-MP-026,Sidhi · MP53,Madhya Pradesh,Central,2023-12,24,36.0,100,38.6,31.2,2.0,0.0,74.0,0.0,4,26,43,0,1,1,0,0,1
MS-MP-026,Sidhi · MP53,Madhya Pradesh,Central,2024-01,51,44.0,147,38.6,25.2,4.6,1.6,72.6,2.0,9,20,55,2,8,0,0,0,1
MS-MP-026,Sidhi · MP53,Madhya Pradesh,Central,2024-02,44,41.0,136,38.6,28.9,3.7,0.0,73.6,1.0,7,22,52,4,7,0,0,0,0
MS-MP-026,Sidhi · MP53,Madhya Pradesh,Central,2024-03,41,41.0,124,38.6,25.4,3.3,0.0,76.9,1.0,9,18,49,4,3,0,0,0,0
MS-MP-026,Sidhi · MP53,Madhya Pradesh,Central,2024-04,53,38.0,127,38.6,14.2,2.1,0.0,74.5,0.0,7,19,42,2,2,0,0,1,1
MS-MP-026,Sidhi · MP53,Madhya Pradesh,Central,2024-05,37,43.0,103,38.6,21.5,4.2,0.0,76.1,0.0,7,14,40,2,3,0,0,0,0
MS-MP-032,Gwalior · MP7,Madhya Pradesh,Central,2021-06,633,,1716,36.94,,,,,,363,222,225,62,35,22,39,2,58
MS-MP-032,Gwalior · MP7,Madhya Pradesh,Central,2021-07,308,,1090,36.94,,,,,,186,98,345,26,22,17,15,1,19
MS-MP-032,Gwalior · MP7,Madhya Pradesh,Central,2021-08,292,,838,36.94,,,,,,141,86,204,24,29,13,9,2,13
MS-MP-032,Gwalior · MP7,Madhya Pradesh,Central,2021-09,301,,880,36.94,,,,,,175,88,184,48,26,13,13,1,16
MS-MP-032,Gwalior · MP7,Madhya Pradesh,Central,2021-10,296,,794,36.94,,,,,,126,122,141,25,24,15,8,1,25
MS-MP-032,Gwalior · MP7,Madhya Pradesh,Central,2021-11,372,,939,36.94,,,,,,151,128,143,33,33,21,7,3,40
MS-MP-032,Gwalior · MP7,Madhya Pradesh,Central,2021-12,297,,796,36.94,,,,,,95,106,213,23,20,10,5,3,14
MS-MP-032,Gwalior · MP7,Madhya Pradesh,Central,2022-01,492,,1187,36.94,,,,,,156,174,173,34,64,40,13,9,22
MS-MP-032,Gwalior · MP7,Madhya Pradesh,Central,2022-02,529,,1333,36.94,,,,,,152,154,218,81,55,37,24,6,55
MS-MP-032,Gwalior · MP7,Madhya Pradesh,Central,2022-03,536,,1232,36.94,,,,,,133,162,240,49,39,24,12,4,25
MS-MP-032,Gwalior · MP7,Madhya Pradesh,Central,2022-04,569,407.0,1307,36.94,16.1,3.8,3.0,90.2,4.0,182,208,134,57,41,30,23,7,44
MS-MP-032,Gwalior · MP7,Madhya Pradesh,Central,2022-05,462,459.0,1347,36.94,23.1,0.3,4.2,88.9,5.0,195,154,279,87,73,20,15,8,45
MS-MP-032,Gwalior · MP7,Madhya Pradesh,Central,2022-06,515,371.0,1309,36.94,15.1,0.7,5.0,88.6,5.0,146,181,286,52,43,18,17,7,23
MS-MP-032,Gwalior · MP7,Madhya Pradesh,Central,2022-07,439,431.0,1260,36.94,22.3,2.9,3.0,87.1,2.0,198,155,306,61,38,17,15,9,15
MS-MP-032,Gwalior · MP7,Madhya Pradesh,Central,2022-08,433,327.0,1167,36.94,13.6,2.6,1.4,89.5,5.0,143,127,278,71,38,19,13,1,23
MS-MP-032,Gwalior · MP7,Madhya Pradesh,Central,2022-09,302,315.0,756,36.94,18.5,1.2,0.2,90.7,2.0,101,115,118,45,26,14,9,3,14
MS-MP-032,Gwalior · MP7,Madhya Pradesh,Central,2022-10,574,522.0,1469,36.94,19.7,3.2,0.0,90.0,4.0,200,179,251,105,57,20,17,5,36
MS-MP-032,Gwalior · MP7,Madhya Pradesh,Central,2022-11,339,643.0,850,36.94,55.6,23.5,4.6,88.5,2.0,91,136,124,51,32,15,7,10,32
MS-MP-032,Gwalior · MP7,Madhya Pradesh,Central,2022-12,242,413.0,600,36.94,64.0,30.9,7.6,88.6,1.0,72,91,120,22,12,10,3,2,19
MS-MP-032,Gwalior · MP7,Madhya Pradesh,Central,2023-01,1877,498.0,4340,36.94,0.0,3.6,0.0,88.9,8.0,485,628,550,347,112,51,55,50,81
MS-MP-032,Gwalior · MP7,Madhya Pradesh,Central,2023-02,2738,467.0,5050,36.94,0.0,1.9,0.0,89.4,14.0,727,139,877,0,0,61,108,78,129
MS-MP-032,Gwalior · MP7,Madhya Pradesh,Central,2023-03,320,464.0,764,36.94,5.9,2.6,0.0,89.4,1.0,62,170,100,18,41,1,4,19,21
MS-MP-032,Gwalior · MP7,Madhya Pradesh,Central,2023-04,322,755.0,729,36.94,25.7,3.1,0.0,88.3,1.0,78,104,141,32,18,8,1,2,12
MS-MP-032,Gwalior · MP7,Madhya Pradesh,Central,2023-05,472,851.0,1038,36.94,105.7,50.1,26.2,83.7,4.0,108,149,190,28,35,9,10,8,21
MS-MP-032,Gwalior · MP7,Madhya Pradesh,Central,2023-06,434,689.0,987,36.94,75.8,38.1,17.7,85.8,4.0,133,114,164,50,42,7,8,11,11
MS-MP-032,Gwalior · MP7,Madhya Pradesh,Central,2023-07,415,801.0,947,36.94,94.8,45.5,24.8,84.6,4.0,127,123,165,38,34,0,5,17,13
MS-MP-032,Gwalior · MP7,Madhya Pradesh,Central,2023-08,423,606.0,1038,36.94,83.4,41.3,16.3,85.5,3.0,130,147,184,54,39,6,10,20,17
MS-MP-032,Gwalior · MP7,Madhya Pradesh,Central,2023-09,413,584.0,989,36.94,78.1,38.4,14.3,87.0,6.0,118,120,194,53,34,14,10,12,12
MS-MP-032,Gwalior · MP7,Madhya Pradesh,Central,2023-10,571,969.0,1259,36.94,90.3,44.9,25.3,85.9,5.0,121,192,221,55,44,12,7,12,10
MS-MP-032,Gwalior · MP7,Madhya Pradesh,Central,2023-11,521,1193.0,1256,36.94,107.0,47.8,29.9,83.6,4.0,145,219,210,59,33,15,12,11,17
MS-MP-032,Gwalior · MP7,Madhya Pradesh,Central,2023-12,235,766.0,574,36.94,113.5,51.6,30.5,83.6,0.0,77,103,101,22,10,5,1,9,8
MS-MP-032,Gwalior · MP7,Madhya Pradesh,Central,2024-01,1943,925.0,4063,36.94,0.0,3.7,1.6,89.3,15.0,597,116,676,233,162,78,57,71,39
MS-MP-032,Gwalior · MP7,Madhya Pradesh,Central,2024-02,0,866.0,2022,36.94,52.5,19.6,5.1,85.0,0.0,0,203,1254,0,0,74,80,111,98
MS-MP-032,Gwalior · MP7,Madhya Pradesh,Central,2024-03,194,862.0,422,36.94,71.7,33.9,14.3,82.7,6.0,43,74,64,12,13,2,5,5,6
MS-MP-032,Gwalior · MP7,Madhya Pradesh,Central,2024-04,435,468.0,896,36.94,180.7,64.9,34.6,79.3,6.0,108,108,155,24,17,2,5,7,17
MS-MP-032,Gwalior · MP7,Madhya Pradesh,Central,2024-05,399,528.0,880,36.94,78.4,38.7,16.2,76.5,9.0,97,151,129,36,30,3,5,9,15
MS-NL-002,Dimapur · NL7,Nagaland,North-East,2021-06,13,,23,25.29,,,,,,0,5,1,0,4,0,0,0,0
MS-NL-002,Dimapur · NL7,Nagaland,North-East,2021-07,264,,744,25.29,,,,,,77,128,130,15,29,1,1,0,23
MS-NL-002,Dimapur · NL7,Nagaland,North-East,2021-08,224,,548,25.29,,,,,,36,93,96,9,15,6,0,0,18
MS-NL-002,Dimapur · NL7,Nagaland,North-East,2021-09,190,,484,25.29,,,,,,42,85,79,3,28,1,5,1,13
MS-NL-002,Dimapur · NL7,Nagaland,North-East,2021-10,146,,449,25.29,,,,,,30,111,58,11,22,3,2,0,10
MS-NL-002,Dimapur · NL7,Nagaland,North-East,2021-11,178,,492,25.29,,,,,,34,106,80,6,24,2,0,0,11
MS-NL-002,Dimapur · NL7,Nagaland,North-East,2021-12,181,,408,25.29,,,,,,31,75,31,5,19,0,0,1,8
MS-NL-002,Dimapur · NL7,Nagaland,North-East,2022-01,153,,450,25.29,,,,,,39,115,66,7,15,2,3,2,4
MS-NL-002,Dimapur · NL7,Nagaland,North-East,2022-02,219,,542,25.29,,,,,,37,118,61,10,25,4,1,2,7
MS-NL-002,Dimapur · NL7,Nagaland,North-East,2022-03,192,,475,25.29,,,,,,26,119,77,6,20,1,3,2,3
MS-NL-002,Dimapur · NL7,Nagaland,North-East,2022-04,226,188.0,618,25.29,17.3,4.3,1.9,85.4,0.0,33,161,105,9,29,2,3,1,8
MS-NL-002,Dimapur · NL7,Nagaland,North-East,2022-05,173,192.0,465,25.29,25.4,2.8,0.0,84.7,0.0,26,120,78,6,21,3,1,4,10
MS-NL-002,Dimapur · NL7,Nagaland,North-East,2022-06,215,169.0,518,25.29,20.3,2.2,0.0,87.0,0.0,35,114,76,10,25,2,0,4,6
MS-NL-002,Dimapur · NL7,Nagaland,North-East,2022-07,160,175.0,451,25.29,27.8,1.2,0.0,88.2,1.0,33,100,71,12,27,2,1,2,10
MS-NL-002,Dimapur · NL7,Nagaland,North-East,2022-08,273,168.0,622,25.29,8.6,4.8,0.8,86.5,3.0,42,99,114,10,31,2,0,2,8
MS-NL-002,Dimapur · NL7,Nagaland,North-East,2022-09,200,210.0,532,25.29,17.5,1.1,1.8,84.8,0.0,45,116,97,5,24,1,1,2,8
MS-NL-002,Dimapur · NL7,Nagaland,North-East,2022-10,212,249.0,487,25.29,25.0,3.0,1.7,84.5,3.0,18,106,75,6,22,2,0,1,7
MS-NL-002,Dimapur · NL7,Nagaland,North-East,2022-11,179,214.0,534,25.29,33.0,3.8,4.3,83.8,1.0,35,134,108,5,22,1,1,6,11
MS-NL-002,Dimapur · NL7,Nagaland,North-East,2022-12,138,157.0,355,25.29,35.9,1.9,4.6,83.8,2.0,26,72,63,5,16,0,0,1,6
MS-NL-002,Dimapur · NL7,Nagaland,North-East,2023-01,134,191.0,359,25.29,52.6,21.5,7.2,82.6,1.0,29,72,68,6,19,1,1,4,6
MS-NL-002,Dimapur · NL7,Nagaland,North-East,2023-02,276,160.0,620,25.29,18.8,2.4,1.9,84.0,5.0,45,110,115,6,10,0,1,2,10
MS-NL-002,Dimapur · NL7,Nagaland,North-East,2023-03,246,184.0,599,25.29,11.6,0.3,1.6,84.7,3.0,40,101,121,4,29,1,1,12,9
MS-NL-002,Dimapur · NL7,Nagaland,North-East,2023-04,188,227.0,471,25.29,21.5,5.3,2.8,84.3,0.0,32,102,86,3,22,0,1,2,3
MS-NL-002,Dimapur · NL7,Nagaland,North-East,2023-05,211,231.0,538,25.29,26.1,4.6,5.1,84.1,0.0,38,86,115,3,39,2,1,5,7
MS-NL-002,Dimapur · NL7,Nagaland,North-East,2023-06,166,204.0,385,25.29,37.0,3.2,7.8,84.4,0.0,21,65,82,2,18,0,1,7,0
MS-NL-002,Dimapur · NL7,Nagaland,North-East,2023-07,198,211.0,501,25.29,35.1,1.9,10.8,81.7,2.0,38,69,91,0,50,0,3,8,13
MS-NL-002,Dimapur · NL7,Nagaland,North-East,2023-08,219,203.0,505,25.29,33.0,4.2,10.1,84.3,3.0,35,71,94,2,42,2,3,6,4
MS-NL-002,Dimapur · NL7,Nagaland,North-East,2023-09,195,254.0,467,25.29,41.8,5.9,8.8,85.6,2.0,24,107,86,3,32,1,0,2,2
MS-NL-002,Dimapur · NL7,Nagaland,North-East,2023-10,235,300.0,474,25.29,47.2,14.3,6.0,85.0,5.0,17,71,90,3,32,4,0,5,6
MS-NL-002,Dimapur · NL7,Nagaland,North-East,2023-11,271,258.0,575,25.29,40.0,3.3,4.0,86.6,2.0,53,78,93,5,36,7,1,7,3
MS-NL-002,Dimapur · NL7,Nagaland,North-East,2023-12,173,190.0,381,25.29,36.6,2.6,2.8,84.9,1.0,17,49,89,1,13,3,4,7,5
MS-NL-002,Dimapur · NL7,Nagaland,North-East,2024-01,233,231.0,579,25.29,34.9,1.7,0.0,83.1,2.0,39,136,86,9,34,5,3,12,1
MS-NL-002,Dimapur · NL7,Nagaland,North-East,2024-02,196,194.0,528,25.29,34.3,3.3,4.8,83.0,3.0,36,139,93,4,32,8,5,6,0
MS-NL-002,Dimapur · NL7,Nagaland,North-East,2024-03,197,222.0,439,25.29,37.2,4.2,5.1,83.7,0.0,23,81,80,4,24,6,2,7,2
MS-NL-002,Dimapur · NL7,Nagaland,North-East,2024-04,141,216.0,385,25.29,55.1,24.0,12.4,82.4,3.0,31,87,74,1,30,1,2,5,1
MS-NL-002,Dimapur · NL7,Nagaland,North-East,2024-05,229,220.0,538,25.29,44.5,8.5,2.7,83.9,4.0,28,104,91,1,44,2,3,11,4
MS-OR-006,Sundergarh · OR16,Odisha,East,2021-06,18,,84,31.68,,,,,,15,16,28,5,0,0,1,0,1
MS-OR-006,Sundergarh · OR16,Odisha,East,2021-07,34,,125,31.68,,,,,,9,49,25,1,1,2,2,0,0
MS-OR-006,Sundergarh · OR16,Odisha,East,2021-08,27,,96,31.68,,,,,,14,24,20,0,1,2,2,0,3
MS-OR-006,Sundergarh · OR16,Odisha,East,2021-09,29,,88,31.68,,,,,,12,26,15,1,1,1,0,0,2
MS-OR-006,Sundergarh · OR16,Odisha,East,2021-10,25,,135,31.68,,,,,,14,64,26,0,1,2,0,1,0
MS-OR-006,Sundergarh · OR16,Odisha,East,2021-11,32,,116,31.68,,,,,,14,37,27,1,0,0,1,0,4
MS-OR-006,Sundergarh · OR16,Odisha,East,2021-12,22,,139,31.68,,,,,,12,75,24,2,1,3,0,0,0
MS-OR-006,Sundergarh · OR16,Odisha,East,2022-01,18,,129,31.68,,,,,,15,55,34,0,2,0,2,1,1
MS-OR-006,Sundergarh · OR16,Odisha,East,2022-02,23,,112,31.68,,,,,,18,46,16,3,2,1,0,3,0
MS-OR-006,Sundergarh · OR16,Odisha,East,2022-03,31,,128,31.68,,,,,,17,28,45,2,2,1,0,0,2
MS-OR-006,Sundergarh · OR16,Odisha,East,2022-04,26,25.0,173,31.68,32.2,3.9,2.5,76.8,1.0,18,86,36,2,2,1,0,0,0
MS-OR-006,Sundergarh · OR16,Odisha,East,2022-05,35,25.0,148,31.68,16.5,4.9,5.2,77.5,1.0,11,68,22,6,2,1,0,0,2
MS-OR-006,Sundergarh · OR16,Odisha,East,2022-06,23,24.0,201,31.68,21.0,3.6,2.6,77.3,0.0,8,124,42,2,0,1,0,1,0
MS-OR-006,Sundergarh · OR16,Odisha,East,2022-07,25,23.0,166,31.68,20.2,3.3,2.0,77.7,1.0,15,89,27,5,3,0,1,1,0
MS-OR-006,Sundergarh · OR16,Odisha,East,2022-08,31,21.0,217,31.68,8.7,3.2,2.6,76.9,1.0,9,142,27,1,1,2,3,0,0
MS-OR-006,Sundergarh · OR16,Odisha,East,2022-09,42,24.0,216,31.68,0.0,2.3,3.3,77.8,0.0,15,121,34,2,1,1,0,0,0
MS-OR-006,Sundergarh · OR16,Odisha,East,2022-10,32,30.0,176,31.68,8.2,2.6,2.1,78.7,0.0,16,83,36,4,0,2,2,0,1
MS-OR-006,Sundergarh · OR16,Odisha,East,2022-11,24,33.0,208,31.68,22.9,0.8,2.5,80.6,0.0,10,137,30,5,0,1,0,0,1
MS-OR-006,Sundergarh · OR16,Odisha,East,2022-12,36,24.0,259,31.68,12.9,4.2,1.6,80.7,1.0,23,149,39,5,1,4,1,0,1
MS-OR-006,Sundergarh · OR16,Odisha,East,2023-01,22,31.0,262,31.68,32.8,4.7,0.0,79.9,1.0,16,182,35,3,1,1,0,0,2
MS-OR-006,Sundergarh · OR16,Odisha,East,2023-02,30,23.0,228,31.68,24.3,2.6,0.3,79.9,1.0,16,130,39,4,4,4,0,0,1
MS-OR-006,Sundergarh · OR16,Odisha,East,2023-03,46,25.0,238,31.68,2.5,2.3,3.7,80.3,0.0,15,123,45,4,2,1,1,1,0
MS-OR-006,Sundergarh · OR16,Odisha,East,2023-04,25,33.0,182,31.68,16.8,5.1,5.2,79.5,3.0,10,119,23,4,0,1,0,0,0
MS-OR-006,Sundergarh · OR16,Odisha,East,2023-05,40,33.0,228,31.68,12.8,4.2,4.0,77.5,1.0,12,122,42,7,2,2,0,0,1
MS-OR-006,Sundergarh · OR16,Odisha,East,2023-06,44,32.0,242,31.68,5.0,1.8,1.9,76.5,1.0,11,137,38,7,2,1,1,0,0
MS-OR-006,Sundergarh · OR16,Odisha,East,2023-07,20,31.0,186,31.68,19.1,0.8,5.2,77.8,1.0,9,104,43,6,2,1,0,0,0
MS-OR-006,Sundergarh · OR16,Odisha,East,2023-08,25,28.0,210,31.68,23.9,4.5,4.5,78.7,0.0,10,107,55,7,1,2,2,0,1
MS-OR-006,Sundergarh · OR16,Odisha,East,2023-09,55,33.0,200,31.68,6.2,3.2,4.2,77.2,0.0,10,74,43,11,3,2,0,1,1
MS-OR-006,Sundergarh · OR16,Odisha,East,2023-10,58,41.0,223,31.68,0.4,4.9,3.5,78.9,1.0,22,73,49,15,4,1,1,0,0
MS-OR-006,Sundergarh · OR16,Odisha,East,2023-11,49,44.0,233,31.68,5.4,3.0,3.2,79.1,1.0,14,91,61,9,6,1,0,2,0
MS-OR-006,Sundergarh · OR16,Odisha,East,2023-12,53,32.0,261,31.68,0.0,3.2,1.0,79.6,1.0,16,135,45,4,3,3,0,1,1
MS-OR-006,Sundergarh · OR16,Odisha,East,2024-01,22,43.0,266,31.68,22.7,5.3,3.1,79.5,0.0,8,177,49,3,3,1,1,1,1
MS-OR-006,Sundergarh · OR16,Odisha,East,2024-02,32,31.0,296,31.68,28.4,0.0,2.0,80.0,0.0,14,187,51,4,5,0,0,2,1
MS-OR-006,Sundergarh · OR16,Odisha,East,2024-03,50,34.0,292,31.68,16.4,2.0,0.0,79.7,1.0,15,161,51,9,0,4,0,1,0
MS-OR-006,Sundergarh · OR16,Odisha,East,2024-04,27,40.0,218,31.68,29.6,2.4,0.0,78.4,0.0,16,110,52,8,4,0,0,1,0
MS-OR-006,Sundergarh · OR16,Odisha,East,2024-05,40,40.0,250,31.68,29.8,4.5,0.1,79.2,2.0,6,147,46,7,3,0,0,1,0
MS-OR-012,Bolangir · OR3,Odisha,East,2021-06,40,,105,30.23,,,,,,14,20,27,0,1,0,0,0,0
MS-OR-012,Bolangir · OR3,Odisha,East,2021-07,55,,149,30.23,,,,,,22,14,42,6,2,0,0,0,2
MS-OR-012,Bolangir · OR3,Odisha,East,2021-08,53,,151,30.23,,,,,,21,18,44,3,3,1,1,0,2
MS-OR-012,Bolangir · OR3,Odisha,East,2021-09,36,,117,30.23,,,,,,26,16,32,2,0,0,1,0,1
MS-OR-012,Bolangir · OR3,Odisha,East,2021-10,48,,154,30.23,,,,,,22,22,57,2,0,0,0,0,2
MS-OR-012,Bolangir · OR3,Odisha,East,2021-11,50,,154,30.23,,,,,,15,24,58,2,1,0,1,1,1
MS-OR-012,Bolangir · OR3,Odisha,East,2021-12,45,,147,30.23,,,,,,18,23,51,1,1,2,0,1,4
MS-OR-012,Bolangir · OR3,Odisha,East,2022-01,61,,185,30.23,,,,,,18,40,54,5,2,0,0,0,5
MS-OR-012,Bolangir · OR3,Odisha,East,2022-02,54,,153,30.23,,,,,,21,34,31,3,1,0,3,1,5
MS-OR-012,Bolangir · OR3,Odisha,East,2022-03,55,,203,30.23,,,,,,22,38,78,5,2,0,0,0,2
MS-OR-012,Bolangir · OR3,Odisha,East,2022-04,59,48.0,168,30.23,19.0,0.5,6.1,86.0,1.0,14,31,52,5,3,2,0,2,0
MS-OR-012,Bolangir · OR3,Odisha,East,2022-05,73,48.0,168,30.23,8.3,2.1,4.9,87.1,0.0,17,27,41,3,3,0,0,1,3
MS-OR-012,Bolangir · OR3,Odisha,East,2022-06,49,47.0,161,30.23,15.2,2.9,4.7,88.1,2.0,14,42,45,2,7,0,0,0,2
MS-OR-012,Bolangir · OR3,Odisha,East,2022-07,56,45.0,195,30.23,11.1,3.9,8.7,87.0,1.0,18,36,73,3,6,0,0,1,2
MS-OR-012,Bolangir · OR3,Odisha,East,2022-08,41,41.0,150,30.23,18.8,5.9,5.5,86.5,2.0,23,31,46,3,3,0,0,0,3
MS-OR-012,Bolangir · OR3,Odisha,East,2022-09,46,47.0,165,30.23,23.0,1.3,4.9,85.6,1.0,9,41,57,9,2,0,0,0,0
MS-OR-012,Bolangir · OR3,Odisha,East,2022-10,52,59.0,207,30.23,29.7,3.6,4.4,84.9,1.0,17,40,86,3,6,1,0,1,1
MS-OR-012,Bolangir · OR3,Odisha,East,2022-11,57,64.0,194,30.23,36.1,4.6,4.8,87.0,1.0,20,27,73,12,0,0,1,0,3
MS-OR-012,Bolangir · OR3,Odisha,East,2022-12,67,47.0,222,30.23,17.8,3.1,8.3,88.2,1.0,28,44,73,6,2,0,0,0,1
MS-OR-012,Bolangir · OR3,Odisha,East,2023-01,80,62.0,217,30.23,11.0,2.6,8.8,88.7,1.0,19,39,66,5,3,1,0,0,4
MS-OR-012,Bolangir · OR3,Odisha,East,2023-02,66,46.0,190,30.23,5.3,1.9,10.3,89.8,1.0,18,36,56,7,5,0,0,0,2
MS-OR-012,Bolangir · OR3,Odisha,East,2023-03,56,50.0,179,30.23,10.4,2.1,8.4,89.2,1.0,17,44,54,6,1,1,0,0,0
MS-OR-012,Bolangir · OR3,Odisha,East,2023-04,49,63.0,166,30.23,27.8,2.4,6.4,88.1,1.0,17,37,53,3,2,0,1,0,3
MS-OR-012,Bolangir · OR3,Odisha,East,2023-05,73,63.0,178,30.23,22.3,4.6,3.5,89.2,0.0,17,25,46,5,6,0,3,2,1
MS-OR-012,Bolangir · OR3,Odisha,East,2023-06,50,61.0,168,30.23,30.4,3.5,7.0,88.1,0.0,19,37,46,5,6,1,0,1,2
MS-OR-012,Bolangir · OR3,Odisha,East,2023-07,48,58.0,165,30.23,33.2,2.4,7.6,88.7,1.0,14,33,50,8,7,0,1,1,1
MS-OR-012,Bolangir · OR3,Odisha,East,2023-08,42,53.0,170,30.23,45.2,12.0,9.0,87.2,0.0,18,29,63,9,8,0,1,0,0
MS-OR-012,Bolangir · OR3,Odisha,East,2023-09,64,62.0,192,30.23,32.7,0.5,8.5,87.3,0.0,8,39,68,8,2,0,0,0,2
MS-OR-012,Bolangir · OR3,Odisha,East,2023-10,74,77.0,218,30.23,33.2,4.3,8.2,87.6,0.0,9,36,84,6,6,2,0,0,1
MS-OR-012,Bolangir · OR3,Odisha,East,2023-11,73,84.0,253,30.23,38.8,4.6,7.7,86.0,3.0,20,62,85,8,2,0,0,0,2
MS-OR-012,Bolangir · OR3,Odisha,East,2023-12,67,61.0,206,30.23,28.7,3.7,7.2,87.1,0.0,15,40,63,5,13,1,1,0,1
MS-OR-012,Bolangir · OR3,Odisha,East,2024-01,90,80.0,259,30.23,24.2,3.3,4.7,87.4,1.0,20,50,63,18,11,0,1,1,3
MS-OR-012,Bolangir · OR3,Odisha,East,2024-02,77,59.0,257,30.23,17.4,7.5,7.0,85.9,1.0,19,77,67,8,8,0,0,1,0
MS-OR-012,Bolangir · OR3,Odisha,East,2024-03,78,65.0,244,30.23,13.4,1.7,8.3,84.2,0.0,22,79,52,4,4,3,0,0,2
MS-OR-012,Bolangir · OR3,Odisha,East,2024-04,51,66.0,180,30.23,30.0,3.0,8.6,84.4,0.0,17,54,45,7,3,0,0,0,3
MS-OR-012,Bolangir · OR3,Odisha,East,2024-05,53,66.0,170,30.23,39.0,5.0,9.2,86.0,0.0,15,40,44,12,5,0,0,0,1
MS-OR-018,Keonjhar · OR9,Odisha,East,2021-06,10,,67,33.21,,,,,,3,32,20,1,1,0,0,0,0
MS-OR-018,Keonjhar · OR9,Odisha,East,2021-07,24,,182,33.21,,,,,,9,107,39,1,0,0,1,0,0
MS-OR-018,Keonjhar · OR9,Odisha,East,2021-08,20,,120,33.21,,,,,,1,55,38,1,2,0,0,0,2
MS-OR-018,Keonjhar · OR9,Odisha,East,2021-09,15,,83,33.21,,,,,,12,29,24,0,2,0,0,0,1
MS-OR-018,Keonjhar · OR9,Odisha,East,2021-10,25,,110,33.21,,,,,,7,37,29,1,2,1,2,2,2
MS-OR-018,Keonjhar · OR9,Odisha,East,2021-11,19,,79,33.21,,,,,,6,22,29,0,1,0,0,1,1
MS-OR-018,Keonjhar · OR9,Odisha,East,2021-12,10,,68,33.21,,,,,,4,25,26,2,0,0,0,0,0
MS-OR-018,Keonjhar · OR9,Odisha,East,2022-01,24,,101,33.21,,,,,,5,24,43,1,0,0,1,0,1
MS-OR-018,Keonjhar · OR9,Odisha,East,2022-02,21,,98,33.21,,,,,,5,43,24,2,0,1,1,0,1
MS-OR-018,Keonjhar · OR9,Odisha,East,2022-03,20,,98,33.21,,,,,,6,36,31,2,0,0,1,0,1
MS-OR-018,Keonjhar · OR9,Odisha,East,2022-04,14,18.0,110,33.21,44.5,10.6,0.0,76.8,0.0,3,45,43,3,1,0,0,0,1
MS-OR-018,Keonjhar · OR9,Odisha,East,2022-05,15,18.0,108,33.21,49.1,18.5,1.5,76.2,0.0,4,40,42,3,0,0,1,0,2
MS-OR-018,Keonjhar · OR9,Odisha,East,2022-06,16,17.0,83,33.21,45.2,11.2,0.0,77.9,0.0,4,30,31,1,1,0,0,0,0
MS-OR-018,Keonjhar · OR9,Odisha,East,2022-07,12,17.0,72,33.21,51.2,19.9,0.9,78.6,0.0,6,27,25,0,0,0,0,1,1
MS-OR-018,Keonjhar · OR9,Odisha,East,2022-08,8,15.0,74,33.21,66.0,31.2,8.3,75.0,0.0,5,23,33,3,1,0,0,0,0
MS-OR-018,Keonjhar · OR9,Odisha,East,2022-09,20,18.0,85,33.21,46.4,11.4,0.0,77.4,0.0,5,25,30,1,3,0,0,1,0
MS-OR-018,Keonjhar · OR9,Odisha,East,2022-10,41,22.0,123,33.21,0.5,3.7,0.0,77.5,0.0,4,33,42,1,1,0,0,0,0
MS-OR-018,Keonjhar · OR9,Odisha,East,2022-11,15,24.0,75,33.21,17.3,4.5,0.0,77.3,0.0,3,32,23,0,0,0,1,0,1
MS-OR-018,Keonjhar · OR9,Odisha,East,2022-12,42,17.0,117,33.21,0.0,3.9,1.0,76.2,2.0,8,30,36,0,1,0,0,0,0
MS-OR-018,Keonjhar · OR9,Odisha,East,2023-01,14,23.0,133,33.21,22.3,5.2,0.1,78.5,0.0,7,75,32,1,1,0,0,1,2
MS-OR-018,Keonjhar · OR9,Odisha,East,2023-02,21,17.0,114,33.21,14.3,3.7,0.0,79.2,1.0,1,50,36,1,0,0,0,0,1
MS-OR-018,Keonjhar · OR9,Odisha,East,2023-03,21,18.0,195,33.21,18.8,2.8,0.0,76.7,1.0,8,119,46,0,1,0,0,0,0
MS-OR-018,Keonjhar · OR9,Odisha,East,2023-04,35,22.0,135,33.21,3.0,2.6,0.7,76.1,1.0,6,66,26,0,0,0,0,1,1
MS-OR-018,Keonjhar · OR9,Odisha,East,2023-05,24,21.0,132,33.21,4.6,6.9,1.0,74.7,1.0,9,70,27,1,1,0,0,0,0
MS-OR-018,Keonjhar · OR9,Odisha,East,2023-06,19,21.0,130,33.21,15.0,4.9,1.0,75.0,0.0,7,74,27,0,1,0,1,1,0
MS-OR-018,Keonjhar · OR9,Odisha,East,2023-07,24,20.0,150,33.21,17.3,3.9,3.6,74.4,0.0,7,70,46,1,2,0,0,0,0
MS-OR-018,Keonjhar · OR9,Odisha,East,2023-08,15,18.0,146,33.21,26.1,6.3,2.9,75.3,0.0,10,85,34,1,0,0,0,0,0
MS-OR-018,Keonjhar · OR9,Odisha,East,2023-09,18,21.0,136,33.21,36.6,4.5,2.0,74.6,0.0,12,63,38,2,2,0,1,0,0
MS-OR-018,Keonjhar · OR9,Odisha,East,2023-10,32,26.0,189,33.21,24.1,4.0,1.2,76.6,2.0,14,90,48,2,0,0,0,1,2
MS-OR-018,Keonjhar · OR9,Odisha,East,2023-11,22,29.0,173,33.21,36.6,5.3,2.6,78.2,0.0,11,101,35,1,3,0,0,0,0
MS-OR-018,Keonjhar · OR9,Odisha,East,2023-12,26,21.0,195,33.21,25.5,3.0,2.3,78.2,0.0,11,103,51,1,0,1,0,2,0
MS-OR-018,Keonjhar · OR9,Odisha,East,2024-01,32,27.0,260,33.21,23.5,2.7,0.0,78.1,0.0,9,165,49,3,2,0,0,0,0
MS-OR-018,Keonjhar · OR9,Odisha,East,2024-02,26,20.0,244,33.21,14.5,3.0,0.0,79.4,1.0,7,169,40,0,1,0,0,0,1
MS-OR-018,Keonjhar · OR9,Odisha,East,2024-03,38,22.0,299,33.21,0.0,5.2,0.0,78.8,0.0,3,214,39,2,3,0,0,0,0
MS-OR-018,Keonjhar · OR9,Odisha,East,2024-04,20,26.0,272,33.21,18.3,0.0,0.0,78.3,0.0,5,201,39,4,2,1,0,0,0
MS-OR-018,Keonjhar · OR9,Odisha,East,2024-05,23,26.0,152,33.21,25.6,3.5,0.0,75.8,0.0,10,80,33,5,0,0,0,0,1
MS-PB-006,Abohar · PB15,Punjab,North,2021-06,23,,48,36.48,,,,,,15,2,2,3,1,1,0,0,1
MS-PB-006,Abohar · PB15,Punjab,North,2021-07,31,,67,36.48,,,,,,20,2,5,5,3,0,0,0,0
MS-PB-006,Abohar · PB15,Punjab,North,2021-08,15,,54,36.48,,,,,,14,9,3,5,4,0,0,0,0
MS-PB-006,Abohar · PB15,Punjab,North,2021-09,10,,41,36.48,,,,,,12,5,2,4,2,2,0,0,0
MS-PB-006,Abohar · PB15,Punjab,North,2021-10,15,,47,36.48,,,,,,15,4,2,2,5,3,0,0,0
MS-PB-006,Abohar · PB15,Punjab,North,2021-11,23,,64,36.48,,,,,,14,11,6,5,3,1,0,0,1
MS-PB-006,Abohar · PB15,Punjab,North,2021-12,29,,67,36.48,,,,,,20,7,2,7,1,1,0,0,0
MS-PB-006,Abohar · PB15,Punjab,North,2022-01,38,,81,36.48,,,,,,19,7,2,6,4,2,1,0,2
MS-PB-006,Abohar · PB15,Punjab,North,2022-02,20,,56,36.48,,,,,,17,4,1,2,5,4,0,1,0
MS-PB-006,Abohar · PB15,Punjab,North,2022-03,35,,105,36.48,,,,,,24,8,15,8,8,5,0,0,0
MS-PB-006,Abohar · PB15,Punjab,North,2022-04,32,31.0,90,36.48,20.8,2.6,0.0,81.2,0.0,22,8,9,7,5,2,0,4,0
MS-PB-006,Abohar · PB15,Punjab,North,2022-05,24,29.0,71,36.48,30.3,2.8,0.0,83.4,0.0,21,9,8,4,2,1,0,0,1
MS-PB-006,Abohar · PB15,Punjab,North,2022-06,20,25.0,63,36.48,37.5,4.8,0.7,83.6,0.0,16,7,3,11,3,1,0,1,0
MS-PB-006,Abohar · PB15,Punjab,North,2022-07,22,24.0,62,36.48,41.2,4.2,0.0,83.4,0.0,12,9,5,5,5,2,1,1,0
MS-PB-006,Abohar · PB15,Punjab,North,2022-08,18,20.0,62,36.48,44.2,10.1,0.0,81.3,0.0,16,4,7,8,4,3,0,2,0
MS-PB-006,Abohar · PB15,Punjab,North,2022-09,21,17.0,59,36.48,31.9,2.9,2.6,83.0,0.0,15,5,9,2,4,2,0,0,0
MS-PB-006,Abohar · PB15,Punjab,North,2022-10,32,29.0,78,36.48,27.4,3.9,0.9,82.8,0.0,20,5,10,3,6,1,0,1,0
MS-PB-006,Abohar · PB15,Punjab,North,2022-11,18,34.0,54,36.48,52.9,21.5,6.2,83.0,0.0,7,3,7,4,7,4,0,1,1
MS-PB-006,Abohar · PB15,Punjab,North,2022-12,24,26.0,72,36.48,49.7,21.5,3.4,81.3,0.0,15,13,8,1,7,4,0,0,0
MS-PB-006,Abohar · PB15,Punjab,North,2023-01,20,35.0,82,36.48,81.4,38.2,18.0,77.6,0.0,24,6,16,7,6,1,0,2,0
MS-PB-006,Abohar · PB15,Punjab,North,2023-02,30,29.0,90,36.48,55.4,21.3,5.5,82.3,1.0,17,11,15,2,4,6,1,1,3
MS-PB-006,Abohar · PB15,Punjab,North,2023-03,30,30.0,80,36.48,43.3,9.8,1.2,82.9,0.0,18,8,8,5,5,2,1,3,0
MS-PB-006,Abohar · PB15,Punjab,North,2023-04,13,30.0,52,36.48,64.8,33.0,6.4,80.5,0.0,9,8,9,7,4,1,0,1,0
MS-PB-006,Abohar · PB15,Punjab,North,2023-05,13,29.0,50,36.48,99.5,46.2,21.8,77.3,0.0,12,7,10,3,2,0,0,2,0
MS-PB-006,Abohar · PB15,Punjab,North,2023-06,23,24.0,60,36.48,84.6,42.7,15.5,76.9,2.0,13,11,6,1,4,0,1,1,0
MS-PB-006,Abohar · PB15,Punjab,North,2023-07,17,24.0,43,36.48,69.6,35.3,7.3,78.8,0.0,12,1,5,1,4,2,0,0,1
MS-PB-006,Abohar · PB15,Punjab,North,2023-08,17,20.0,56,36.48,59.8,29.6,3.2,78.6,0.0,19,4,4,5,4,1,0,0,1
MS-PB-006,Abohar · PB15,Punjab,North,2023-09,11,17.0,35,36.48,76.0,37.4,10.1,78.7,0.0,6,4,5,5,1,0,0,2,0
MS-PB-006,Abohar · PB15,Punjab,North,2023-10,18,28.0,35,36.48,94.9,46.5,18.5,77.0,0.0,4,5,5,1,2,0,0,0,0
MS-PB-006,Abohar · PB15,Punjab,North,2023-11,32,34.0,126,36.48,52.4,18.7,3.3,79.6,2.0,17,16,26,13,20,1,1,0,0
MS-PB-006,Abohar · PB15,Punjab,North,2023-12,23,26.0,118,36.48,45.7,10.5,0.2,82.3,0.0,27,12,31,8,10,4,0,2,0
MS-PB-006,Abohar · PB15,Punjab,North,2024-01,22,35.0,121,36.48,58.3,25.9,7.6,81.2,0.0,28,16,29,1,18,2,0,2,2
MS-PB-006,Abohar · PB15,Punjab,North,2024-02,27,29.0,82,36.48,56.1,24.2,6.4,81.8,0.0,16,13,10,7,8,0,0,1,0
MS-PB-006,Abohar · PB15,Punjab,North,2024-03,20,30.0,83,36.48,66.0,33.5,9.4,80.4,0.0,16,13,17,7,8,1,0,1,0
MS-PB-006,Abohar · PB15,Punjab,North,2024-04,18,25.0,72,36.48,67.3,33.2,10.4,79.5,0.0,13,12,13,6,8,1,0,1,0
MS-PB-006,Abohar · PB15,Punjab,North,2024-05,21,24.0,66,36.48,69.8,34.8,14.3,76.8,0.0,16,2,17,4,5,0,1,0,0
MS-PB-012,Fatehgarh Sahib · PB23,Punjab,North,2021-06,18,,57,35.25,,,,,,17,1,13,4,0,1,1,0,0
MS-PB-012,Fatehgarh Sahib · PB23,Punjab,North,2021-07,31,,59,35.25,,,,,,14,2,8,2,1,0,0,1,0
MS-PB-012,Fatehgarh Sahib · PB23,Punjab,North,2021-08,25,,70,35.25,,,,,,22,4,6,4,7,0,0,1,0
MS-PB-012,Fatehgarh Sahib · PB23,Punjab,North,2021-09,26,,57,35.25,,,,,,13,0,3,2,7,0,4,0,1
MS-PB-012,Fatehgarh Sahib · PB23,Punjab,North,2021-10,29,,69,35.25,,,,,,19,1,4,6,6,1,1,1,1
MS-PB-012,Fatehgarh Sahib · PB23,Punjab,North,2021-11,25,,60,35.25,,,,,,18,3,7,4,2,0,0,0,1
MS-PB-012,Fatehgarh Sahib · PB23,Punjab,North,2021-12,31,,69,35.25,,,,,,15,2,9,2,6,2,0,0,1
MS-PB-012,Fatehgarh Sahib · PB23,Punjab,North,2022-01,30,,63,35.25,,,,,,20,1,6,3,1,1,0,1,0
MS-PB-012,Fatehgarh Sahib · PB23,Punjab,North,2022-02,37,,81,35.25,,,,,,19,4,13,1,1,1,0,2,2
MS-PB-012,Fatehgarh Sahib · PB23,Punjab,North,2022-03,39,,70,35.25,,,,,,12,2,7,2,2,0,0,2,3
MS-PB-012,Fatehgarh Sahib · PB23,Punjab,North,2022-04,28,35.0,63,35.25,50.6,16.4,10.4,84.6,0.0,16,3,6,2,6,1,0,0,1
MS-PB-012,Fatehgarh Sahib · PB23,Punjab,North,2022-05,19,33.0,50,35.25,66.3,34.4,19.2,80.7,0.0,10,3,8,1,5,2,0,0,0
MS-PB-012,Fatehgarh Sahib · PB23,Punjab,North,2022-06,29,28.0,62,35.25,47.6,15.6,11.6,80.3,0.0,14,2,5,5,4,2,0,1,0
MS-PB-012,Fatehgarh Sahib · PB23,Punjab,North,2022-07,20,27.0,57,35.25,56.1,28.4,16.6,80.8,0.0,16,7,4,4,2,1,0,1,2
MS-PB-012,Fatehgarh Sahib · PB23,Punjab,North,2022-08,23,23.0,56,35.25,45.2,10.9,12.3,82.9,0.0,6,3,11,5,5,1,0,1,1
MS-PB-012,Fatehgarh Sahib · PB23,Punjab,North,2022-09,19,19.0,48,35.25,43.0,7.8,12.1,84.5,0.0,12,2,9,0,3,2,0,1,0
MS-PB-012,Fatehgarh Sahib · PB23,Punjab,North,2022-10,43,32.0,92,35.25,19.8,2.0,8.0,85.5,0.0,20,6,9,7,1,3,0,3,0
MS-PB-012,Fatehgarh Sahib · PB23,Punjab,North,2022-11,30,38.0,127,35.25,39.5,4.7,8.7,85.8,1.0,46,3,20,11,14,0,1,2,0
MS-PB-012,Fatehgarh Sahib · PB23,Punjab,North,2022-12,40,29.0,123,35.25,19.0,1.6,6.6,86.5,1.0,20,6,32,6,10,1,3,3,0
MS-PB-012,Fatehgarh Sahib · PB23,Punjab,North,2023-01,28,40.0,110,35.25,37.2,3.9,9.5,85.6,0.0,42,7,16,5,4,2,3,2,0
MS-PB-012,Fatehgarh Sahib · PB23,Punjab,North,2023-02,39,33.0,108,35.25,26.7,3.4,6.6,86.0,3.0,13,3,31,6,10,1,1,3,1
MS-PB-012,Fatehgarh Sahib · PB23,Punjab,North,2023-03,47,34.0,97,35.25,12.3,2.4,10.0,85.3,1.0,12,5,20,6,4,2,0,1,0
MS-PB-012,Fatehgarh Sahib · PB23,Punjab,North,2023-04,30,38.0,78,35.25,24.1,1.1,5.8,86.0,1.0,20,5,11,4,2,1,1,3,0
MS-PB-012,Fatehgarh Sahib · PB23,Punjab,North,2023-05,19,37.0,78,35.25,49.6,17.4,8.7,85.5,0.0,20,4,24,5,3,0,2,0,0
MS-PB-012,Fatehgarh Sahib · PB23,Punjab,North,2023-06,26,31.0,65,35.25,62.1,29.0,15.2,83.6,0.0,12,5,9,4,6,2,0,1,0
MS-PB-012,Fatehgarh Sahib · PB23,Punjab,North,2023-07,27,30.0,69,35.25,56.3,24.3,17.1,82.4,1.0,12,3,14,6,4,1,0,2,0
MS-PB-012,Fatehgarh Sahib · PB23,Punjab,North,2023-08,28,25.0,87,35.25,38.2,2.4,10.0,83.8,1.0,29,6,15,6,3,0,0,0,0
MS-PB-012,Fatehgarh Sahib · PB23,Punjab,North,2023-09,35,21.0,87,35.25,13.6,3.9,7.9,83.3,1.0,16,5,18,4,4,3,0,2,0
MS-PB-012,Fatehgarh Sahib · PB23,Punjab,North,2023-10,33,36.0,82,35.25,25.9,0.0,8.4,83.6,0.0,16,1,19,3,7,2,0,0,0
MS-PB-012,Fatehgarh Sahib · PB23,Punjab,North,2023-11,33,42.0,99,35.25,38.3,2.7,6.9,82.8,0.0,16,5,28,7,5,3,0,0,0
MS-PB-012,Fatehgarh Sahib · PB23,Punjab,North,2023-12,23,32.0,75,35.25,48.4,16.4,15.8,82.8,0.0,22,9,12,1,4,2,0,1,0
MS-PB-012,Fatehgarh Sahib · PB23,Punjab,North,2024-01,45,44.0,91,35.25,41.6,8.4,9.9,82.0,0.0,19,6,11,5,4,0,0,0,0
MS-PB-012,Fatehgarh Sahib · PB23,Punjab,North,2024-02,33,36.0,90,35.25,39.0,1.0,9.9,83.8,0.0,16,5,21,3,9,2,0,1,0
MS-PB-012,Fatehgarh Sahib · PB23,Punjab,North,2024-03,32,37.0,89,35.25,38.2,5.9,10.7,84.1,0.0,15,8,17,5,9,1,0,1,0
MS-PB-012,Fatehgarh Sahib · PB23,Punjab,North,2024-04,18,38.0,52,35.25,67.3,32.3,20.7,81.8,0.0,13,4,11,1,5,0,0,0,0
MS-PB-012,Fatehgarh Sahib · PB23,Punjab,North,2024-05,34,37.0,122,35.25,63.1,32.1,19.1,82.1,0.0,12,23,46,2,4,0,0,0,1
MS-PB-018,Moga · PB29,Punjab,North,2021-06,28,,87,32.42,,,,,,23,1,17,6,6,3,0,1,1
MS-PB-018,Moga · PB29,Punjab,North,2021-07,35,,100,32.42,,,,,,31,8,8,1,9,2,2,1,0
MS-PB-018,Moga · PB29,Punjab,North,2021-08,35,,126,32.42,,,,,,37,3,16,5,15,3,0,1,2
MS-PB-018,Moga · PB29,Punjab,North,2021-09,23,,95,32.42,,,,,,29,9,11,6,12,0,1,2,0
MS-PB-018,Moga · PB29,Punjab,North,2021-10,29,,92,32.42,,,,,,22,4,12,7,12,4,0,2,0
MS-PB-018,Moga · PB29,Punjab,North,2021-11,37,,89,32.42,,,,,,20,6,10,3,11,0,0,0,2
MS-PB-018,Moga · PB29,Punjab,North,2021-12,46,,111,32.42,,,,,,16,7,14,4,15,3,0,0,4
MS-PB-018,Moga · PB29,Punjab,North,2022-01,44,,112,32.42,,,,,,15,12,16,5,14,4,1,0,0
MS-PB-018,Moga · PB29,Punjab,North,2022-02,39,,106,32.42,,,,,,21,7,21,4,8,1,3,1,1
MS-PB-018,Moga · PB29,Punjab,North,2022-03,59,,109,32.42,,,,,,12,9,10,7,7,1,0,2,2
MS-PB-018,Moga · PB29,Punjab,North,2022-04,30,45.0,103,32.42,68.1,35.6,14.2,75.8,0.0,21,8,14,10,17,2,0,1,0
MS-PB-018,Moga · PB29,Punjab,North,2022-05,30,43.0,83,32.42,72.6,38.6,15.5,74.8,1.0,17,2,12,8,10,0,0,1,1
MS-PB-018,Moga · PB29,Punjab,North,2022-06,26,36.0,98,32.42,73.7,35.5,16.9,75.6,1.0,24,12,13,7,10,1,1,1,0
MS-PB-018,Moga · PB29,Punjab,North,2022-07,28,35.0,93,32.42,72.1,36.8,15.2,74.2,0.0,18,7,14,7,13,3,0,1,0
MS-PB-018,Moga · PB29,Punjab,North,2022-08,27,29.0,100,32.42,65.9,35.4,10.9,74.5,0.0,27,13,11,7,13,2,0,0,0
MS-PB-018,Moga · PB29,Punjab,North,2022-09,28,25.0,73,32.42,51.6,21.2,5.2,74.1,0.0,15,3,12,6,7,0,1,0,0
MS-PB-018,Moga · PB29,Punjab,North,2022-10,34,42.0,96,32.42,50.5,17.9,2.7,74.2,0.0,19,9,15,7,4,3,1,3,0
MS-PB-018,Moga · PB29,Punjab,North,2022-11,41,50.0,114,32.42,49.4,16.1,3.5,76.7,0.0,21,1,24,9,12,3,1,0,0
MS-PB-018,Moga · PB29,Punjab,North,2022-12,49,38.0,174,32.42,28.0,5.8,4.2,77.7,0.0,38,10,38,11,18,3,3,3,1
MS-PB-018,Moga · PB29,Punjab,North,2023-01,49,52.0,160,32.42,28.6,0.0,4.0,77.6,0.0,29,7,44,12,9,4,2,2,0
MS-PB-018,Moga · PB29,Punjab,North,2023-02,39,42.0,139,32.42,29.0,3.6,4.5,77.8,0.0,24,10,32,10,16,3,2,1,0
MS-PB-018,Moga · PB29,Punjab,North,2023-03,44,44.0,142,32.42,29.9,5.2,2.2,76.3,0.0,25,7,35,9,14,5,1,1,1
MS-PB-018,Moga · PB29,Punjab,North,2023-04,23,45.0,86,32.42,55.1,23.1,7.3,75.8,0.0,20,4,20,5,6,4,2,1,1
MS-PB-018,Moga · PB29,Punjab,North,2023-05,33,43.0,98,32.42,61.7,27.9,12.0,75.1,1.0,12,7,26,5,11,2,0,0,0
MS-PB-018,Moga · PB29,Punjab,North,2023-06,33,36.0,97,32.42,62.8,30.1,12.2,73.9,0.0,21,6,21,9,4,1,2,0,0
MS-PB-018,Moga · PB29,Punjab,North,2023-07,33,35.0,96,32.42,49.8,15.3,6.7,74.4,1.0,22,6,11,8,10,1,1,2,1
MS-PB-018,Moga · PB29,Punjab,North,2023-08,39,29.0,113,32.42,32.7,2.3,1.2,75.4,1.0,18,3,24,10,13,1,2,1,0
MS-PB-018,Moga · PB29,Punjab,North,2023-09,37,25.0,91,32.42,18.5,0.7,0.9,75.4,1.0,16,6,17,7,5,0,2,0,0
MS-PB-018,Moga · PB29,Punjab,North,2023-10,39,41.0,107,32.42,23.5,5.5,0.0,74.3,0.0,15,6,27,3,15,1,0,1,0
MS-PB-018,Moga · PB29,Punjab,North,2023-11,42,49.0,98,32.42,35.5,1.1,0.3,75.6,1.0,10,7,21,7,7,1,2,0,0
MS-PB-018,Moga · PB29,Punjab,North,2023-12,42,38.0,135,32.42,29.0,2.5,1.2,75.4,1.0,32,9,32,8,8,1,2,0,0
MS-PB-018,Moga · PB29,Punjab,North,2024-01,65,51.0,208,32.42,17.3,4.4,2.1,75.5,1.0,34,10,49,14,30,2,0,2,0
MS-PB-018,Moga · PB29,Punjab,North,2024-02,43,42.0,158,32.42,20.0,4.5,3.9,75.1,1.0,28,11,40,15,12,2,4,1,0
MS-PB-018,Moga · PB29,Punjab,North,2024-03,50,43.0,148,32.42,17.1,3.0,3.6,73.4,1.0,27,6,39,9,12,3,0,1,1
MS-PB-018,Moga · PB29,Punjab,North,2024-04,31,50.0,122,32.42,39.7,4.5,4.2,75.0,0.0,24,12,34,5,13,2,1,0,0
MS-PB-018,Moga · PB29,Punjab,North,2024-05,39,48.0,108,32.42,46.4,13.5,5.7,75.5,1.0,15,7,25,8,11,0,0,2,0
MS-PB-024,Phagwara · PB36,Punjab,North,2021-06,25,,52,35.46,,,,,,14,3,4,2,1,2,0,1,0
MS-PB-024,Phagwara · PB36,Punjab,North,2021-07,38,,80,35.46,,,,,,23,3,5,1,1,3,0,1,2
MS-PB-024,Phagwara · PB36,Punjab,North,2021-08,36,,75,35.46,,,,,,16,3,3,8,0,3,0,2,3
MS-PB-024,Phagwara · PB36,Punjab,North,2021-09,36,,64,35.46,,,,,,12,5,5,2,1,1,0,0,0
MS-PB-024,Phagwara · PB36,Punjab,North,2021-10,28,,56,35.46,,,,,,10,7,3,3,0,1,1,2,0
MS-PB-024,Phagwara · PB36,Punjab,North,2021-11,33,,69,35.46,,,,,,17,6,5,2,0,4,0,2,0
MS-PB-024,Phagwara · PB36,Punjab,North,2021-12,20,,47,35.46,,,,,,13,5,3,1,2,2,0,1,0
MS-PB-024,Phagwara · PB36,Punjab,North,2022-01,78,,123,35.46,,,,,,16,8,11,1,2,2,2,2,0
MS-PB-024,Phagwara · PB36,Punjab,North,2022-02,28,,69,35.46,,,,,,14,5,9,0,3,2,0,7,0
MS-PB-024,Phagwara · PB36,Punjab,North,2022-03,63,,130,35.46,,,,,,24,9,15,5,3,5,1,2,3
MS-PB-024,Phagwara · PB36,Punjab,North,2022-04,39,45.0,91,35.46,41.0,2.4,6.5,73.6,2.0,16,8,9,10,3,2,1,1,1
MS-PB-024,Phagwara · PB36,Punjab,North,2022-05,38,43.0,83,35.46,42.5,8.2,11.8,74.6,2.0,17,7,9,2,3,5,1,1,0
MS-PB-024,Phagwara · PB36,Punjab,North,2022-06,30,36.0,71,35.46,44.9,11.8,7.6,74.1,1.0,20,4,4,5,3,2,2,0,1
MS-PB-024,Phagwara · PB36,Punjab,North,2022-07,40,35.0,86,35.46,38.8,1.1,7.1,72.7,1.0,20,3,8,5,3,5,0,0,1
MS-PB-024,Phagwara · PB36,Punjab,North,2022-08,34,29.0,78,35.46,31.1,3.2,6.7,75.2,1.0,13,6,8,5,5,4,0,3,0
MS-PB-024,Phagwara · PB36,Punjab,North,2022-09,29,25.0,66,35.46,25.4,3.0,2.0,78.8,0.0,10,8,5,6,2,1,1,4,0
MS-PB-024,Phagwara · PB36,Punjab,North,2022-10,44,41.0,93,35.46,25.4,0.2,2.6,76.1,1.0,19,7,5,4,2,6,0,4,1
MS-PB-024,Phagwara · PB36,Punjab,North,2022-11,53,49.0,82,35.46,23.9,1.7,2.3,74.2,1.0,19,2,3,2,1,0,1,0,0
MS-PB-024,Phagwara · PB36,Punjab,North,2022-12,64,38.0,125,35.46,5.6,7.0,4.8,74.4,0.0,23,6,10,8,2,1,0,8,1
MS-PB-024,Phagwara · PB36,Punjab,North,2023-01,52,51.0,100,35.46,12.1,1.5,3.5,73.4,0.0,14,9,4,8,1,1,0,4,7
MS-PB-024,Phagwara · PB36,Punjab,North,2023-02,48,42.0,93,35.46,13.2,1.6,4.2,74.6,2.0,12,5,9,7,4,5,1,0,1
MS-PB-024,Phagwara · PB36,Punjab,North,2023-03,67,44.0,134,35.46,2.0,4.1,2.6,74.5,3.0,24,9,11,5,8,3,1,4,1
MS-PB-024,Phagwara · PB36,Punjab,North,2023-04,34,56.0,81,35.46,29.1,3.0,6.7,75.1,0.0,24,9,6,2,1,2,0,1,1
MS-PB-024,Phagwara · PB36,Punjab,North,2023-05,33,54.0,80,35.46,49.0,17.5,5.0,75.7,0.0,14,6,13,5,5,2,0,0,0
MS-PB-024,Phagwara · PB36,Punjab,North,2023-06,40,45.0,78,35.46,58.5,26.4,13.8,74.9,0.0,10,8,5,3,4,3,1,3,0
MS-PB-024,Phagwara · PB36,Punjab,North,2023-07,42,44.0,93,35.46,45.5,13.2,9.1,76.7,1.0,19,9,12,3,2,3,0,0,1
MS-PB-024,Phagwara · PB36,Punjab,North,2023-08,42,37.0,75,35.46,33.7,3.4,2.9,76.6,1.0,11,1,9,3,3,2,1,3,0
MS-PB-024,Phagwara · PB36,Punjab,North,2023-09,36,32.0,83,35.46,26.8,0.0,2.9,75.5,1.0,17,5,11,5,1,4,0,3,1
MS-PB-024,Phagwara · PB36,Punjab,North,2023-10,39,52.0,87,35.46,43.6,9.3,4.3,75.5,1.0,15,9,13,2,1,6,0,2,0
MS-PB-024,Phagwara · PB36,Punjab,North,2023-11,49,62.0,93,35.46,54.5,24.1,5.7,73.7,0.0,19,7,10,4,2,1,0,0,0
MS-PB-024,Phagwara · PB36,Punjab,North,2023-12,53,48.0,130,35.46,40.5,5.8,6.7,72.6,1.0,25,7,15,7,7,8,1,6,0
MS-PB-024,Phagwara · PB36,Punjab,North,2024-01,69,64.0,168,35.46,30.4,2.7,8.3,72.0,3.0,36,10,18,15,4,4,1,6,0
MS-PB-024,Phagwara · PB36,Punjab,North,2024-02,68,53.0,136,35.46,20.6,0.0,6.6,74.2,1.0,20,9,24,4,6,1,1,2,0
MS-PB-024,Phagwara · PB36,Punjab,North,2024-03,49,55.0,130,35.46,25.7,1.1,6.4,74.6,0.0,25,7,23,7,10,5,0,3,1
MS-PB-024,Phagwara · PB36,Punjab,North,2024-04,34,58.0,95,35.46,45.2,9.2,7.0,75.0,1.0,22,3,10,12,3,3,0,5,1
MS-PB-024,Phagwara · PB36,Punjab,North,2024-05,33,56.0,86,35.46,72.8,38.8,17.8,72.0,3.0,19,5,14,6,5,0,1,2,1
MS-PB-030,Ferozpur · PB5,Punjab,North,2021-06,47,,156,27.46,,,,,,48,20,23,7,8,0,1,0,2
MS-PB-030,Ferozpur · PB5,Punjab,North,2021-07,65,,175,27.46,,,,,,48,10,32,3,6,2,1,3,2
MS-PB-030,Ferozpur · PB5,Punjab,North,2021-08,41,,224,27.46,,,,,,67,18,39,7,36,2,2,3,0
MS-PB-030,Ferozpur · PB5,Punjab,North,2021-09,45,,174,27.46,,,,,,42,23,23,7,20,7,0,1,0
MS-PB-030,Ferozpur · PB5,Punjab,North,2021-10,44,,201,27.46,,,,,,54,32,35,7,16,5,2,3,1
MS-PB-030,Ferozpur · PB5,Punjab,North,2021-11,59,,220,27.46,,,,,,50,29,35,5,35,2,0,0,1
MS-PB-030,Ferozpur · PB5,Punjab,North,2021-12,62,,202,27.46,,,,,,46,23,36,7,17,0,2,0,6
MS-PB-030,Ferozpur · PB5,Punjab,North,2022-01,66,,221,27.46,,,,,,47,48,28,4,21,2,1,0,0
MS-PB-030,Ferozpur · PB5,Punjab,North,2022-02,45,,164,27.46,,,,,,40,21,33,5,13,3,1,1,2
MS-PB-030,Ferozpur · PB5,Punjab,North,2022-03,73,,216,27.46,,,,,,43,30,47,6,7,7,0,1,1
MS-PB-030,Ferozpur · PB5,Punjab,North,2022-04,48,66.0,219,27.46,50.9,19.5,13.1,86.2,1.0,40,54,44,5,19,3,2,1,0
MS-PB-030,Ferozpur · PB5,Punjab,North,2022-05,46,63.0,178,27.46,55.0,20.9,15.4,86.2,0.0,55,20,25,7,19,2,0,2,1
MS-PB-030,Ferozpur · PB5,Punjab,North,2022-06,40,53.0,161,27.46,60.5,30.2,19.9,86.4,0.0,31,29,25,3,28,0,1,0,0
MS-PB-030,Ferozpur · PB5,Punjab,North,2022-07,38,51.0,210,27.46,61.2,29.1,18.9,84.6,0.0,51,19,47,11,32,4,2,0,1
MS-PB-030,Ferozpur · PB5,Punjab,North,2022-08,45,43.0,209,27.46,48.0,14.8,12.5,88.6,0.0,54,35,38,7,25,2,0,2,1
MS-PB-030,Ferozpur · PB5,Punjab,North,2022-09,42,37.0,168,27.46,34.5,2.6,10.8,87.4,0.0,35,18,40,7,21,2,0,0,0
MS-PB-030,Ferozpur · PB5,Punjab,North,2022-10,41,61.0,184,27.46,53.3,21.9,10.1,88.3,1.0,50,20,43,6,12,3,1,5,1
MS-PB-030,Ferozpur · PB5,Punjab,North,2022-11,21,72.0,147,27.46,111.7,48.5,29.6,81.1,0.0,46,19,33,3,19,2,0,3,0
MS-PB-030,Ferozpur · PB5,Punjab,North,2022-12,43,56.0,208,27.46,82.6,41.5,23.6,81.2,1.0,56,35,43,8,14,4,1,3,1
MS-PB-030,Ferozpur · PB5,Punjab,North,2023-01,47,75.0,209,27.46,88.7,45.1,28.1,82.1,0.0,49,32,58,5,8,3,0,1,2
MS-PB-030,Ferozpur · PB5,Punjab,North,2023-02,29,62.0,228,27.46,88.5,45.0,25.6,84.7,0.0,38,48,81,6,16,2,0,3,1
MS-PB-030,Ferozpur · PB5,Punjab,North,2023-03,42,64.0,264,27.46,77.0,42.8,24.0,86.0,1.0,49,66,76,5,19,0,1,4,0
MS-PB-030,Ferozpur · PB5,Punjab,North,2023-04,27,50.0,199,27.46,93.7,45.1,27.6,83.8,0.0,41,68,46,6,9,1,0,0,0
MS-PB-030,Ferozpur · PB5,Punjab,North,2023-05,34,48.0,276,27.46,73.8,38.9,23.5,85.0,0.0,56,53,102,7,14,4,2,2,0
MS-PB-030,Ferozpur · PB5,Punjab,North,2023-06,39,40.0,251,27.46,63.1,29.4,17.0,87.8,1.0,46,33,90,10,22,0,2,5,0
MS-PB-030,Ferozpur · PB5,Punjab,North,2023-07,28,39.0,215,27.46,61.5,28.6,16.3,87.8,1.0,44,34,79,4,18,0,2,2,0
MS-PB-030,Ferozpur · PB5,Punjab,North,2023-08,24,33.0,213,27.46,63.3,30.7,18.2,84.9,0.0,38,44,71,8,20,0,0,5,0
MS-PB-030,Ferozpur · PB5,Punjab,North,2023-09,32,28.0,218,27.46,46.9,13.8,10.3,86.4,0.0,43,39,73,7,18,1,3,0,0
MS-PB-030,Ferozpur · PB5,Punjab,North,2023-10,33,47.0,201,27.46,60.2,30.2,14.4,83.9,0.0,25,40,72,8,16,2,2,1,0
MS-PB-030,Ferozpur · PB5,Punjab,North,2023-11,41,56.0,177,27.46,61.0,26.5,18.1,82.2,0.0,37,22,43,9,19,1,1,3,1
MS-PB-030,Ferozpur · PB5,Punjab,North,2023-12,31,43.0,209,27.46,62.1,30.1,19.3,82.1,0.0,51,32,65,10,16,1,0,2,1
MS-PB-030,Ferozpur · PB5,Punjab,North,2024-01,35,58.0,219,27.46,77.7,39.5,26.2,81.9,0.0,37,46,61,12,24,1,0,1,0
MS-PB-030,Ferozpur · PB5,Punjab,North,2024-02,63,48.0,328,27.46,41.6,5.4,11.3,82.9,0.0,43,48,104,27,30,7,1,3,1
MS-PB-030,Ferozpur · PB5,Punjab,North,2024-03,50,49.0,316,27.46,32.2,4.2,8.0,83.4,0.0,48,44,113,19,35,0,1,3,1
MS-PB-030,Ferozpur · PB5,Punjab,North,2024-04,40,46.0,205,27.46,32.7,3.7,9.3,85.0,1.0,29,44,53,11,23,1,0,3,0
MS-PB-030,Ferozpur · PB5,Punjab,North,2024-05,25,44.0,232,27.46,51.8,19.2,16.0,85.2,0.0,31,48,83,17,22,2,0,2,0
MS-PB-036,Dera Bassi · PB70,Punjab,North,2021-06,49,,120,30.31,,,,,,26,14,6,5,2,7,2,1,6
MS-PB-036,Dera Bassi · PB70,Punjab,North,2021-07,75,,147,30.31,,,,,,36,9,5,2,5,4,1,1,7
MS-PB-036,Dera Bassi · PB70,Punjab,North,2021-08,114,,187,30.31,,,,,,34,8,3,8,8,5,1,0,2
MS-PB-036,Dera Bassi · PB70,Punjab,North,2021-09,56,,118,30.31,,,,,,33,12,5,1,3,3,1,0,4
MS-PB-036,Dera Bassi · PB70,Punjab,North,2021-10,81,,169,30.31,,,,,,36,9,5,15,7,4,3,1,6
MS-PB-036,Dera Bassi · PB70,Punjab,North,2021-11,70,,131,30.31,,,,,,17,16,5,3,4,6,1,0,8
MS-PB-036,Dera Bassi · PB70,Punjab,North,2021-12,104,,193,30.31,,,,,,26,25,7,4,12,7,1,3,2
MS-PB-036,Dera Bassi · PB70,Punjab,North,2022-01,117,,208,30.31,,,,,,24,25,12,5,6,5,1,4,3
MS-PB-036,Dera Bassi · PB70,Punjab,North,2022-02,72,,154,30.31,,,,,,17,23,10,8,8,5,1,4,5
MS-PB-036,Dera Bassi · PB70,Punjab,North,2022-03,93,,220,30.31,,,,,,46,24,17,11,13,6,2,4,3
MS-PB-036,Dera Bassi · PB70,Punjab,North,2022-04,95,96.0,230,30.31,31.1,0.3,2.3,84.0,0.0,53,31,11,4,8,8,2,5,9
MS-PB-036,Dera Bassi · PB70,Punjab,North,2022-05,84,93.0,210,30.31,33.9,2.8,4.0,84.6,1.0,45,40,14,4,7,4,1,1,5
MS-PB-036,Dera Bassi · PB70,Punjab,North,2022-06,83,77.0,189,30.31,28.8,3.0,3.7,85.5,1.0,30,28,11,8,12,3,0,4,4
MS-PB-036,Dera Bassi · PB70,Punjab,North,2022-07,68,75.0,205,30.31,33.9,3.7,1.2,84.9,0.0,45,38,6,14,7,12,1,4,9
MS-PB-036,Dera Bassi · PB70,Punjab,North,2022-08,70,63.0,190,30.31,28.8,3.6,1.4,85.1,0.0,44,32,12,13,3,8,2,3,1
MS-PB-036,Dera Bassi · PB70,Punjab,North,2022-09,93,54.0,215,30.31,10.4,2.1,2.6,83.5,1.0,44,25,19,14,11,1,1,5,1
MS-PB-036,Dera Bassi · PB70,Punjab,North,2022-10,90,90.0,206,30.31,15.2,5.6,3.1,83.8,0.0,40,37,10,8,6,5,1,2,4
MS-PB-036,Dera Bassi · PB70,Punjab,North,2022-11,55,106.0,124,30.31,42.6,9.4,4.8,87.2,0.0,20,19,9,7,5,6,0,1,0
MS-PB-036,Dera Bassi · PB70,Punjab,North,2022-12,111,82.0,245,30.31,26.6,1.5,1.2,84.5,1.0,56,35,7,9,9,4,3,5,2
MS-PB-036,Dera Bassi · PB70,Punjab,North,2023-01,59,110.0,126,30.31,54.3,23.4,8.2,83.2,0.0,18,22,7,7,3,3,2,2,0
MS-PB-036,Dera Bassi · PB70,Punjab,North,2023-02,123,91.0,285,30.31,27.8,3.6,2.1,84.1,0.0,48,42,34,13,9,5,2,4,2
MS-PB-036,Dera Bassi · PB70,Punjab,North,2023-03,107,94.0,290,30.31,28.1,2.7,4.0,82.1,2.0,59,25,37,17,17,10,7,5,2
MS-PB-036,Dera Bassi · PB70,Punjab,North,2023-04,71,109.0,185,30.31,39.8,1.8,1.2,83.2,0.0,34,27,16,10,10,3,4,3,4
MS-PB-036,Dera Bassi · PB70,Punjab,North,2023-05,75,104.0,194,30.31,56.5,25.5,8.1,81.0,0.0,42,18,23,14,7,4,2,5,2
MS-PB-036,Dera Bassi · PB70,Punjab,North,2023-06,69,87.0,173,30.31,68.5,35.0,13.6,82.4,1.0,26,29,22,8,6,4,3,4,1
MS-PB-036,Dera Bassi · PB70,Punjab,North,2023-07,84,85.0,221,30.31,55.4,24.0,7.0,83.2,0.0,48,33,27,8,9,1,3,4,1
MS-PB-036,Dera Bassi · PB70,Punjab,North,2023-08,102,71.0,255,30.31,32.7,4.2,0.6,83.1,0.0,50,31,25,16,8,3,6,10,1
MS-PB-036,Dera Bassi · PB70,Punjab,North,2023-09,109,61.0,312,30.31,10.7,2.0,0.1,82.6,0.0,70,53,26,27,7,8,3,3,1
MS-PB-036,Dera Bassi · PB70,Punjab,North,2023-10,104,101.0,281,30.31,15.0,2.1,0.0,82.8,0.0,64,38,25,16,7,11,2,8,2
MS-PB-036,Dera Bassi · PB70,Punjab,North,2023-11,101,120.0,255,30.31,28.4,2.5,0.0,86.0,2.0,63,43,15,11,5,8,2,6,0
MS-PB-036,Dera Bassi · PB70,Punjab,North,2023-12,164,92.0,438,30.31,6.5,3.5,1.9,83.9,0.0,76,54,57,26,21,20,4,12,0
MS-PB-036,Dera Bassi · PB70,Punjab,North,2024-01,142,124.0,394,30.31,9.0,1.6,0.8,83.4,0.0,66,59,51,26,19,12,3,12,3
MS-PB-036,Dera Bassi · PB70,Punjab,North,2024-02,96,103.0,288,30.31,15.4,3.3,11.2,82.3,1.0,68,39,31,20,9,11,3,9,0
MS-PB-036,Dera Bassi · PB70,Punjab,North,2024-03,112,106.0,294,30.31,17.5,1.2,12.5,82.9,2.0,43,42,32,32,11,8,4,7,1
MS-PB-036,Dera Bassi · PB70,Punjab,North,2024-04,108,129.0,329,30.31,29.0,3.0,21.3,80.9,1.0,58,52,33,37,12,11,5,8,2
MS-PB-036,Dera Bassi · PB70,Punjab,North,2024-05,108,123.0,330,30.31,35.0,4.3,25.3,78.9,2.0,71,51,34,18,13,13,3,11,5
MS-PY-003,Karaikal · PY2,Puducherry,South,2021-06,27,,49,37.16,,,,,,8,5,0,1,3,1,0,0,4
MS-PY-003,Karaikal · PY2,Puducherry,South,2021-07,35,,80,37.16,,,,,,17,8,0,3,6,4,0,1,4
MS-PY-003,Karaikal · PY2,Puducherry,South,2021-08,34,,71,37.16,,,,,,10,10,3,3,5,1,0,1,2
MS-PY-003,Karaikal · PY2,Puducherry,South,2021-09,28,,65,37.16,,,,,,14,7,2,2,10,1,1,0,0
MS-PY-003,Karaikal · PY2,Puducherry,South,2021-10,19,,41,37.16,,,,,,10,2,2,2,4,0,1,0,1
MS-PY-003,Karaikal · PY2,Puducherry,South,2021-11,23,,53,37.16,,,,,,6,7,2,1,3,3,2,0,4
MS-PY-003,Karaikal · PY2,Puducherry,South,2021-12,20,,46,37.16,,,,,,8,3,2,2,6,3,0,0,0
MS-PY-003,Karaikal · PY2,Puducherry,South,2022-01,39,,73,37.16,,,,,,10,3,5,3,7,2,1,1,2
MS-PY-003,Karaikal · PY2,Puducherry,South,2022-02,20,,63,37.16,,,,,,13,6,8,0,6,3,2,1,2
MS-PY-003,Karaikal · PY2,Puducherry,South,2022-03,25,,59,37.16,,,,,,16,5,2,0,4,2,1,0,3
MS-PY-003,Karaikal · PY2,Puducherry,South,2022-04,21,25.0,56,37.16,47.5,16.0,9.6,74.7,0.0,9,10,3,1,7,2,1,0,1
MS-PY-003,Karaikal · PY2,Puducherry,South,2022-05,29,29.0,65,37.16,36.6,3.3,7.4,74.2,1.0,12,13,1,1,3,2,2,1,1
MS-PY-003,Karaikal · PY2,Puducherry,South,2022-06,35,27.0,71,37.16,24.0,2.2,7.9,76.6,0.0,8,8,0,4,6,5,0,1,3
MS-PY-003,Karaikal · PY2,Puducherry,South,2022-07,26,26.0,71,37.16,25.5,3.0,6.0,78.0,0.0,5,6,10,7,8,3,1,2,1
MS-PY-003,Karaikal · PY2,Puducherry,South,2022-08,31,24.0,81,37.16,16.0,3.3,8.8,76.2,0.0,14,10,4,6,9,2,1,2,2
MS-PY-003,Karaikal · PY2,Puducherry,South,2022-09,27,25.0,67,37.16,21.0,1.3,9.1,73.3,1.0,10,7,7,3,3,3,0,4,2
MS-PY-003,Karaikal · PY2,Puducherry,South,2022-10,27,30.0,61,37.16,28.3,4.0,10.7,75.6,0.0,7,5,5,4,10,3,0,0,0
MS-PY-003,Karaikal · PY2,Puducherry,South,2022-11,35,28.0,71,37.16,16.7,4.9,10.7,75.4,0.0,5,6,10,3,8,0,2,2,0
MS-PY-003,Karaikal · PY2,Puducherry,South,2022-12,30,21.0,52,37.16,8.6,1.9,13.8,76.4,0.0,8,1,5,2,1,2,0,2,1
MS-PY-003,Karaikal · PY2,Puducherry,South,2023-01,52,44.0,92,37.16,12.4,2.2,14.0,75.8,1.0,8,2,5,3,11,6,1,3,1
MS-PY-003,Karaikal · PY2,Puducherry,South,2023-02,25,28.0,59,37.16,18.7,5.4,10.6,76.5,0.0,15,6,3,2,2,1,0,2,0
MS-PY-003,Karaikal · PY2,Puducherry,South,2023-03,27,34.0,81,37.16,27.5,4.4,9.5,74.6,0.0,13,9,4,5,15,4,0,2,0
MS-PY-003,Karaikal · PY2,Puducherry,South,2023-04,26,30.0,65,37.16,40.4,3.5,11.6,74.7,2.0,6,6,4,7,9,1,0,3,2
MS-PY-003,Karaikal · PY2,Puducherry,South,2023-05,28,34.0,71,37.16,43.9,10.1,11.4,74.4,0.0,11,6,3,5,10,2,0,2,3
MS-PY-003,Karaikal · PY2,Puducherry,South,2023-06,38,32.0,71,37.16,30.9,2.5,7.0,74.7,0.0,10,7,3,2,6,1,2,0,1
MS-PY-003,Karaikal · PY2,Puducherry,South,2023-07,31,31.0,78,37.16,29.2,0.2,3.6,73.0,0.0,14,7,4,6,8,4,0,0,3
MS-PY-003,Karaikal · PY2,Puducherry,South,2023-08,38,29.0,69,37.16,14.6,2.8,6.3,75.7,1.0,10,3,3,1,7,4,0,2,1
MS-PY-003,Karaikal · PY2,Puducherry,South,2023-09,33,30.0,85,37.16,16.1,0.8,4.1,74.2,1.0,26,5,0,5,11,3,1,0,0
MS-PY-003,Karaikal · PY2,Puducherry,South,2023-10,23,36.0,70,37.16,37.6,0.3,5.2,73.6,0.0,20,7,2,5,7,2,2,2,0
MS-PY-003,Karaikal · PY2,Puducherry,South,2023-11,26,34.0,66,37.16,49.0,17.5,9.9,74.2,0.0,14,10,4,2,7,1,0,1,0
MS-PY-003,Karaikal · PY2,Puducherry,South,2023-12,34,25.0,63,37.16,29.1,3.0,10.4,75.2,1.0,13,6,1,1,5,2,0,1,0
MS-PY-003,Karaikal · PY2,Puducherry,South,2024-01,33,53.0,106,37.16,50.6,19.6,11.3,73.6,0.0,28,7,8,2,19,5,2,1,0
MS-PY-003,Karaikal · PY2,Puducherry,South,2024-02,31,33.0,99,37.16,42.3,6.2,5.5,75.8,1.0,23,14,2,6,12,4,1,1,0
MS-PY-003,Karaikal · PY2,Puducherry,South,2024-03,21,41.0,86,37.16,68.8,33.2,19.4,72.3,1.0,23,5,4,1,23,2,2,1,0
MS-PY-003,Karaikal · PY2,Puducherry,South,2024-04,33,28.0,88,37.16,50.1,17.4,12.9,72.6,0.0,28,9,1,3,7,3,1,2,0
MS-PY-003,Karaikal · PY2,Puducherry,South,2024-05,36,32.0,97,37.16,40.1,4.9,7.0,74.3,1.0,22,10,7,1,9,1,3,1,3
MS-RJ-004,Dungarpur · RJ12,Rajasthan,North,2021-06,84,,177,34.5,,,,,,34,19,28,4,1,0,0,0,7
MS-RJ-004,Dungarpur · RJ12,Rajasthan,North,2021-07,110,,205,34.5,,,,,,29,21,22,10,3,0,2,0,7
MS-RJ-004,Dungarpur · RJ12,Rajasthan,North,2021-08,73,,151,34.5,,,,,,21,18,16,6,1,1,1,2,10
MS-RJ-004,Dungarpur · RJ12,Rajasthan,North,2021-09,80,,185,34.5,,,,,,38,31,24,8,0,0,3,0,1
MS-RJ-004,Dungarpur · RJ12,Rajasthan,North,2021-10,63,,140,34.5,,,,,,16,24,19,4,1,0,0,1,12
MS-RJ-004,Dungarpur · RJ12,Rajasthan,North,2021-11,115,,229,34.5,,,,,,39,29,27,5,1,1,0,1,11
MS-RJ-004,Dungarpur · RJ12,Rajasthan,North,2021-12,108,,207,34.5,,,,,,23,27,36,5,2,1,1,1,3
MS-RJ-004,Dungarpur · RJ12,Rajasthan,North,2022-01,44,,103,34.5,,,,,,12,12,24,3,0,1,2,0,3
MS-RJ-004,Dungarpur · RJ12,Rajasthan,North,2022-02,94,,194,34.5,,,,,,22,37,25,5,1,2,0,2,6
MS-RJ-004,Dungarpur · RJ12,Rajasthan,North,2022-03,65,,169,34.5,,,,,,19,27,43,8,0,1,1,1,4
MS-RJ-004,Dungarpur · RJ12,Rajasthan,North,2022-04,94,93.0,187,34.5,22.5,2.5,0.0,83.5,2.0,18,21,36,7,1,1,0,0,8
MS-RJ-004,Dungarpur · RJ12,Rajasthan,North,2022-05,109,89.0,237,34.5,15.9,1.6,2.1,82.7,0.0,32,31,44,8,3,1,0,1,8
MS-RJ-004,Dungarpur · RJ12,Rajasthan,North,2022-06,70,74.0,153,34.5,21.9,5.9,2.6,80.1,0.0,25,24,18,8,1,0,1,1,4
MS-RJ-004,Dungarpur · RJ12,Rajasthan,North,2022-07,77,72.0,178,34.5,23.5,3.7,2.6,80.4,1.0,18,33,36,7,0,0,0,2,4
MS-RJ-004,Dungarpur · RJ12,Rajasthan,North,2022-08,83,61.0,179,34.5,18.7,3.2,3.9,83.3,1.0,16,25,39,9,1,1,0,0,5
MS-RJ-004,Dungarpur · RJ12,Rajasthan,North,2022-09,69,52.0,157,34.5,9.7,1.6,5.8,84.3,0.0,18,25,29,10,0,1,0,0,5
MS-RJ-004,Dungarpur · RJ12,Rajasthan,North,2022-10,189,86.0,377,34.5,0.0,3.6,4.3,83.4,2.0,39,45,73,15,2,0,0,3,11
MS-RJ-004,Dungarpur · RJ12,Rajasthan,North,2022-11,126,102.0,244,34.5,5.8,3.1,2.7,80.7,0.0,21,22,61,8,2,0,0,0,4
MS-RJ-004,Dungarpur · RJ12,Rajasthan,North,2022-12,69,79.0,164,34.5,13.9,0.0,3.2,83.4,1.0,24,22,28,11,0,0,2,2,5
MS-RJ-004,Dungarpur · RJ12,Rajasthan,North,2023-01,82,106.0,176,34.5,29.4,2.7,2.0,82.8,0.0,11,24,44,4,5,0,1,0,4
MS-RJ-004,Dungarpur · RJ12,Rajasthan,North,2023-02,116,88.0,213,34.5,21.5,3.4,2.0,79.8,1.0,14,30,35,7,2,2,3,2,2
MS-RJ-004,Dungarpur · RJ12,Rajasthan,North,2023-03,117,91.0,225,34.5,10.9,2.8,1.6,80.2,2.0,19,26,46,9,1,0,1,1,4
MS-RJ-004,Dungarpur · RJ12,Rajasthan,North,2023-04,77,126.0,191,34.5,34.0,1.6,1.6,79.9,1.0,27,34,42,5,1,0,0,2,3
MS-RJ-004,Dungarpur · RJ12,Rajasthan,North,2023-05,108,121.0,207,34.5,38.0,2.7,0.0,81.6,1.0,32,25,27,7,1,0,1,2,3
MS-RJ-004,Dungarpur · RJ12,Rajasthan,North,2023-06,99,101.0,182,34.5,38.2,2.6,1.1,79.8,1.0,19,25,31,3,4,0,0,1,0
MS-RJ-004,Dungarpur · RJ12,Rajasthan,North,2023-07,105,98.0,189,34.5,29.0,3.8,1.4,80.9,0.0,19,21,35,5,2,1,1,0,0
MS-RJ-004,Dungarpur · RJ12,Rajasthan,North,2023-08,86,82.0,179,34.5,27.2,1.3,1.9,81.5,0.0,21,28,36,3,3,0,0,0,2
MS-RJ-004,Dungarpur · RJ12,Rajasthan,North,2023-09,125,71.0,223,34.5,5.5,5.7,4.2,83.3,2.0,22,22,45,3,1,1,1,1,1
MS-RJ-004,Dungarpur · RJ12,Rajasthan,North,2023-10,183,117.0,338,34.5,0.0,4.7,1.2,84.4,1.0,31,45,60,12,1,0,2,0,4
MS-RJ-004,Dungarpur · RJ12,Rajasthan,North,2023-11,194,138.0,368,34.5,0.0,4.3,0.0,81.4,1.0,42,58,52,14,1,1,0,0,6
MS-RJ-004,Dungarpur · RJ12,Rajasthan,North,2023-12,92,107.0,221,34.5,11.7,3.5,0.0,81.6,0.0,8,37,65,9,4,1,0,1,4
MS-RJ-004,Dungarpur · RJ12,Rajasthan,North,2024-01,94,144.0,209,34.5,35.9,2.9,0.0,83.8,0.0,13,34,54,5,4,2,1,0,2
MS-RJ-004,Dungarpur · RJ12,Rajasthan,North,2024-02,102,119.0,210,34.5,47.4,14.1,3.8,83.8,0.0,25,36,33,5,1,1,0,0,5
MS-RJ-004,Dungarpur · RJ12,Rajasthan,North,2024-03,103,123.0,215,34.5,48.0,17.6,5.3,82.5,2.0,22,32,47,3,0,1,0,0,6
MS-RJ-004,Dungarpur · RJ12,Rajasthan,North,2024-04,100,143.0,218,34.5,57.1,25.7,10.2,80.9,0.0,32,31,40,8,1,0,1,0,4
MS-RJ-004,Dungarpur · RJ12,Rajasthan,North,2024-05,85,137.0,200,34.5,70.8,39.3,18.5,77.9,0.0,26,35,41,6,1,1,0,1,4
MS-RJ-010,Jodhpur · RJ19,Rajasthan,North,2021-06,261,,825,33.36,,,,,,164,111,155,41,23,18,7,6,12
MS-RJ-010,Jodhpur · RJ19,Rajasthan,North,2021-07,431,,1214,33.36,,,,,,232,151,218,52,26,21,17,8,24
MS-RJ-010,Jodhpur · RJ19,Rajasthan,North,2021-08,276,,984,33.36,,,,,,156,166,201,62,32,22,10,9,22
MS-RJ-010,Jodhpur · RJ19,Rajasthan,North,2021-09,260,,895,33.36,,,,,,156,204,130,41,36,16,8,11,17
MS-RJ-010,Jodhpur · RJ19,Rajasthan,North,2021-10,351,,1129,33.36,,,,,,210,231,149,53,39,21,9,27,18
MS-RJ-010,Jodhpur · RJ19,Rajasthan,North,2021-11,452,,1341,33.36,,,,,,221,262,149,63,47,41,14,33,28
MS-RJ-010,Jodhpur · RJ19,Rajasthan,North,2021-12,299,,971,33.36,,,,,,170,178,138,48,34,29,9,18,26
MS-RJ-010,Jodhpur · RJ19,Rajasthan,North,2022-01,407,,1132,33.36,,,,,,152,285,146,37,34,18,7,16,9
MS-RJ-010,Jodhpur · RJ19,Rajasthan,North,2022-02,437,,1270,33.36,,,,,,179,267,193,59,29,30,17,30,12
MS-RJ-010,Jodhpur · RJ19,Rajasthan,North,2022-03,318,,1153,33.36,,,,,,151,280,212,47,42,18,21,33,10
MS-RJ-010,Jodhpur · RJ19,Rajasthan,North,2022-04,459,411.0,1366,33.36,21.0,2.2,0.0,85.7,2.0,167,322,204,63,59,11,9,33,15
MS-RJ-010,Jodhpur · RJ19,Rajasthan,North,2022-05,431,394.0,1319,33.36,24.0,2.2,0.0,85.1,3.0,202,247,235,70,42,19,6,32,14
MS-RJ-010,Jodhpur · RJ19,Rajasthan,North,2022-06,307,329.0,1080,33.36,27.2,4.6,0.0,86.6,5.0,150,240,184,77,43,24,9,24,11
MS-RJ-010,Jodhpur · RJ19,Rajasthan,North,2022-07,340,320.0,1091,33.36,28.3,1.8,0.0,86.8,5.0,188,227,159,53,48,29,4,27,7
MS-RJ-010,Jodhpur · RJ19,Rajasthan,North,2022-08,295,268.0,1014,33.36,26.4,5.6,0.0,88.4,2.0,180,206,188,52,49,9,4,14,4
MS-RJ-010,Jodhpur · RJ19,Rajasthan,North,2022-09,342,231.0,1090,33.36,12.3,4.2,0.0,88.3,1.0,177,245,167,50,40,14,5,18,14
MS-RJ-010,Jodhpur · RJ19,Rajasthan,North,2022-10,676,382.0,2054,33.36,0.0,2.2,0.0,85.1,7.0,318,426,321,114,55,31,18,30,38
MS-RJ-010,Jodhpur · RJ19,Rajasthan,North,2022-11,326,452.0,1380,33.36,23.2,1.2,0.0,84.3,3.0,222,394,236,40,50,34,12,28,9
MS-RJ-010,Jodhpur · RJ19,Rajasthan,North,2022-12,323,348.0,1232,33.36,27.2,5.0,1.3,85.2,2.0,183,321,201,68,43,25,9,31,15
MS-RJ-010,Jodhpur · RJ19,Rajasthan,North,2023-01,367,470.0,1344,33.36,43.6,8.6,5.1,85.6,3.0,190,370,255,43,38,27,5,14,16
MS-RJ-010,Jodhpur · RJ19,Rajasthan,North,2023-02,350,387.0,1280,33.36,43.9,10.8,1.7,84.1,2.0,179,302,245,69,42,27,10,26,7
MS-RJ-010,Jodhpur · RJ19,Rajasthan,North,2023-03,366,401.0,1359,33.36,39.6,1.0,0.0,85.5,1.0,172,351,255,66,54,21,14,27,11
MS-RJ-010,Jodhpur · RJ19,Rajasthan,North,2023-04,359,480.0,1161,33.36,47.4,14.9,3.2,87.0,2.0,164,292,174,34,43,26,15,24,10
MS-RJ-010,Jodhpur · RJ19,Rajasthan,North,2023-05,370,460.0,1334,33.36,50.5,18.8,3.9,85.0,5.0,209,288,282,58,53,8,7,29,10
MS-RJ-010,Jodhpur · RJ19,Rajasthan,North,2023-06,368,384.0,1208,33.36,42.8,7.4,2.6,85.6,3.0,156,236,251,53,86,14,7,10,11
MS-RJ-010,Jodhpur · RJ19,Rajasthan,North,2023-07,347,374.0,1214,33.36,41.9,6.5,4.2,84.0,5.0,170,265,196,48,91,31,12,21,10
MS-RJ-010,Jodhpur · RJ19,Rajasthan,North,2023-08,308,313.0,1274,33.36,36.2,2.0,1.6,83.9,1.0,162,282,283,60,105,15,9,28,7
MS-RJ-010,Jodhpur · RJ19,Rajasthan,North,2023-09,390,269.0,1432,33.36,19.6,0.3,0.0,83.7,2.0,195,325,280,71,101,20,5,24,3
MS-RJ-010,Jodhpur · RJ19,Rajasthan,North,2023-10,396,446.0,1615,33.36,32.6,0.2,0.0,83.6,5.0,206,425,313,105,88,20,19,21,6
MS-RJ-010,Jodhpur · RJ19,Rajasthan,North,2023-11,620,528.0,1956,33.36,20.9,0.6,2.1,85.9,3.0,255,417,381,98,87,16,15,23,14
MS-RJ-010,Jodhpur · RJ19,Rajasthan,North,2023-12,304,407.0,1087,33.36,33.3,3.0,0.0,84.0,1.0,167,244,191,53,61,19,9,19,6
MS-RJ-010,Jodhpur · RJ19,Rajasthan,North,2024-01,390,549.0,1480,33.36,44.6,13.3,0.8,83.6,4.0,215,332,283,71,84,28,14,28,13
MS-RJ-010,Jodhpur · RJ19,Rajasthan,North,2024-02,378,453.0,1509,33.36,52.9,20.5,5.9,82.8,2.0,210,357,309,105,57,38,10,16,3
MS-RJ-010,Jodhpur · RJ19,Rajasthan,North,2024-03,310,469.0,1336,33.36,60.3,26.6,7.2,83.6,2.0,156,352,317,62,51,23,11,21,11
MS-RJ-010,Jodhpur · RJ19,Rajasthan,North,2024-04,353,475.0,1294,33.36,63.7,32.4,8.4,83.7,3.0,181,280,281,62,67,23,13,15,6
MS-RJ-010,Jodhpur · RJ19,Rajasthan,North,2024-05,344,456.0,1383,33.36,69.9,31.5,11.9,81.6,3.0,205,357,251,78,64,23,8,22,9
MS-RJ-016,Sawai Madhopur · RJ25,Rajasthan,North,2021-06,80,,217,35.05,,,,,,49,13,53,9,1,0,2,0,8
MS-RJ-016,Sawai Madhopur · RJ25,Rajasthan,North,2021-07,70,,171,35.05,,,,,,35,14,39,6,2,0,0,0,3
MS-RJ-016,Sawai Madhopur · RJ25,Rajasthan,North,2021-08,39,,127,35.05,,,,,,21,28,29,3,0,0,0,0,5
MS-RJ-016,Sawai Madhopur · RJ25,Rajasthan,North,2021-09,39,,147,35.05,,,,,,29,29,25,6,4,0,1,0,12
MS-RJ-016,Sawai Madhopur · RJ25,Rajasthan,North,2021-10,22,,139,35.05,,,,,,44,22,37,1,1,0,0,1,9
MS-RJ-016,Sawai Madhopur · RJ25,Rajasthan,North,2021-11,81,,235,35.05,,,,,,36,50,41,5,0,0,1,1,19
MS-RJ-016,Sawai Madhopur · RJ25,Rajasthan,North,2021-12,57,,136,35.05,,,,,,15,24,29,5,4,0,0,1,1
MS-RJ-016,Sawai Madhopur · RJ25,Rajasthan,North,2022-01,45,,186,35.05,,,,,,43,38,54,3,1,0,0,0,2
MS-RJ-016,Sawai Madhopur · RJ25,Rajasthan,North,2022-02,65,,180,35.05,,,,,,43,19,31,5,1,1,1,0,11
MS-RJ-016,Sawai Madhopur · RJ25,Rajasthan,North,2022-03,59,,205,35.05,,,,,,48,26,59,4,2,0,0,0,6
MS-RJ-016,Sawai Madhopur · RJ25,Rajasthan,North,2022-04,57,63.0,165,35.05,37.2,4.0,0.0,79.2,0.0,26,28,41,6,2,1,1,0,3
MS-RJ-016,Sawai Madhopur · RJ25,Rajasthan,North,2022-05,89,60.0,241,35.05,15.5,1.6,0.0,79.5,1.0,32,36,67,6,2,0,0,1,2
MS-RJ-016,Sawai Madhopur · RJ25,Rajasthan,North,2022-06,58,50.0,203,35.05,15.9,3.2,0.0,80.4,1.0,39,33,58,9,4,0,0,0,2
MS-RJ-016,Sawai Madhopur · RJ25,Rajasthan,North,2022-07,30,49.0,133,35.05,31.0,3.7,0.0,79.3,0.0,30,32,33,2,2,1,0,2,1
MS-RJ-016,Sawai Madhopur · RJ25,Rajasthan,North,2022-08,44,41.0,134,35.05,34.6,4.2,0.0,80.2,0.0,29,19,34,3,3,0,0,0,1
MS-RJ-016,Sawai Madhopur · RJ25,Rajasthan,North,2022-09,33,35.0,145,35.05,37.9,3.4,0.0,80.7,1.0,36,29,35,3,5,0,0,0,4
MS-RJ-016,Sawai Madhopur · RJ25,Rajasthan,North,2022-10,94,58.0,303,35.05,6.5,4.5,0.0,80.5,1.0,47,63,84,2,6,0,1,1,4
MS-RJ-016,Sawai Madhopur · RJ25,Rajasthan,North,2022-11,41,69.0,265,35.05,26.8,1.5,0.0,81.0,0.0,48,53,104,6,5,2,1,1,3
MS-RJ-016,Sawai Madhopur · RJ25,Rajasthan,North,2022-12,31,53.0,138,35.05,41.2,6.7,0.0,81.2,0.0,23,25,55,1,2,0,0,0,0
MS-RJ-016,Sawai Madhopur · RJ25,Rajasthan,North,2023-01,87,72.0,295,35.05,28.9,2.5,1.9,81.6,0.0,50,45,96,5,3,1,1,1,4
MS-RJ-016,Sawai Madhopur · RJ25,Rajasthan,North,2023-02,53,59.0,200,35.05,30.4,2.0,0.1,80.6,0.0,40,42,51,4,8,0,0,0,0
MS-RJ-016,Sawai Madhopur · RJ25,Rajasthan,North,2023-03,57,61.0,229,35.05,30.9,5.1,2.0,80.2,0.0,45,34,79,2,8,0,0,1,1
MS-RJ-016,Sawai Madhopur · RJ25,Rajasthan,North,2023-04,71,71.0,202,35.05,33.2,1.2,0.1,80.2,4.0,33,34,51,3,3,0,0,1,5
MS-RJ-016,Sawai Madhopur · RJ25,Rajasthan,North,2023-05,58,68.0,212,35.05,35.2,3.9,0.3,80.3,0.0,32,58,60,0,3,0,0,0,1
MS-RJ-016,Sawai Madhopur · RJ25,Rajasthan,North,2023-06,56,56.0,184,35.05,32.2,1.1,0.0,80.3,0.0,38,25,49,1,11,0,0,1,1
MS-RJ-016,Sawai Madhopur · RJ25,Rajasthan,North,2023-07,46,55.0,183,35.05,41.0,5.9,0.1,80.2,0.0,28,45,60,1,3,0,0,0,0
MS-RJ-016,Sawai Madhopur · RJ25,Rajasthan,North,2023-08,63,46.0,183,35.05,27.3,8.3,0.0,81.0,1.0,22,35,57,4,0,0,0,0,2
MS-RJ-016,Sawai Madhopur · RJ25,Rajasthan,North,2023-09,52,40.0,203,35.05,18.3,5.5,0.0,81.5,0.0,34,27,76,4,7,0,0,0,0
MS-RJ-016,Sawai Madhopur · RJ25,Rajasthan,North,2023-10,77,66.0,288,35.05,15.7,3.2,0.0,79.4,0.0,49,43,108,4,6,0,0,0,1
MS-RJ-016,Sawai Madhopur · RJ25,Rajasthan,North,2023-11,108,78.0,351,35.05,6.2,2.2,1.9,76.9,2.0,48,59,118,7,6,1,0,0,1
MS-RJ-016,Sawai Madhopur · RJ25,Rajasthan,North,2023-12,44,60.0,152,35.05,13.8,1.6,0.0,77.6,0.0,10,45,44,7,1,0,0,0,0
MS-RJ-016,Sawai Madhopur · RJ25,Rajasthan,North,2024-01,103,81.0,371,35.05,10.2,4.5,0.0,77.7,2.0,52,65,135,6,5,0,0,2,1
MS-RJ-016,Sawai Madhopur · RJ25,Rajasthan,North,2024-02,45,67.0,277,35.05,29.5,2.6,0.0,78.8,1.0,40,76,105,0,7,0,0,1,1
MS-RJ-016,Sawai Madhopur · RJ25,Rajasthan,North,2024-03,53,69.0,288,35.05,37.1,1.6,0.6,78.7,1.0,46,81,94,6,4,0,0,2,0
MS-RJ-016,Sawai Madhopur · RJ25,Rajasthan,North,2024-04,54,81.0,268,35.05,65.9,35.5,11.9,77.4,0.0,29,89,80,5,7,1,0,0,2
MS-RJ-016,Sawai Madhopur · RJ25,Rajasthan,North,2024-05,47,78.0,252,35.05,81.3,40.6,13.6,77.9,0.0,37,68,82,10,4,0,1,0,1
MS-RJ-022,Rajsamand · RJ30,Rajasthan,North,2021-06,57,,169,34.19,,,,,,38,29,21,10,4,1,1,1,4
MS-RJ-022,Rajsamand · RJ30,Rajasthan,North,2021-07,75,,161,34.19,,,,,,24,15,30,9,1,1,1,0,4
MS-RJ-022,Rajsamand · RJ30,Rajasthan,North,2021-08,50,,128,34.19,,,,,,27,22,22,4,0,0,1,0,1
MS-RJ-022,Rajsamand · RJ30,Rajasthan,North,2021-09,59,,155,34.19,,,,,,14,29,35,7,4,1,0,0,4
MS-RJ-022,Rajsamand · RJ30,Rajasthan,North,2021-10,68,,147,34.19,,,,,,22,18,24,4,5,1,1,1,2
MS-RJ-022,Rajsamand · RJ30,Rajasthan,North,2021-11,99,,188,34.19,,,,,,29,13,38,2,2,0,0,1,3
MS-RJ-022,Rajsamand · RJ30,Rajasthan,North,2021-12,112,,259,34.19,,,,,,41,55,29,4,3,2,2,2,7
MS-RJ-022,Rajsamand · RJ30,Rajasthan,North,2022-01,78,,184,34.19,,,,,,15,35,45,5,0,1,1,1,3
MS-RJ-022,Rajsamand · RJ30,Rajasthan,North,2022-02,85,,205,34.19,,,,,,24,37,45,4,4,2,0,1,3
MS-RJ-022,Rajsamand · RJ30,Rajasthan,North,2022-03,60,,191,34.19,,,,,,26,41,48,6,2,0,1,3,2
MS-RJ-022,Rajsamand · RJ30,Rajasthan,North,2022-04,76,83.0,174,34.19,38.5,0.7,0.0,92.9,0.0,17,18,48,8,2,1,0,2,2
MS-RJ-022,Rajsamand · RJ30,Rajasthan,North,2022-05,105,80.0,269,34.19,19.9,0.3,0.0,93.0,0.0,35,49,39,16,7,5,0,5,7
MS-RJ-022,Rajsamand · RJ30,Rajasthan,North,2022-06,83,66.0,209,34.19,16.9,1.5,0.0,90.8,0.0,21,49,41,7,2,1,0,3,2
MS-RJ-022,Rajsamand · RJ30,Rajasthan,North,2022-07,92,65.0,226,34.19,9.7,1.2,0.8,91.1,0.0,21,48,43,13,2,0,0,5,2
MS-RJ-022,Rajsamand · RJ30,Rajasthan,North,2022-08,75,54.0,203,34.19,5.4,2.4,0.0,93.0,0.0,24,38,50,6,2,2,0,2,2
MS-RJ-022,Rajsamand · RJ30,Rajasthan,North,2022-09,66,47.0,176,34.19,0.9,2.2,2.3,90.2,0.0,21,36,37,10,3,0,0,1,2
MS-RJ-022,Rajsamand · RJ30,Rajasthan,North,2022-10,157,77.0,370,34.19,0.0,6.1,3.3,91.5,0.0,35,60,86,16,5,1,0,2,6
MS-RJ-022,Rajsamand · RJ30,Rajasthan,North,2022-11,92,91.0,257,34.19,6.3,3.9,1.5,89.4,1.0,36,60,45,8,8,1,0,3,2
MS-RJ-022,Rajsamand · RJ30,Rajasthan,North,2022-12,63,70.0,194,34.19,13.0,3.8,0.0,89.9,0.0,21,48,52,5,1,2,0,1,1
MS-RJ-022,Rajsamand · RJ30,Rajasthan,North,2023-01,96,95.0,251,34.19,17.6,6.0,0.0,91.3,0.0,16,58,66,4,5,0,0,1,5
MS-RJ-022,Rajsamand · RJ30,Rajasthan,North,2023-02,86,78.0,230,34.19,14.8,1.0,0.0,91.2,1.0,20,51,59,6,1,1,2,2,2
MS-RJ-022,Rajsamand · RJ30,Rajasthan,North,2023-03,88,81.0,235,34.19,14.0,4.5,0.0,91.5,2.0,24,54,44,13,9,1,1,0,1
MS-RJ-022,Rajsamand · RJ30,Rajasthan,North,2023-04,86,113.0,210,34.19,30.5,0.1,0.0,92.1,1.0,17,43,44,8,9,0,0,2,1
MS-RJ-022,Rajsamand · RJ30,Rajasthan,North,2023-05,66,108.0,184,34.19,54.3,23.8,4.7,91.0,0.0,28,33,43,7,1,0,1,2,3
MS-RJ-022,Rajsamand · RJ30,Rajasthan,North,2023-06,101,90.0,210,34.19,41.4,5.2,1.7,93.0,0.0,24,34,35,7,5,1,0,1,1
MS-RJ-022,Rajsamand · RJ30,Rajasthan,North,2023-07,81,88.0,200,34.19,43.7,7.4,3.5,89.7,0.0,20,37,53,5,3,0,0,0,1
MS-RJ-022,Rajsamand · RJ30,Rajasthan,North,2023-08,82,74.0,195,34.19,32.6,1.7,0.9,89.5,0.0,21,30,50,6,3,1,0,0,1
MS-RJ-022,Rajsamand · RJ30,Rajasthan,North,2023-09,91,63.0,218,34.19,20.9,1.3,0.0,89.4,0.0,28,30,51,9,3,0,2,1,2
MS-RJ-022,Rajsamand · RJ30,Rajasthan,North,2023-10,110,105.0,276,34.19,17.1,1.7,0.0,90.2,2.0,30,39,67,15,6,2,3,1,3
MS-RJ-022,Rajsamand · RJ30,Rajasthan,North,2023-11,157,124.0,346,34.19,11.0,4.0,0.0,90.7,4.0,35,73,62,10,6,1,1,0,1
MS-RJ-022,Rajsamand · RJ30,Rajasthan,North,2023-12,81,96.0,169,34.19,20.2,2.9,0.0,90.2,3.0,17,30,25,9,3,0,1,3,0
MS-RJ-022,Rajsamand · RJ30,Rajasthan,North,2024-01,135,129.0,255,34.19,22.0,3.6,0.0,89.3,1.0,20,51,40,4,2,0,1,0,2
MS-RJ-022,Rajsamand · RJ30,Rajasthan,North,2024-02,116,107.0,276,34.19,24.6,3.4,0.0,89.9,1.0,26,71,47,8,6,0,1,0,1
MS-RJ-022,Rajsamand · RJ30,Rajasthan,North,2024-03,102,110.0,237,34.19,26.0,4.0,4.0,89.7,0.0,28,44,43,11,6,1,1,0,0
MS-RJ-022,Rajsamand · RJ30,Rajasthan,North,2024-04,114,126.0,222,34.19,33.2,2.6,4.2,90.6,0.0,18,39,30,9,9,2,0,0,0
MS-RJ-022,Rajsamand · RJ30,Rajasthan,North,2024-05,81,121.0,189,34.19,52.5,20.9,7.3,90.5,0.0,22,36,35,6,7,0,0,1,1
MS-RJ-028,Didwana · RJ37,Rajasthan,North,2021-06,84,,195,35.19,,,,,,32,15,44,11,2,2,1,0,2
MS-RJ-028,Didwana · RJ37,Rajasthan,North,2021-07,122,,258,35.19,,,,,,34,17,66,8,3,0,2,0,3
MS-RJ-028,Didwana · RJ37,Rajasthan,North,2021-08,74,,164,35.19,,,,,,19,23,36,3,1,0,1,0,5
MS-RJ-028,Didwana · RJ37,Rajasthan,North,2021-09,75,,185,35.19,,,,,,22,28,47,8,1,0,0,0,1
MS-RJ-028,Didwana · RJ37,Rajasthan,North,2021-10,114,,194,35.19,,,,,,14,20,33,6,1,0,0,1,0
MS-RJ-028,Didwana · RJ37,Rajasthan,North,2021-11,135,,239,35.19,,,,,,20,23,44,4,2,0,1,0,7
MS-RJ-028,Didwana · RJ37,Rajasthan,North,2021-12,109,,260,35.19,,,,,,43,33,58,6,3,1,0,1,4
MS-RJ-028,Didwana · RJ37,Rajasthan,North,2022-01,101,,204,35.19,,,,,,18,28,48,1,2,0,1,0,3
MS-RJ-028,Didwana · RJ37,Rajasthan,North,2022-02,113,,242,35.19,,,,,,38,38,46,3,1,0,0,0,2
MS-RJ-028,Didwana · RJ37,Rajasthan,North,2022-03,110,,243,35.19,,,,,,27,31,64,6,0,1,0,0,2
MS-RJ-028,Didwana · RJ37,Rajasthan,North,2022-04,100,121.0,219,35.19,38.9,2.9,4.7,82.1,0.0,19,29,60,4,0,0,1,0,3
MS-RJ-028,Didwana · RJ37,Rajasthan,North,2022-05,117,117.0,259,35.19,35.3,3.5,5.0,83.9,2.0,34,25,66,6,5,1,1,1,0
MS-RJ-028,Didwana · RJ37,Rajasthan,North,2022-06,87,97.0,184,35.19,42.1,6.3,4.5,83.0,1.0,20,33,31,6,4,0,0,2,0
MS-RJ-028,Didwana · RJ37,Rajasthan,North,2022-07,79,95.0,191,35.19,45.8,12.6,5.0,83.5,1.0,23,20,51,15,1,0,1,0,0
MS-RJ-028,Didwana · RJ37,Rajasthan,North,2022-08,78,79.0,176,35.19,43.5,7.0,4.4,81.4,0.0,22,18,52,3,1,0,0,0,1
MS-RJ-028,Didwana · RJ37,Rajasthan,North,2022-09,58,68.0,190,35.19,48.8,17.7,8.2,78.9,1.0,20,48,57,3,3,0,0,0,1
MS-RJ-028,Didwana · RJ37,Rajasthan,North,2022-10,180,113.0,336,35.19,12.8,2.3,2.5,80.4,2.0,36,39,69,7,3,0,0,0,2
MS-RJ-028,Didwana · RJ37,Rajasthan,North,2022-11,94,134.0,265,35.19,30.2,4.3,1.7,80.2,0.0,35,31,98,3,1,0,1,0,1
MS-RJ-028,Didwana · RJ37,Rajasthan,North,2022-12,58,103.0,170,35.19,41.9,4.9,0.9,81.7,0.0,18,25,54,7,2,0,1,0,2
MS-RJ-028,Didwana · RJ37,Rajasthan,North,2023-01,98,139.0,239,35.19,74.7,37.1,16.3,78.7,1.0,29,32,73,3,1,1,0,0,1
MS-RJ-028,Didwana · RJ37,Rajasthan,North,2023-02,115,115.0,266,35.19,60.3,28.2,8.3,79.3,1.0,34,42,61,9,3,0,0,1,1
MS-RJ-028,Didwana · RJ37,Rajasthan,North,2023-03,111,119.0,274,35.19,47.3,12.9,1.8,81.4,0.0,20,42,79,11,5,0,0,0,2
MS-RJ-028,Didwana · RJ37,Rajasthan,North,2023-04,82,123.0,208,35.19,59.5,27.0,9.7,81.5,2.0,25,26,64,5,1,1,2,0,0
MS-RJ-028,Didwana · RJ37,Rajasthan,North,2023-05,88,118.0,257,35.19,68.6,37.4,12.4,80.7,1.0,22,36,101,0,6,0,1,2,0
MS-RJ-028,Didwana · RJ37,Rajasthan,North,2023-06,67,98.0,240,35.19,78.1,39.2,18.7,79.6,1.0,25,38,85,14,7,0,1,2,1
MS-RJ-028,Didwana · RJ37,Rajasthan,North,2023-07,84,96.0,218,35.19,72.6,36.4,16.2,78.7,1.0,20,30,73,7,2,0,0,0,1
MS-RJ-028,Didwana · RJ37,Rajasthan,North,2023-08,75,80.0,217,35.19,67.3,32.7,12.3,80.2,2.0,19,37,73,4,4,2,0,1,0
MS-RJ-028,Didwana · RJ37,Rajasthan,North,2023-09,82,69.0,224,35.19,51.8,20.1,5.5,81.8,0.0,11,38,83,7,2,0,0,1,0
MS-RJ-028,Didwana · RJ37,Rajasthan,North,2023-10,103,114.0,277,35.19,47.3,13.8,3.2,80.8,2.0,30,62,74,6,0,0,1,0,0
MS-RJ-028,Didwana · RJ37,Rajasthan,North,2023-11,190,135.0,412,35.19,19.7,3.9,0.0,82.2,0.0,24,51,128,11,4,0,0,1,2
MS-RJ-028,Didwana · RJ37,Rajasthan,North,2023-12,57,104.0,197,35.19,35.5,0.5,4.1,81.5,0.0,16,43,75,2,2,0,1,0,1
MS-RJ-028,Didwana · RJ37,Rajasthan,North,2024-01,116,141.0,265,35.19,43.0,5.0,1.3,81.3,1.0,33,31,70,11,1,0,0,1,0
MS-RJ-028,Didwana · RJ37,Rajasthan,North,2024-02,105,116.0,302,35.19,56.5,25.8,9.2,81.0,1.0,44,40,101,7,2,0,0,0,2
MS-RJ-028,Didwana · RJ37,Rajasthan,North,2024-03,94,120.0,281,35.19,55.8,23.8,5.9,80.6,1.0,26,39,103,7,7,0,0,1,1
MS-RJ-028,Didwana · RJ37,Rajasthan,North,2024-04,73,120.0,234,35.19,76.0,40.9,14.2,78.6,0.0,25,42,81,6,1,0,1,1,1
MS-RJ-028,Didwana · RJ37,Rajasthan,North,2024-05,65,115.0,231,35.19,95.5,46.5,21.3,79.6,1.0,21,50,80,8,6,0,0,0,0
MS-RJ-034,Kishangarh · RJ42,Rajasthan,North,2021-06,21,,100,37.53,,,,,,18,13,17,18,0,1,6,0,1
MS-RJ-034,Kishangarh · RJ42,Rajasthan,North,2021-07,56,,127,37.53,,,,,,18,11,13,9,5,1,1,1,2
MS-RJ-034,Kishangarh · RJ42,Rajasthan,North,2021-08,28,,90,37.53,,,,,,13,12,17,10,3,0,4,1,0
MS-RJ-034,Kishangarh · RJ42,Rajasthan,North,2021-09,40,,120,37.53,,,,,,15,32,13,14,1,0,1,0,1
MS-RJ-034,Kishangarh · RJ42,Rajasthan,North,2021-10,26,,81,37.53,,,,,,15,21,6,2,0,3,1,0,4
MS-RJ-034,Kishangarh · RJ42,Rajasthan,North,2021-11,31,,120,37.53,,,,,,28,20,15,4,7,1,3,3,1
MS-RJ-034,Kishangarh · RJ42,Rajasthan,North,2021-12,28,,124,37.53,,,,,,13,31,23,11,7,1,2,1,1
MS-RJ-034,Kishangarh · RJ42,Rajasthan,North,2022-01,36,,102,37.53,,,,,,19,15,19,5,5,1,0,0,0
MS-RJ-034,Kishangarh · RJ42,Rajasthan,North,2022-02,41,,131,37.53,,,,,,20,35,12,11,3,2,1,2,1
MS-RJ-034,Kishangarh · RJ42,Rajasthan,North,2022-03,24,,96,37.53,,,,,,10,24,19,8,1,1,3,1,0
MS-RJ-034,Kishangarh · RJ42,Rajasthan,North,2022-04,36,36.0,115,37.53,30.8,1.8,0.0,83.2,0.0,9,26,15,15,5,1,4,0,1
MS-RJ-034,Kishangarh · RJ42,Rajasthan,North,2022-05,47,34.0,148,37.53,17.2,1.2,2.1,83.2,0.0,22,32,25,11,5,2,1,2,0
MS-RJ-034,Kishangarh · RJ42,Rajasthan,North,2022-06,31,29.0,125,37.53,16.9,3.7,2.3,85.1,0.0,11,20,36,10,8,1,2,1,2
MS-RJ-034,Kishangarh · RJ42,Rajasthan,North,2022-07,34,28.0,99,37.53,13.6,3.5,2.8,85.8,0.0,8,14,26,8,5,0,1,1,1
MS-RJ-034,Kishangarh · RJ42,Rajasthan,North,2022-08,35,23.0,109,37.53,4.7,4.6,1.8,85.1,1.0,14,26,18,8,5,0,0,0,1
MS-RJ-034,Kishangarh · RJ42,Rajasthan,North,2022-09,32,20.0,109,37.53,0.0,2.1,0.4,82.7,0.0,15,21,25,9,1,0,0,1,0
MS-RJ-034,Kishangarh · RJ42,Rajasthan,North,2022-10,36,33.0,158,37.53,6.4,4.5,2.5,82.7,0.0,28,30,38,14,4,0,2,2,2
MS-RJ-034,Kishangarh · RJ42,Rajasthan,North,2022-11,44,39.0,143,37.53,9.0,4.5,3.0,83.2,0.0,16,25,42,5,5,1,1,0,0
MS-RJ-034,Kishangarh · RJ42,Rajasthan,North,2022-12,26,30.0,107,37.53,16.6,2.2,4.5,82.7,0.0,12,19,33,6,6,0,1,1,0
MS-RJ-034,Kishangarh · RJ42,Rajasthan,North,2023-01,44,41.0,143,37.53,20.7,0.5,0.0,83.1,0.0,15,43,33,2,0,0,1,2,1
MS-RJ-034,Kishangarh · RJ42,Rajasthan,North,2023-02,24,34.0,111,37.53,34.9,4.8,0.9,83.4,0.0,6,46,24,5,1,0,0,3,0
MS-RJ-034,Kishangarh · RJ42,Rajasthan,North,2023-03,35,35.0,162,37.53,31.2,2.7,0.0,81.2,1.0,23,51,29,9,6,1,0,2,1
MS-RJ-034,Kishangarh · RJ42,Rajasthan,North,2023-04,41,44.0,121,37.53,37.8,3.5,0.0,83.7,1.0,12,37,16,8,4,0,1,0,1
MS-RJ-034,Kishangarh · RJ42,Rajasthan,North,2023-05,26,43.0,104,37.53,58.3,26.8,4.6,80.9,1.0,20,22,25,5,2,1,0,0,0
MS-RJ-034,Kishangarh · RJ42,Rajasthan,North,2023-06,37,36.0,128,37.53,48.3,14.5,1.6,80.9,0.0,22,22,29,8,5,0,1,0,3
MS-RJ-034,Kishangarh · RJ42,Rajasthan,North,2023-07,36,35.0,126,37.53,39.2,3.4,2.3,84.5,1.0,16,28,33,3,7,0,0,0,1
MS-RJ-034,Kishangarh · RJ42,Rajasthan,North,2023-08,28,29.0,105,37.53,35.1,2.7,0.1,84.5,0.0,19,24,23,5,2,0,3,1,0
MS-RJ-034,Kishangarh · RJ42,Rajasthan,North,2023-09,30,25.0,132,37.53,28.1,4.0,0.0,82.3,0.0,15,34,40,5,5,0,2,1,0
MS-RJ-034,Kishangarh · RJ42,Rajasthan,North,2023-10,36,41.0,141,37.53,35.4,3.7,0.0,82.4,0.0,21,31,37,6,6,0,1,1,0
MS-RJ-034,Kishangarh · RJ42,Rajasthan,North,2023-11,42,49.0,169,37.53,44.6,10.1,0.0,81.6,0.0,20,39,47,12,0,2,5,2,0
MS-RJ-034,Kishangarh · RJ42,Rajasthan,North,2023-12,19,38.0,92,37.53,60.7,27.4,6.2,83.4,0.0,8,31,23,5,3,1,0,1,0
MS-RJ-034,Kishangarh · RJ42,Rajasthan,North,2024-01,26,51.0,126,37.53,94.0,45.6,24.3,79.8,0.0,19,25,35,8,3,0,1,3,0
MS-RJ-034,Kishangarh · RJ42,Rajasthan,North,2024-02,20,42.0,109,37.53,121.8,53.1,27.7,78.4,2.0,15,27,31,1,6,0,3,3,0
MS-RJ-034,Kishangarh · RJ42,Rajasthan,North,2024-03,19,43.0,103,37.53,104.5,49.0,27.1,79.4,0.0,12,28,25,7,4,0,4,0,2
MS-RJ-034,Kishangarh · RJ42,Rajasthan,North,2024-04,35,38.0,132,37.53,66.6,32.6,13.1,84.0,0.0,21,28,27,9,8,0,2,1,0
MS-RJ-034,Kishangarh · RJ42,Rajasthan,North,2024-05,25,36.0,132,37.53,69.9,35.7,14.1,83.2,0.0,14,51,26,4,6,0,2,2,0
MS-RJ-040,Nokha · RJ50,Rajasthan,North,2021-06,25,,79,36.97,,,,,,10,9,31,3,0,0,0,0,0
MS-RJ-040,Nokha · RJ50,Rajasthan,North,2021-07,20,,63,36.97,,,,,,4,12,23,2,0,0,0,0,0
MS-RJ-040,Nokha · RJ50,Rajasthan,North,2021-08,12,,53,36.97,,,,,,2,19,16,0,0,0,0,0,3
MS-RJ-040,Nokha · RJ50,Rajasthan,North,2021-09,18,,70,36.97,,,,,,1,22,22,4,1,1,0,0,1
MS-RJ-040,Nokha · RJ50,Rajasthan,North,2021-10,13,,56,36.97,,,,,,6,20,15,1,1,0,0,0,0
MS-RJ-040,Nokha · RJ50,Rajasthan,North,2021-11,35,,106,36.97,,,,,,7,35,23,3,1,1,0,0,0
MS-RJ-040,Nokha · RJ50,Rajasthan,North,2021-12,14,,65,36.97,,,,,,3,22,21,2,0,1,0,1,0
MS-RJ-040,Nokha · RJ50,Rajasthan,North,2022-01,18,,77,36.97,,,,,,2,26,27,0,1,0,0,0,1
MS-RJ-040,Nokha · RJ50,Rajasthan,North,2022-02,29,,89,36.97,,,,,,7,22,30,0,1,0,0,0,0
MS-RJ-040,Nokha · RJ50,Rajasthan,North,2022-03,22,,90,36.97,,,,,,4,24,33,4,3,0,0,0,0
MS-RJ-040,Nokha · RJ50,Rajasthan,North,2022-04,21,23.0,96,36.97,36.3,4.2,0.0,87.1,0.0,7,29,37,1,0,0,0,0,0
MS-RJ-040,Nokha · RJ50,Rajasthan,North,2022-05,38,22.0,110,36.97,9.3,0.0,0.0,86.2,1.0,11,13,41,4,2,1,0,0,0
MS-RJ-040,Nokha · RJ50,Rajasthan,North,2022-06,16,18.0,82,36.97,19.2,4.6,0.0,86.1,0.0,6,23,36,1,0,0,0,0,0
MS-RJ-040,Nokha · RJ50,Rajasthan,North,2022-07,15,18.0,75,36.97,24.9,2.7,0.0,85.9,0.0,4,19,34,1,0,0,0,0,2
MS-RJ-040,Nokha · RJ50,Rajasthan,North,2022-08,20,15.0,86,36.97,24.7,4.5,0.0,87.0,0.0,7,16,35,6,2,0,0,0,0
MS-RJ-040,Nokha · RJ50,Rajasthan,North,2022-09,13,13.0,92,36.97,25.9,3.9,0.0,87.9,0.0,5,28,45,1,0,0,0,0,0
MS-RJ-040,Nokha · RJ50,Rajasthan,North,2022-10,34,21.0,159,36.97,0.5,3.8,0.0,86.3,1.0,9,48,62,2,2,0,0,0,2
MS-RJ-040,Nokha · RJ50,Rajasthan,North,2022-11,18,25.0,119,36.97,20.0,5.0,0.0,85.0,0.0,5,40,53,2,1,0,0,0,0
MS-RJ-040,Nokha · RJ50,Rajasthan,North,2022-12,28,19.0,109,36.97,8.6,5.4,0.0,86.2,0.0,3,25,49,3,0,0,0,0,1
MS-RJ-040,Nokha · RJ50,Rajasthan,North,2023-01,28,26.0,147,36.97,12.9,1.9,0.0,86.2,0.0,2,45,64,5,0,1,0,0,2
MS-RJ-040,Nokha · RJ50,Rajasthan,North,2023-02,25,21.0,112,36.97,14.0,1.3,0.0,86.8,0.0,2,27,53,4,0,0,1,0,0
MS-RJ-040,Nokha · RJ50,Rajasthan,North,2023-03,15,22.0,105,36.97,31.1,3.9,0.0,87.4,0.0,11,37,36,5,1,0,0,0,0
MS-RJ-040,Nokha · RJ50,Rajasthan,North,2023-04,17,28.0,89,36.97,58.1,27.8,5.8,87.3,0.0,4,30,34,3,1,0,0,0,0
MS-RJ-040,Nokha · RJ50,Rajasthan,North,2023-05,24,27.0,112,36.97,55.5,23.8,3.4,84.9,0.0,9,22,52,3,2,0,0,0,0
MS-RJ-040,Nokha · RJ50,Rajasthan,North,2023-06,29,23.0,100,36.97,31.6,2.4,0.0,85.8,0.0,3,13,50,2,2,0,0,0,1
MS-RJ-040,Nokha · RJ50,Rajasthan,North,2023-07,20,22.0,76,36.97,33.3,4.8,0.0,87.4,0.0,2,18,34,2,0,0,0,0,0
MS-RJ-040,Nokha · RJ50,Rajasthan,North,2023-08,7,19.0,95,36.97,60.5,26.7,0.4,83.7,0.0,5,41,38,1,2,0,1,0,0
MS-RJ-040,Nokha · RJ50,Rajasthan,North,2023-09,28,16.0,120,36.97,32.1,3.8,0.0,84.9,0.0,5,29,54,3,1,0,0,0,0
MS-RJ-040,Nokha · RJ50,Rajasthan,North,2023-10,29,26.0,168,36.97,28.0,1.3,0.0,85.3,0.0,6,52,78,1,1,0,0,0,1
MS-RJ-040,Nokha · RJ50,Rajasthan,North,2023-11,31,31.0,145,36.97,22.5,3.4,0.0,88.7,0.0,2,38,66,6,1,1,0,0,0
MS-RJ-040,Nokha · RJ50,Rajasthan,North,2023-12,15,24.0,97,36.97,39.0,2.6,0.0,86.4,0.0,5,27,46,2,2,0,0,0,0
MS-RJ-040,Nokha · RJ50,Rajasthan,North,2024-01,22,32.0,116,36.97,55.6,23.2,0.0,85.4,1.0,4,36,50,4,0,0,0,0,0
MS-RJ-040,Nokha · RJ50,Rajasthan,North,2024-02,14,27.0,111,36.97,86.4,44.1,11.5,82.2,0.0,8,25,56,4,4,0,0,0,0
MS-RJ-040,Nokha · RJ50,Rajasthan,North,2024-03,17,28.0,128,36.97,87.3,44.6,14.7,83.3,0.0,8,39,62,1,0,0,0,0,0
MS-RJ-040,Nokha · RJ50,Rajasthan,North,2024-04,23,26.0,103,36.97,67.9,30.2,10.8,85.1,0.0,6,29,41,1,3,0,0,0,0
MS-RJ-040,Nokha · RJ50,Rajasthan,North,2024-05,26,25.0,105,36.97,45.4,13.3,0.0,87.9,0.0,5,27,44,1,2,0,0,0,0
MS-RJ-046,Bundi · RJ8,Rajasthan,North,2021-06,69,,167,33.59,,,,,,24,16,39,3,0,4,0,0,9
MS-RJ-046,Bundi · RJ8,Rajasthan,North,2021-07,99,,186,33.59,,,,,,24,9,25,11,2,2,2,0,11
MS-RJ-046,Bundi · RJ8,Rajasthan,North,2021-08,92,,181,33.59,,,,,,14,34,33,1,1,1,1,0,1
MS-RJ-046,Bundi · RJ8,Rajasthan,North,2021-09,107,,177,33.59,,,,,,16,11,20,8,3,2,0,0,6
MS-RJ-046,Bundi · RJ8,Rajasthan,North,2021-10,44,,97,33.59,,,,,,11,17,10,7,0,2,1,0,2
MS-RJ-046,Bundi · RJ8,Rajasthan,North,2021-11,99,,210,33.59,,,,,,19,36,35,9,4,1,0,0,6
MS-RJ-046,Bundi · RJ8,Rajasthan,North,2021-12,144,,208,33.59,,,,,,16,15,11,5,1,1,1,1,9
MS-RJ-046,Bundi · RJ8,Rajasthan,North,2022-01,82,,178,33.59,,,,,,16,27,40,1,1,0,0,0,11
MS-RJ-046,Bundi · RJ8,Rajasthan,North,2022-02,101,,194,33.59,,,,,,20,25,33,3,0,2,0,0,9
MS-RJ-046,Bundi · RJ8,Rajasthan,North,2022-03,134,,242,33.59,,,,,,17,32,34,9,2,4,1,0,4
MS-RJ-046,Bundi · RJ8,Rajasthan,North,2022-04,60,116.0,159,33.59,80.1,40.4,27.3,74.1,2.0,17,29,27,9,3,1,1,1,8
MS-RJ-046,Bundi · RJ8,Rajasthan,North,2022-05,143,111.0,256,33.59,29.2,1.0,12.2,80.1,0.0,27,28,32,10,2,2,1,0,6
MS-RJ-046,Bundi · RJ8,Rajasthan,North,2022-06,130,92.0,206,33.59,14.7,3.1,10.4,80.7,3.0,16,25,24,3,1,0,1,1,5
MS-RJ-046,Bundi · RJ8,Rajasthan,North,2022-07,75,90.0,171,33.59,20.9,4.3,9.0,80.3,1.0,20,20,40,5,1,0,0,2,6
MS-RJ-046,Bundi · RJ8,Rajasthan,North,2022-08,51,75.0,109,33.59,38.2,3.3,12.9,81.4,1.0,11,19,19,7,0,1,0,0,0
MS-RJ-046,Bundi · RJ8,Rajasthan,North,2022-09,71,65.0,144,33.59,40.6,2.7,13.7,79.7,1.0,12,19,26,4,2,1,1,0,7
MS-RJ-046,Bundi · RJ8,Rajasthan,North,2022-10,122,108.0,282,33.59,32.9,2.8,9.0,80.0,3.0,34,66,41,14,3,0,0,0,2
MS-RJ-046,Bundi · RJ8,Rajasthan,North,2022-11,125,127.0,267,33.59,28.5,4.8,10.7,80.5,1.0,10,33,82,7,1,0,1,0,7
MS-RJ-046,Bundi · RJ8,Rajasthan,North,2022-12,89,98.0,167,33.59,27.7,4.9,11.4,79.8,2.0,9,30,24,8,0,2,1,0,2
MS-RJ-046,Bundi · RJ8,Rajasthan,North,2023-01,134,132.0,276,33.59,28.2,2.1,8.2,78.3,0.0,13,50,62,11,0,1,1,0,2
MS-RJ-046,Bundi · RJ8,Rajasthan,North,2023-02,88,109.0,214,33.59,37.4,0.0,7.5,77.6,3.0,16,41,46,11,0,5,0,0,3
MS-RJ-046,Bundi · RJ8,Rajasthan,North,2023-03,94,113.0,245,33.59,41.6,3.7,9.3,80.9,1.0,28,55,44,13,0,0,1,1,4
MS-RJ-046,Bundi · RJ8,Rajasthan,North,2023-04,125,124.0,227,33.59,42.0,6.9,11.7,80.3,1.0,9,38,42,8,1,0,0,2,2
MS-RJ-046,Bundi · RJ8,Rajasthan,North,2023-05,95,119.0,188,33.59,47.7,12.6,10.3,79.2,1.0,17,28,37,5,0,1,2,0,3
MS-RJ-046,Bundi · RJ8,Rajasthan,North,2023-06,83,99.0,163,33.59,48.5,17.4,10.0,80.2,1.0,16,24,33,4,0,0,0,1,1
MS-RJ-046,Bundi · RJ8,Rajasthan,North,2023-07,84,96.0,181,33.59,50.9,20.4,8.4,79.6,1.0,11,28,47,9,0,1,0,0,1
MS-RJ-046,Bundi · RJ8,Rajasthan,North,2023-08,77,81.0,179,33.59,49.2,18.4,8.0,78.9,2.0,20,31,41,3,2,1,0,1,1
MS-RJ-046,Bundi · RJ8,Rajasthan,North,2023-09,91,70.0,200,33.59,33.8,1.1,4.0,77.3,2.0,19,41,40,2,4,1,0,1,0
MS-RJ-046,Bundi · RJ8,Rajasthan,North,2023-10,94,115.0,220,33.59,44.6,9.7,0.0,79.7,0.0,18,46,48,7,0,2,1,0,3
MS-RJ-046,Bundi · RJ8,Rajasthan,North,2023-11,148,136.0,294,33.59,33.1,2.8,0.0,79.3,1.0,19,60,55,4,2,1,0,1,0
MS-RJ-046,Bundi · RJ8,Rajasthan,North,2023-12,114,105.0,194,33.59,30.8,3.3,0.0,79.4,2.0,6,29,37,1,1,1,0,2,1
MS-RJ-046,Bundi · RJ8,Rajasthan,North,2024-01,127,142.0,298,33.59,29.5,1.9,3.9,78.1,3.0,15,68,71,8,1,2,2,0,0
MS-RJ-046,Bundi · RJ8,Rajasthan,North,2024-02,111,117.0,235,33.59,33.9,3.8,5.0,78.2,1.0,21,46,47,5,1,0,0,2,1
MS-RJ-046,Bundi · RJ8,Rajasthan,North,2024-03,118,121.0,238,33.59,33.7,3.4,5.5,79.8,2.0,14,46,42,10,0,0,0,1,4
MS-RJ-046,Bundi · RJ8,Rajasthan,North,2024-04,138,133.0,241,33.59,31.0,3.6,7.6,79.3,0.0,21,28,43,6,3,0,0,1,0
MS-RJ-046,Bundi · RJ8,Rajasthan,North,2024-05,120,127.0,244,33.59,32.0,1.6,5.9,80.5,0.0,15,54,44,7,3,0,0,0,0
MS-TN-003,Redhills · TN18,Tamil Nadu,South,2021-06,35,,128,35.98,,,,,,17,21,15,17,3,0,1,3,13
MS-TN-003,Redhills · TN18,Tamil Nadu,South,2021-07,97,,316,35.98,,,,,,39,52,28,17,23,12,11,0,20
MS-TN-003,Redhills · TN18,Tamil Nadu,South,2021-08,98,,326,35.98,,,,,,52,85,18,11,12,6,4,8,19
MS-TN-003,Redhills · TN18,Tamil Nadu,South,2021-09,122,,304,35.98,,,,,,37,69,17,7,13,8,7,4,16
MS-TN-003,Redhills · TN18,Tamil Nadu,South,2021-10,71,,232,35.98,,,,,,26,62,16,13,11,5,1,6,13
MS-TN-003,Redhills · TN18,Tamil Nadu,South,2021-11,64,,253,35.98,,,,,,33,69,27,14,10,2,3,2,15
MS-TN-003,Redhills · TN18,Tamil Nadu,South,2021-12,92,,277,35.98,,,,,,40,50,17,13,15,5,2,7,21
MS-TN-003,Redhills · TN18,Tamil Nadu,South,2022-01,129,,312,35.98,,,,,,26,71,37,7,14,6,1,2,9
MS-TN-003,Redhills · TN18,Tamil Nadu,South,2022-02,103,,296,35.98,,,,,,30,86,19,21,10,6,1,3,10
MS-TN-003,Redhills · TN18,Tamil Nadu,South,2022-03,99,,360,35.98,,,,,,52,96,38,21,19,5,2,10,15
MS-TN-003,Redhills · TN18,Tamil Nadu,South,2022-04,109,86.0,319,35.98,23.9,1.0,0.0,85.7,0.0,31,82,25,21,16,6,1,8,13
MS-TN-003,Redhills · TN18,Tamil Nadu,South,2022-05,113,100.0,334,35.98,21.1,2.9,0.0,85.9,1.0,23,94,30,21,15,5,5,7,16
MS-TN-003,Redhills · TN18,Tamil Nadu,South,2022-06,108,93.0,339,35.98,17.7,4.8,0.0,82.1,0.0,23,100,35,20,19,5,3,7,12
MS-TN-003,Redhills · TN18,Tamil Nadu,South,2022-07,87,91.0,280,35.98,21.7,4.9,0.0,85.0,0.0,30,67,38,18,15,4,1,3,10
MS-TN-003,Redhills · TN18,Tamil Nadu,South,2022-08,118,85.0,369,35.98,13.3,1.6,1.1,85.5,1.0,40,76,40,24,25,9,5,13,11
MS-TN-003,Redhills · TN18,Tamil Nadu,South,2022-09,118,87.0,370,35.98,6.3,2.1,0.0,84.4,2.0,39,83,39,22,24,8,4,8,14
MS-TN-003,Redhills · TN18,Tamil Nadu,South,2022-10,97,105.0,315,35.98,14.1,3.4,0.0,84.8,1.0,32,83,41,17,12,6,5,6,10
MS-TN-003,Redhills · TN18,Tamil Nadu,South,2022-11,113,99.0,357,35.98,17.9,4.3,0.0,88.1,0.0,34,77,50,30,18,4,12,9,5
MS-TN-003,Redhills · TN18,Tamil Nadu,South,2022-12,112,73.0,356,35.98,7.5,3.5,1.0,86.9,0.0,44,74,51,28,7,7,5,3,14
MS-TN-003,Redhills · TN18,Tamil Nadu,South,2023-01,163,153.0,478,35.98,15.6,1.8,3.3,84.6,1.0,42,119,61,27,16,10,2,8,19
MS-TN-003,Redhills · TN18,Tamil Nadu,South,2023-02,101,96.0,377,35.98,17.0,1.6,5.8,84.2,1.0,42,103,49,36,12,9,2,2,9
MS-TN-003,Redhills · TN18,Tamil Nadu,South,2023-03,121,119.0,420,35.98,19.8,2.5,6.8,83.9,3.0,53,102,49,33,30,1,4,8,7
MS-TN-003,Redhills · TN18,Tamil Nadu,South,2023-04,100,110.0,343,35.98,30.6,4.8,3.5,84.0,1.0,41,70,50,27,20,5,3,5,10
MS-TN-003,Redhills · TN18,Tamil Nadu,South,2023-05,120,128.0,424,35.98,32.3,3.6,1.8,84.3,1.0,42,95,77,26,23,7,2,9,14
MS-TN-003,Redhills · TN18,Tamil Nadu,South,2023-06,142,120.0,430,35.98,23.8,1.3,1.0,84.7,0.0,61,73,49,32,23,6,13,5,9
MS-TN-003,Redhills · TN18,Tamil Nadu,South,2023-07,116,117.0,387,35.98,28.8,4.0,0.0,83.5,2.0,47,88,47,34,23,1,7,2,10
MS-TN-003,Redhills · TN18,Tamil Nadu,South,2023-08,130,109.0,413,35.98,23.9,0.0,1.0,84.5,1.0,52,79,65,34,19,6,2,7,5
MS-TN-003,Redhills · TN18,Tamil Nadu,South,2023-09,124,112.0,398,35.98,21.7,2.4,1.2,83.5,5.0,52,95,36,18,27,5,3,7,15
MS-TN-003,Redhills · TN18,Tamil Nadu,South,2023-10,149,135.0,525,35.98,18.2,3.6,0.0,83.9,2.0,77,97,58,44,36,9,6,11,23
MS-TN-003,Redhills · TN18,Tamil Nadu,South,2023-11,120,127.0,329,35.98,26.0,3.8,3.0,84.8,1.0,31,76,42,14,10,6,4,1,10
MS-TN-003,Redhills · TN18,Tamil Nadu,South,2023-12,93,94.0,328,35.98,26.1,4.5,2.7,85.6,0.0,51,80,33,33,16,4,4,2,6
MS-TN-003,Redhills · TN18,Tamil Nadu,South,2024-01,227,197.0,547,35.98,22.5,4.1,0.0,84.3,2.0,47,114,77,23,28,2,8,5,10
MS-TN-003,Redhills · TN18,Tamil Nadu,South,2024-02,140,123.0,456,35.98,20.4,4.0,0.7,81.7,1.0,53,92,55,29,16,7,3,3,15
MS-TN-003,Redhills · TN18,Tamil Nadu,South,2024-03,132,152.0,485,35.98,26.9,2.8,4.0,83.1,1.0,43,110,61,33,16,4,6,5,16
MS-TN-003,Redhills · TN18,Tamil Nadu,South,2024-04,145,122.0,444,35.98,25.0,2.4,4.8,83.0,1.0,44,88,71,22,23,9,8,4,7
MS-TN-003,Redhills · TN18,Tamil Nadu,South,2024-05,142,141.0,484,35.98,23.9,4.1,2.5,82.9,1.0,63,106,69,36,29,3,4,5,14
MS-TN-009,Vellore · TN23,Tamil Nadu,South,2021-06,41,,125,35.72,,,,,,13,19,12,19,4,4,0,1,6
MS-TN-009,Vellore · TN23,Tamil Nadu,South,2021-07,85,,211,35.72,,,,,,41,20,16,10,5,5,2,3,12
MS-TN-009,Vellore · TN23,Tamil Nadu,South,2021-08,84,,249,35.72,,,,,,37,51,14,9,16,5,3,11,10
MS-TN-009,Vellore · TN23,Tamil Nadu,South,2021-09,72,,233,35.72,,,,,,38,54,11,10,6,7,2,8,13
MS-TN-009,Vellore · TN23,Tamil Nadu,South,2021-10,63,,201,35.72,,,,,,39,39,14,4,10,4,2,8,13
MS-TN-009,Vellore · TN23,Tamil Nadu,South,2021-11,60,,183,35.72,,,,,,24,35,14,3,7,7,1,10,18
MS-TN-009,Vellore · TN23,Tamil Nadu,South,2021-12,91,,219,35.72,,,,,,21,35,17,10,13,2,4,11,8
MS-TN-009,Vellore · TN23,Tamil Nadu,South,2022-01,99,,236,35.72,,,,,,29,49,9,5,5,9,4,11,11
MS-TN-009,Vellore · TN23,Tamil Nadu,South,2022-02,70,,201,35.72,,,,,,36,25,13,9,13,7,3,15,7
MS-TN-009,Vellore · TN23,Tamil Nadu,South,2022-03,72,,239,35.72,,,,,,28,47,18,18,15,6,6,15,7
MS-TN-009,Vellore · TN23,Tamil Nadu,South,2022-04,72,68.0,223,35.72,28.5,1.5,8.6,86.9,0.0,29,48,20,3,15,9,3,11,10
MS-TN-009,Vellore · TN23,Tamil Nadu,South,2022-05,88,78.0,223,35.72,19.2,4.1,5.6,88.0,0.0,26,42,13,15,9,3,1,14,7
MS-TN-009,Vellore · TN23,Tamil Nadu,South,2022-06,80,73.0,241,35.72,18.5,2.9,5.5,88.6,1.0,29,48,21,9,15,9,1,15,9
MS-TN-009,Vellore · TN23,Tamil Nadu,South,2022-07,73,71.0,225,35.72,19.6,4.1,3.2,90.7,1.0,17,49,12,16,17,6,2,15,12
MS-TN-009,Vellore · TN23,Tamil Nadu,South,2022-08,65,67.0,199,35.72,23.6,3.3,2.8,89.2,0.0,25,49,9,15,16,4,1,5,7
MS-TN-009,Vellore · TN23,Tamil Nadu,South,2022-09,90,69.0,234,35.72,19.2,2.3,6.6,88.1,0.0,24,43,28,13,11,3,0,8,5
MS-TN-009,Vellore · TN23,Tamil Nadu,South,2022-10,76,82.0,237,35.72,24.6,2.5,8.5,88.2,0.0,28,61,20,11,11,2,2,7,13
MS-TN-009,Vellore · TN23,Tamil Nadu,South,2022-11,90,78.0,246,35.72,18.6,3.7,11.4,89.1,0.0,20,45,29,17,11,6,3,11,9
MS-TN-009,Vellore · TN23,Tamil Nadu,South,2022-12,95,57.0,255,35.72,5.5,1.9,8.4,90.2,1.0,40,41,33,17,8,3,2,8,5
MS-TN-009,Vellore · TN23,Tamil Nadu,South,2023-01,140,120.0,319,35.72,7.6,3.0,9.0,90.0,0.0,34,53,25,16,6,5,5,16,12
MS-TN-009,Vellore · TN23,Tamil Nadu,South,2023-02,66,75.0,210,35.72,12.4,4.7,5.1,89.5,0.0,25,41,27,13,9,2,3,7,13
MS-TN-009,Vellore · TN23,Tamil Nadu,South,2023-03,80,93.0,247,35.72,20.7,3.4,6.9,87.4,1.0,36,44,22,18,18,5,6,11,4
MS-TN-009,Vellore · TN23,Tamil Nadu,South,2023-04,83,82.0,203,35.72,28.4,1.8,5.4,87.3,0.0,27,29,17,10,8,4,1,15,4
MS-TN-009,Vellore · TN23,Tamil Nadu,South,2023-05,89,96.0,236,35.72,30.7,4.9,9.1,85.4,0.0,23,48,26,17,11,2,4,8,3
MS-TN-009,Vellore · TN23,Tamil Nadu,South,2023-06,96,89.0,289,35.72,24.6,3.9,6.1,85.5,0.0,42,46,30,22,14,6,3,11,8
MS-TN-009,Vellore · TN23,Tamil Nadu,South,2023-07,83,87.0,251,35.72,27.1,3.8,8.5,87.1,1.0,32,43,21,25,14,2,7,8,9
MS-TN-009,Vellore · TN23,Tamil Nadu,South,2023-08,110,82.0,301,35.72,17.0,1.9,6.7,86.8,1.0,36,42,37,22,19,4,3,12,11
MS-TN-009,Vellore · TN23,Tamil Nadu,South,2023-09,92,84.0,236,35.72,15.0,2.0,5.1,87.4,1.0,32,30,20,13,19,5,0,15,5
MS-TN-009,Vellore · TN23,Tamil Nadu,South,2023-10,99,100.0,286,35.72,17.1,4.2,6.3,88.9,0.0,51,27,20,20,32,5,5,17,5
MS-TN-009,Vellore · TN23,Tamil Nadu,South,2023-11,76,95.0,232,35.72,29.6,4.0,5.9,89.7,0.0,35,39,28,14,14,5,1,4,12
MS-TN-009,Vellore · TN23,Tamil Nadu,South,2023-12,97,70.0,258,35.72,17.6,7.7,2.4,89.8,0.0,32,46,20,20,17,9,2,7,6
MS-TN-009,Vellore · TN23,Tamil Nadu,South,2024-01,155,147.0,337,35.72,21.7,2.7,2.6,87.9,0.0,33,41,36,15,22,12,2,11,6
MS-TN-009,Vellore · TN23,Tamil Nadu,South,2024-02,79,92.0,237,35.72,28.0,4.9,2.3,87.3,0.0,37,48,13,14,15,10,2,6,8
MS-TN-009,Vellore · TN23,Tamil Nadu,South,2024-03,97,114.0,266,35.72,33.5,2.2,5.8,88.8,0.0,33,44,19,26,20,2,5,8,5
MS-TN-009,Vellore · TN23,Tamil Nadu,South,2024-04,163,88.0,333,35.72,10.1,4.5,6.0,87.8,0.0,27,36,23,21,32,8,4,9,6
MS-TN-009,Vellore · TN23,Tamil Nadu,South,2024-05,106,103.0,274,35.72,12.8,3.8,7.0,88.1,0.0,31,34,18,27,26,4,6,6,10
MS-TN-015,Salem (West) · TN30,Tamil Nadu,South,2021-06,3,,28,36.74,,,,,,2,11,4,1,2,0,0,2,2
MS-TN-015,Salem (West) · TN30,Tamil Nadu,South,2021-07,113,,265,36.74,,,,,,33,21,21,31,9,6,8,8,7
MS-TN-015,Salem (West) · TN30,Tamil Nadu,South,2021-08,93,,279,36.74,,,,,,39,39,31,16,11,8,11,12,9
MS-TN-015,Salem (West) · TN30,Tamil Nadu,South,2021-09,83,,239,36.74,,,,,,34,32,16,18,12,13,6,10,12
MS-TN-015,Salem (West) · TN30,Tamil Nadu,South,2021-10,55,,181,36.74,,,,,,27,20,14,13,12,13,4,13,4
MS-TN-015,Salem (West) · TN30,Tamil Nadu,South,2021-11,50,,205,36.74,,,,,,44,30,15,11,8,11,8,14,10
MS-TN-015,Salem (West) · TN30,Tamil Nadu,South,2021-12,60,,197,36.74,,,,,,33,35,14,7,11,7,1,14,12
MS-TN-015,Salem (West) · TN30,Tamil Nadu,South,2022-01,97,,286,36.74,,,,,,45,58,22,7,15,13,2,12,11
MS-TN-015,Salem (West) · TN30,Tamil Nadu,South,2022-02,79,,264,36.74,,,,,,23,78,23,16,8,9,9,11,6
MS-TN-015,Salem (West) · TN30,Tamil Nadu,South,2022-03,104,,303,36.74,,,,,,33,43,38,26,15,7,5,18,9
MS-TN-015,Salem (West) · TN30,Tamil Nadu,South,2022-04,72,68.0,253,36.74,24.9,2.3,0.8,82.6,2.0,30,43,23,18,15,10,9,25,7
MS-TN-015,Salem (West) · TN30,Tamil Nadu,South,2022-05,106,79.0,256,36.74,10.1,0.9,0.0,81.2,0.0,30,23,22,12,14,11,6,19,9
MS-TN-015,Salem (West) · TN30,Tamil Nadu,South,2022-06,102,74.0,273,36.74,5.7,2.0,0.0,80.4,1.0,21,39,17,22,16,16,11,14,11
MS-TN-015,Salem (West) · TN30,Tamil Nadu,South,2022-07,66,72.0,246,36.74,12.4,3.2,0.3,80.9,2.0,34,41,24,16,19,12,10,10,10
MS-TN-015,Salem (West) · TN30,Tamil Nadu,South,2022-08,72,68.0,255,36.74,15.6,3.2,1.9,80.1,2.0,29,40,22,29,10,12,7,16,13
MS-TN-015,Salem (West) · TN30,Tamil Nadu,South,2022-09,93,69.0,293,36.74,10.9,2.0,1.7,80.7,1.0,36,62,21,19,15,11,10,16,5
MS-TN-015,Salem (West) · TN30,Tamil Nadu,South,2022-10,86,83.0,281,36.74,11.4,5.0,2.4,79.2,1.0,27,65,27,15,18,9,5,18,6
MS-TN-015,Salem (West) · TN30,Tamil Nadu,South,2022-11,83,79.0,269,36.74,15.3,4.4,4.5,80.2,1.0,44,44,29,17,15,9,1,14,9
MS-TN-015,Salem (West) · TN30,Tamil Nadu,South,2022-12,63,58.0,197,36.74,14.0,3.4,1.0,78.0,0.0,26,25,22,19,14,8,2,9,5
MS-TN-015,Salem (West) · TN30,Tamil Nadu,South,2023-01,102,122.0,259,36.74,30.5,0.8,0.0,77.9,0.0,37,24,22,26,10,9,1,13,9
MS-TN-015,Salem (West) · TN30,Tamil Nadu,South,2023-02,61,76.0,201,36.74,35.6,5.0,3.3,78.6,0.0,33,24,17,24,15,6,4,10,4
MS-TN-015,Salem (West) · TN30,Tamil Nadu,South,2023-03,93,94.0,294,36.74,31.4,5.5,6.9,79.8,1.0,45,38,37,14,18,8,12,20,5
MS-TN-015,Salem (West) · TN30,Tamil Nadu,South,2023-04,80,81.0,252,36.74,30.4,4.8,8.9,80.2,0.0,40,48,26,13,11,6,9,10,5
MS-TN-015,Salem (West) · TN30,Tamil Nadu,South,2023-05,80,94.0,259,36.74,31.0,2.6,8.3,78.9,1.0,34,34,27,30,18,9,6,8,5
MS-TN-015,Salem (West) · TN30,Tamil Nadu,South,2023-06,86,88.0,314,36.74,31.8,1.6,4.4,78.8,0.0,42,43,46,28,30,4,9,11,8
MS-TN-015,Salem (West) · TN30,Tamil Nadu,South,2023-07,79,86.0,233,36.74,33.5,3.1,7.2,79.6,1.0,33,40,20,13,17,7,5,11,8
MS-TN-015,Salem (West) · TN30,Tamil Nadu,South,2023-08,106,80.0,329,36.74,20.2,4.3,5.1,81.0,0.0,58,50,36,24,13,5,7,18,9
MS-TN-015,Salem (West) · TN30,Tamil Nadu,South,2023-09,103,82.0,281,36.74,17.8,4.4,3.6,81.6,3.0,45,34,20,24,18,6,3,16,6
MS-TN-015,Salem (West) · TN30,Tamil Nadu,South,2023-10,94,99.0,354,36.74,23.8,3.8,1.7,81.3,1.0,60,55,35,28,28,9,12,15,9
MS-TN-015,Salem (West) · TN30,Tamil Nadu,South,2023-11,75,93.0,255,36.74,32.7,5.2,1.4,82.1,0.0,37,32,30,29,23,8,2,11,7
MS-TN-015,Salem (West) · TN30,Tamil Nadu,South,2023-12,79,69.0,213,36.74,31.3,2.7,3.6,81.6,0.0,31,35,23,14,8,6,1,7,5
MS-TN-015,Salem (West) · TN30,Tamil Nadu,South,2024-01,125,144.0,329,36.74,37.4,3.1,4.3,80.6,2.0,47,45,32,21,22,8,3,15,7
MS-TN-015,Salem (West) · TN30,Tamil Nadu,South,2024-02,84,90.0,271,36.74,39.3,4.1,2.9,82.5,2.0,41,41,17,31,24,9,6,8,9
MS-TN-015,Salem (West) · TN30,Tamil Nadu,South,2024-03,94,112.0,267,36.74,40.9,5.2,8.4,83.1,1.0,32,41,16,12,37,15,5,8,5
MS-TN-015,Salem (West) · TN30,Tamil Nadu,South,2024-04,95,83.0,279,36.74,35.4,1.6,7.0,82.2,0.0,46,39,29,17,17,5,5,12,8
MS-TN-015,Salem (West) · TN30,Tamil Nadu,South,2024-05,89,96.0,239,36.74,36.8,4.2,8.5,81.5,0.0,41,38,11,21,11,6,5,6,9
MS-TN-021,Coimbatore (South) · TN37,Tamil Nadu,South,2021-06,12,,32,34.5,,,,,,4,8,0,2,0,3,0,1,1
MS-TN-021,Coimbatore (South) · TN37,Tamil Nadu,South,2021-07,162,,516,34.5,,,,,,84,76,32,46,28,19,5,28,15
MS-TN-021,Coimbatore (South) · TN37,Tamil Nadu,South,2021-08,171,,514,34.5,,,,,,91,70,40,31,17,23,10,30,13
MS-TN-021,Coimbatore (South) · TN37,Tamil Nadu,South,2021-09,137,,407,34.5,,,,,,69,48,27,14,21,27,6,28,8
MS-TN-021,Coimbatore (South) · TN37,Tamil Nadu,South,2021-10,105,,354,34.5,,,,,,58,41,23,25,24,23,3,25,12
MS-TN-021,Coimbatore (South) · TN37,Tamil Nadu,South,2021-11,111,,394,34.5,,,,,,67,48,43,26,17,19,8,21,18
MS-TN-021,Coimbatore (South) · TN37,Tamil Nadu,South,2021-12,119,,399,34.5,,,,,,64,74,26,10,24,27,2,31,8
MS-TN-021,Coimbatore (South) · TN37,Tamil Nadu,South,2022-01,173,,502,34.5,,,,,,81,66,45,13,18,29,7,41,14
MS-TN-021,Coimbatore (South) · TN37,Tamil Nadu,South,2022-02,116,,388,34.5,,,,,,58,56,33,17,12,28,11,28,13
MS-TN-021,Coimbatore (South) · TN37,Tamil Nadu,South,2022-03,190,,560,34.5,,,,,,74,70,53,39,29,19,7,41,21
MS-TN-021,Coimbatore (South) · TN37,Tamil Nadu,South,2022-04,140,119.0,476,34.5,40.2,6.1,5.3,84.2,2.0,77,70,44,42,20,17,5,33,18
MS-TN-021,Coimbatore (South) · TN37,Tamil Nadu,South,2022-05,161,138.0,477,34.5,31.2,3.7,5.9,85.2,1.0,70,63,37,34,19,22,9,31,18
MS-TN-021,Coimbatore (South) · TN37,Tamil Nadu,South,2022-06,175,129.0,537,34.5,19.6,2.6,3.7,85.2,3.0,74,74,38,30,32,19,6,55,16
MS-TN-021,Coimbatore (South) · TN37,Tamil Nadu,South,2022-07,119,126.0,450,34.5,24.4,4.1,7.1,85.6,0.0,65,56,58,39,19,19,6,43,6
MS-TN-021,Coimbatore (South) · TN37,Tamil Nadu,South,2022-08,153,118.0,483,34.5,16.3,2.2,5.4,83.8,1.0,59,67,53,30,25,27,7,32,12
MS-TN-021,Coimbatore (South) · TN37,Tamil Nadu,South,2022-09,160,121.0,553,34.5,10.5,2.1,5.0,84.5,2.0,73,92,58,38,33,22,9,30,12
MS-TN-021,Coimbatore (South) · TN37,Tamil Nadu,South,2022-10,156,146.0,476,34.5,12.8,3.3,4.1,84.3,1.0,61,66,51,31,25,21,8,33,11
MS-TN-021,Coimbatore (South) · TN37,Tamil Nadu,South,2022-11,171,137.0,499,34.5,8.8,4.4,6.9,84.4,1.0,50,81,56,40,26,30,3,22,8
MS-TN-021,Coimbatore (South) · TN37,Tamil Nadu,South,2022-12,158,101.0,498,34.5,2.1,1.3,5.2,84.1,0.0,59,73,57,27,14,37,8,40,12
MS-TN-021,Coimbatore (South) · TN37,Tamil Nadu,South,2023-01,227,212.0,582,34.5,9.5,4.0,1.7,84.8,1.0,59,95,65,26,18,32,7,32,11
MS-TN-021,Coimbatore (South) · TN37,Tamil Nadu,South,2023-02,129,133.0,480,34.5,14.3,1.7,0.8,87.3,1.0,54,93,54,36,34,21,9,27,8
MS-TN-021,Coimbatore (South) · TN37,Tamil Nadu,South,2023-03,135,165.0,475,34.5,25.3,1.7,2.5,85.7,2.0,83,67,55,40,14,17,9,29,8
MS-TN-021,Coimbatore (South) · TN37,Tamil Nadu,South,2023-04,149,153.0,454,34.5,31.7,6.8,1.8,86.6,0.0,74,66,44,37,18,21,10,21,4
MS-TN-021,Coimbatore (South) · TN37,Tamil Nadu,South,2023-05,147,177.0,458,34.5,37.3,5.9,3.9,85.6,1.0,70,72,60,25,20,16,7,27,5
MS-TN-021,Coimbatore (South) · TN37,Tamil Nadu,South,2023-06,149,166.0,510,34.5,36.4,4.9,5.4,85.0,0.0,86,74,52,29,30,22,9,31,9
MS-TN-021,Coimbatore (South) · TN37,Tamil Nadu,South,2023-07,145,162.0,457,34.5,37.7,3.6,8.1,85.0,1.0,60,78,48,29,23,20,8,21,11
MS-TN-021,Coimbatore (South) · TN37,Tamil Nadu,South,2023-08,214,151.0,564,34.5,18.9,4.9,2.7,84.7,3.0,65,73,59,27,30,22,11,38,8
MS-TN-021,Coimbatore (South) · TN37,Tamil Nadu,South,2023-09,184,155.0,574,34.5,14.4,5.8,3.0,83.5,1.0,83,67,58,50,39,19,12,34,16
MS-TN-021,Coimbatore (South) · TN37,Tamil Nadu,South,2023-10,214,186.0,620,34.5,12.4,0.6,5.4,84.7,1.0,83,67,68,35,55,26,12,32,8
MS-TN-021,Coimbatore (South) · TN37,Tamil Nadu,South,2023-11,165,176.0,479,34.5,18.1,1.9,4.0,85.3,3.0,61,71,56,15,43,21,4,20,5
MS-TN-021,Coimbatore (South) · TN37,Tamil Nadu,South,2023-12,167,130.0,473,34.5,9.8,1.4,3.3,84.5,1.0,51,91,45,12,33,22,4,23,9
MS-TN-021,Coimbatore (South) · TN37,Tamil Nadu,South,2024-01,282,272.0,677,34.5,13.6,3.3,2.6,86.2,3.0,82,88,64,25,36,25,10,34,6
MS-TN-021,Coimbatore (South) · TN37,Tamil Nadu,South,2024-02,169,171.0,467,34.5,18.2,3.0,1.1,87.0,2.0,57,75,48,20,38,16,6,18,6
MS-TN-021,Coimbatore (South) · TN37,Tamil Nadu,South,2024-03,169,211.0,457,34.5,30.8,4.1,6.5,85.2,3.0,60,68,42,22,28,20,3,19,8
MS-TN-021,Coimbatore (South) · TN37,Tamil Nadu,South,2024-04,186,165.0,511,34.5,29.6,3.2,2.8,82.3,0.0,76,74,48,17,47,12,4,23,11
MS-TN-021,Coimbatore (South) · TN37,Tamil Nadu,South,2024-05,171,191.0,489,34.5,34.3,5.2,5.6,85.2,1.0,69,83,31,25,38,23,6,22,4
MS-TN-027,Ooty · TN43,Tamil Nadu,South,2021-06,13,,22,34.95,,,,,,2,5,1,0,0,0,0,0,1
MS-TN-027,Ooty · TN43,Tamil Nadu,South,2021-07,101,,286,34.95,,,,,,41,28,74,9,6,2,1,9,6
MS-TN-027,Ooty · TN43,Tamil Nadu,South,2021-08,144,,270,34.95,,,,,,32,16,44,9,3,4,1,2,6
MS-TN-027,Ooty · TN43,Tamil Nadu,South,2021-09,143,,252,34.95,,,,,,25,18,38,5,2,3,1,3,6
MS-TN-027,Ooty · TN43,Tamil Nadu,South,2021-10,95,,196,34.95,,,,,,28,23,16,5,5,2,2,6,6
MS-TN-027,Ooty · TN43,Tamil Nadu,South,2021-11,83,,172,34.95,,,,,,22,18,22,4,5,5,0,5,7
MS-TN-027,Ooty · TN43,Tamil Nadu,South,2021-12,85,,176,34.95,,,,,,22,12,26,5,6,3,0,4,5
MS-TN-027,Ooty · TN43,Tamil Nadu,South,2022-01,130,,258,34.95,,,,,,35,22,33,4,7,5,2,11,6
MS-TN-027,Ooty · TN43,Tamil Nadu,South,2022-02,107,,216,34.95,,,,,,29,30,20,4,0,7,0,5,9
MS-TN-027,Ooty · TN43,Tamil Nadu,South,2022-03,92,,197,34.95,,,,,,35,23,19,4,4,3,2,9,4
MS-TN-027,Ooty · TN43,Tamil Nadu,South,2022-04,86,95.0,210,34.95,39.2,4.3,10.6,84.8,0.0,36,29,36,3,5,5,0,7,2
MS-TN-027,Ooty · TN43,Tamil Nadu,South,2022-05,78,110.0,204,34.95,53.9,23.2,13.8,83.9,1.0,41,25,26,8,8,3,1,6,1
MS-TN-027,Ooty · TN43,Tamil Nadu,South,2022-06,102,103.0,216,34.95,44.4,11.8,10.8,83.6,0.0,23,24,43,5,4,3,2,7,2
MS-TN-027,Ooty · TN43,Tamil Nadu,South,2022-07,89,100.0,214,34.95,41.7,5.5,10.8,84.9,1.0,31,20,45,1,8,5,1,9,3
MS-TN-027,Ooty · TN43,Tamil Nadu,South,2022-08,93,94.0,208,34.95,34.8,1.8,9.5,83.5,0.0,16,22,39,12,8,4,0,5,4
MS-TN-027,Ooty · TN43,Tamil Nadu,South,2022-09,98,96.0,235,34.95,33.9,2.2,8.5,83.1,1.0,29,28,50,6,4,3,1,6,5
MS-TN-027,Ooty · TN43,Tamil Nadu,South,2022-10,98,115.0,201,34.95,41.3,8.5,13.9,82.2,1.0,28,14,35,4,5,4,1,8,2
MS-TN-027,Ooty · TN43,Tamil Nadu,South,2022-11,131,109.0,248,34.95,26.8,7.1,9.6,84.6,2.0,33,23,35,3,7,4,1,6,4
MS-TN-027,Ooty · TN43,Tamil Nadu,South,2022-12,94,80.0,208,34.95,21.8,3.6,11.8,82.1,1.0,28,19,38,7,1,8,1,7,3
MS-TN-027,Ooty · TN43,Tamil Nadu,South,2023-01,151,169.0,255,34.95,28.8,1.5,11.1,82.5,1.0,24,18,34,6,4,5,1,6,3
MS-TN-027,Ooty · TN43,Tamil Nadu,South,2023-02,133,106.0,268,34.95,20.2,2.1,9.2,83.2,0.0,31,23,49,7,3,6,0,11,0
MS-TN-027,Ooty · TN43,Tamil Nadu,South,2023-03,105,131.0,233,34.95,29.6,3.5,11.1,85.1,0.0,46,17,32,10,6,3,0,7,4
MS-TN-027,Ooty · TN43,Tamil Nadu,South,2023-04,105,102.0,213,34.95,31.0,2.5,7.7,83.7,1.0,23,19,42,6,2,5,0,6,3
MS-TN-027,Ooty · TN43,Tamil Nadu,South,2023-05,81,118.0,198,34.95,51.2,18.6,13.6,81.4,0.0,35,32,28,4,1,3,1,6,4
MS-TN-027,Ooty · TN43,Tamil Nadu,South,2023-06,104,111.0,241,34.95,46.5,13.7,13.0,82.9,0.0,43,21,41,5,13,1,2,6,4
MS-TN-027,Ooty · TN43,Tamil Nadu,South,2023-07,93,108.0,214,34.95,46.4,13.0,11.0,85.1,1.0,37,21,42,5,5,4,0,4,0
MS-TN-027,Ooty · TN43,Tamil Nadu,South,2023-08,85,101.0,193,34.95,44.7,10.1,12.0,84.0,1.0,26,19,40,2,8,0,0,5,2
MS-TN-027,Ooty · TN43,Tamil Nadu,South,2023-09,118,104.0,254,34.95,31.2,1.3,10.8,84.8,0.0,43,18,48,9,1,2,2,8,1
MS-TN-027,Ooty · TN43,Tamil Nadu,South,2023-10,155,125.0,341,34.95,20.1,3.3,7.5,84.3,0.0,55,14,76,7,15,3,3,6,3
MS-TN-027,Ooty · TN43,Tamil Nadu,South,2023-11,75,118.0,161,34.95,39.1,1.8,7.8,85.4,0.0,24,18,23,4,8,3,1,3,1
MS-TN-027,Ooty · TN43,Tamil Nadu,South,2023-12,86,87.0,183,34.95,36.9,5.2,11.0,84.7,0.0,25,19,29,3,4,3,1,3,6
MS-TN-027,Ooty · TN43,Tamil Nadu,South,2024-01,148,182.0,299,34.95,55.7,22.1,15.3,82.3,1.0,34,32,44,5,17,1,2,9,2
MS-TN-027,Ooty · TN43,Tamil Nadu,South,2024-02,117,114.0,211,34.95,39.9,1.0,6.3,85.2,1.0,24,16,29,1,8,2,1,5,0
MS-TN-027,Ooty · TN43,Tamil Nadu,South,2024-03,86,141.0,216,34.95,53.8,22.3,13.0,82.6,1.0,35,41,28,3,17,3,0,1,0
MS-TN-027,Ooty · TN43,Tamil Nadu,South,2024-04,116,96.0,238,34.95,38.8,4.3,6.1,83.1,1.0,32,26,33,3,15,2,1,6,3
MS-TN-027,Ooty · TN43,Tamil Nadu,South,2024-05,90,111.0,224,34.95,44.3,11.0,11.0,83.0,2.0,30,31,36,4,18,2,2,6,2
MS-TN-033,Chennai (North) · TN5,Tamil Nadu,South,2021-06,64,,215,34.5,,,,,,25,31,7,44,4,7,4,3,6
MS-TN-033,Chennai (North) · TN5,Tamil Nadu,South,2021-07,134,,439,34.5,,,,,,89,55,22,32,23,12,8,9,25
MS-TN-033,Chennai (North) · TN5,Tamil Nadu,South,2021-08,158,,425,34.5,,,,,,74,53,21,17,12,18,6,12,31
MS-TN-033,Chennai (North) · TN5,Tamil Nadu,South,2021-09,115,,375,34.5,,,,,,55,71,21,23,12,19,5,10,30
MS-TN-033,Chennai (North) · TN5,Tamil Nadu,South,2021-10,76,,350,34.5,,,,,,55,84,16,22,16,21,1,14,26
MS-TN-033,Chennai (North) · TN5,Tamil Nadu,South,2021-11,60,,272,34.5,,,,,,48,56,21,19,12,16,5,2,20
MS-TN-033,Chennai (North) · TN5,Tamil Nadu,South,2021-12,120,,392,34.5,,,,,,76,74,15,23,18,9,4,8,23
MS-TN-033,Chennai (North) · TN5,Tamil Nadu,South,2022-01,175,,480,34.5,,,,,,66,94,36,17,15,13,3,15,32
MS-TN-033,Chennai (North) · TN5,Tamil Nadu,South,2022-02,111,,400,34.5,,,,,,62,100,29,28,9,14,9,7,14
MS-TN-033,Chennai (North) · TN5,Tamil Nadu,South,2022-03,133,,470,34.5,,,,,,78,102,30,37,25,9,7,13,20
MS-TN-033,Chennai (North) · TN5,Tamil Nadu,South,2022-04,116,108.0,451,34.5,24.7,5.3,6.7,93.9,0.0,73,106,34,28,16,13,6,20,30
MS-TN-033,Chennai (North) · TN5,Tamil Nadu,South,2022-05,124,126.0,402,34.5,28.1,0.7,7.0,93.4,0.0,58,78,20,42,19,15,4,15,16
MS-TN-033,Chennai (North) · TN5,Tamil Nadu,South,2022-06,168,117.0,429,34.5,16.2,4.7,5.5,92.9,0.0,59,71,29,28,17,13,10,11,18
MS-TN-033,Chennai (North) · TN5,Tamil Nadu,South,2022-07,127,115.0,441,34.5,16.5,4.1,6.1,93.5,0.0,69,65,38,40,34,14,8,13,22
MS-TN-033,Chennai (North) · TN5,Tamil Nadu,South,2022-08,148,107.0,483,34.5,8.7,2.6,4.7,93.3,0.0,79,97,40,43,18,12,7,9,13
MS-TN-033,Chennai (North) · TN5,Tamil Nadu,South,2022-09,125,110.0,457,34.5,12.3,2.0,6.4,95.7,0.0,70,98,30,51,13,14,11,13,15
MS-TN-033,Chennai (North) · TN5,Tamil Nadu,South,2022-10,105,132.0,401,34.5,23.6,3.7,3.7,92.7,0.0,75,88,38,37,11,17,3,7,12
MS-TN-033,Chennai (North) · TN5,Tamil Nadu,South,2022-11,121,125.0,407,34.5,29.9,2.0,6.3,93.2,1.0,68,66,40,27,21,11,7,14,14
MS-TN-033,Chennai (North) · TN5,Tamil Nadu,South,2022-12,142,92.0,436,34.5,11.0,3.1,4.5,94.2,1.0,78,68,38,36,8,17,6,13,14
MS-TN-033,Chennai (North) · TN5,Tamil Nadu,South,2023-01,199,193.0,529,34.5,16.0,1.2,5.2,95.8,2.0,54,91,40,50,18,12,5,23,23
MS-TN-033,Chennai (North) · TN5,Tamil Nadu,South,2023-02,119,121.0,459,34.5,17.5,6.2,4.7,95.5,0.0,76,94,41,52,18,17,9,10,8
MS-TN-033,Chennai (North) · TN5,Tamil Nadu,South,2023-03,143,149.0,485,34.5,23.7,1.7,2.8,91.4,0.0,91,87,39,35,21,9,10,14,14
MS-TN-033,Chennai (North) · TN5,Tamil Nadu,South,2023-04,115,133.0,455,34.5,35.3,1.6,2.6,92.7,1.0,65,119,45,34,15,10,9,16,11
MS-TN-033,Chennai (North) · TN5,Tamil Nadu,South,2023-05,141,154.0,496,34.5,38.0,3.7,5.9,92.2,1.0,94,100,49,40,20,12,7,11,7
MS-TN-033,Chennai (North) · TN5,Tamil Nadu,South,2023-06,194,144.0,514,34.5,25.1,2.9,7.1,91.5,0.0,64,100,38,35,25,15,5,15,9
MS-TN-033,Chennai (North) · TN5,Tamil Nadu,South,2023-07,156,141.0,448,34.5,22.6,4.0,6.2,92.9,1.0,72,65,31,45,24,13,10,12,9
MS-TN-033,Chennai (North) · TN5,Tamil Nadu,South,2023-08,190,132.0,543,34.5,9.2,2.1,6.4,90.8,0.0,82,99,36,37,34,10,8,15,15
MS-TN-033,Chennai (North) · TN5,Tamil Nadu,South,2023-09,196,135.0,553,34.5,3.8,0.4,2.5,93.2,1.0,82,99,46,43,32,16,8,10,10
MS-TN-033,Chennai (North) · TN5,Tamil Nadu,South,2023-10,197,162.0,590,34.5,7.6,1.3,4.3,94.2,0.0,88,106,50,45,25,11,8,17,23
MS-TN-033,Chennai (North) · TN5,Tamil Nadu,South,2023-11,133,153.0,398,34.5,19.6,1.7,7.6,93.3,1.0,60,62,38,33,22,18,4,10,7
MS-TN-033,Chennai (North) · TN5,Tamil Nadu,South,2023-12,118,113.0,402,34.5,21.5,3.8,4.5,92.7,2.0,71,67,41,46,19,7,5,10,9
MS-TN-033,Chennai (North) · TN5,Tamil Nadu,South,2024-01,229,237.0,601,34.5,32.6,3.8,6.4,93.2,0.0,75,84,71,41,21,14,16,20,15
MS-TN-033,Chennai (North) · TN5,Tamil Nadu,South,2024-02,149,148.0,525,34.5,29.2,1.0,7.0,92.9,0.0,83,80,55,51,28,11,8,15,23
MS-TN-033,Chennai (North) · TN5,Tamil Nadu,South,2024-03,148,183.0,490,34.5,33.5,1.5,7.7,94.4,1.0,69,96,41,57,27,11,5,12,14
MS-TN-033,Chennai (North) · TN5,Tamil Nadu,South,2024-04,169,150.0,543,34.5,30.4,4.2,2.4,91.2,0.0,89,99,38,56,25,13,11,11,16
MS-TN-033,Chennai (North) · TN5,Tamil Nadu,South,2024-05,144,174.0,446,34.5,38.3,3.9,5.0,92.8,1.0,74,86,26,52,22,10,8,4,10
MS-TN-039,Tambaram · TN513,Tamil Nadu,South,2021-06,87,,385,35.48,,,,,,62,78,10,51,12,20,7,10,20
MS-TN-039,Tambaram · TN513,Tamil Nadu,South,2021-07,236,,696,35.48,,,,,,135,94,30,45,30,24,10,13,41
MS-TN-039,Tambaram · TN513,Tamil Nadu,South,2021-08,269,,813,35.48,,,,,,159,142,38,32,22,35,2,25,57
MS-TN-039,Tambaram · TN513,Tamil Nadu,South,2021-09,235,,705,35.48,,,,,,95,143,28,30,26,48,12,17,41
MS-TN-039,Tambaram · TN513,Tamil Nadu,South,2021-10,129,,584,35.48,,,,,,104,134,29,35,30,29,8,25,41
MS-TN-039,Tambaram · TN513,Tamil Nadu,South,2021-11,139,,554,35.48,,,,,,109,115,29,22,19,34,10,18,31
MS-TN-039,Tambaram · TN513,Tamil Nadu,South,2021-12,224,,733,35.48,,,,,,134,139,24,29,41,44,13,19,47
MS-TN-039,Tambaram · TN513,Tamil Nadu,South,2022-01,270,,721,35.48,,,,,,122,135,47,18,26,28,7,20,33
MS-TN-039,Tambaram · TN513,Tamil Nadu,South,2022-02,217,,697,35.48,,,,,,138,132,47,38,15,31,6,24,31
MS-TN-039,Tambaram · TN513,Tamil Nadu,South,2022-03,210,,860,35.48,,,,,,159,180,87,59,36,33,11,23,35
MS-TN-039,Tambaram · TN513,Tamil Nadu,South,2022-04,186,191.0,641,35.48,35.8,1.4,5.9,83.9,2.0,124,128,35,57,18,23,9,25,22
MS-TN-039,Tambaram · TN513,Tamil Nadu,South,2022-05,255,222.0,803,35.48,25.5,4.0,3.6,84.1,1.0,99,176,29,47,33,42,18,38,43
MS-TN-039,Tambaram · TN513,Tamil Nadu,South,2022-06,260,207.0,848,35.48,16.5,2.0,3.2,83.7,3.0,114,195,47,65,30,35,8,33,46
MS-TN-039,Tambaram · TN513,Tamil Nadu,South,2022-07,225,202.0,750,35.48,14.5,3.6,0.6,81.5,4.0,128,134,57,52,43,17,6,28,34
MS-TN-039,Tambaram · TN513,Tamil Nadu,South,2022-08,278,189.0,898,35.48,4.5,2.5,6.1,83.0,7.0,114,218,56,51,48,30,14,33,31
MS-TN-039,Tambaram · TN513,Tamil Nadu,South,2022-09,261,194.0,891,35.48,0.0,3.9,7.8,84.3,3.0,133,172,66,63,43,39,15,34,43
MS-TN-039,Tambaram · TN513,Tamil Nadu,South,2022-10,218,233.0,776,35.48,8.1,0.0,4.9,86.8,0.0,129,160,55,59,35,39,11,22,36
MS-TN-039,Tambaram · TN513,Tamil Nadu,South,2022-11,237,220.0,779,35.48,9.5,3.7,6.2,85.0,2.0,132,131,56,91,18,28,11,22,33
MS-TN-039,Tambaram · TN513,Tamil Nadu,South,2022-12,258,162.0,908,35.48,1.7,5.3,4.1,82.2,4.0,170,164,75,75,24,32,14,28,49
MS-TN-039,Tambaram · TN513,Tamil Nadu,South,2023-01,329,340.0,938,35.48,10.4,3.9,4.3,83.5,2.0,119,174,94,58,25,26,7,31,55
MS-TN-039,Tambaram · TN513,Tamil Nadu,South,2023-02,219,213.0,740,35.48,12.6,4.5,3.4,82.3,3.0,95,147,61,63,39,27,8,30,34
MS-TN-039,Tambaram · TN513,Tamil Nadu,South,2023-03,256,264.0,895,35.48,16.8,2.8,3.4,83.2,2.0,148,178,62,73,38,31,24,30,30
MS-TN-039,Tambaram · TN513,Tamil Nadu,South,2023-04,228,242.0,790,35.48,23.5,5.4,5.7,83.7,4.0,135,139,74,74,30,22,9,20,30
MS-TN-039,Tambaram · TN513,Tamil Nadu,South,2023-05,258,281.0,824,35.48,28.2,2.0,6.7,84.8,1.0,149,123,72,63,37,20,17,25,26
MS-TN-039,Tambaram · TN513,Tamil Nadu,South,2023-06,317,262.0,911,35.48,20.0,0.3,3.9,84.3,2.0,124,164,75,79,42,26,15,23,26
MS-TN-039,Tambaram · TN513,Tamil Nadu,South,2023-07,259,256.0,874,35.48,22.5,6.3,7.5,83.8,0.0,102,174,116,75,39,22,13,24,24
MS-TN-039,Tambaram · TN513,Tamil Nadu,South,2023-08,344,240.0,916,35.48,9.2,0.8,8.3,82.4,4.0,124,141,90,59,45,30,10,24,24
MS-TN-039,Tambaram · TN513,Tamil Nadu,South,2023-09,311,245.0,903,35.48,5.8,3.8,6.1,84.3,2.0,116,147,73,83,41,40,15,30,25
MS-TN-039,Tambaram · TN513,Tamil Nadu,South,2023-10,347,295.0,1176,35.48,4.8,2.4,7.1,82.9,0.0,182,244,73,87,67,44,11,47,29
MS-TN-039,Tambaram · TN513,Tamil Nadu,South,2023-11,243,279.0,741,35.48,17.5,2.8,6.1,81.2,3.0,124,163,55,41,30,28,7,11,18
MS-TN-039,Tambaram · TN513,Tamil Nadu,South,2023-12,223,205.0,725,35.48,18.2,3.3,4.7,82.5,1.0,140,127,52,45,30,34,14,19,17
MS-TN-039,Tambaram · TN513,Tamil Nadu,South,2024-01,476,431.0,1191,35.48,15.4,1.8,1.0,80.7,2.0,180,158,114,73,44,48,12,33,23
MS-TN-039,Tambaram · TN513,Tamil Nadu,South,2024-02,316,270.0,951,35.48,11.7,2.0,2.7,82.6,1.0,173,162,61,100,35,25,13,22,28
MS-TN-039,Tambaram · TN513,Tamil Nadu,South,2024-03,306,334.0,918,35.48,16.4,2.1,6.7,84.5,3.0,152,157,79,50,41,38,12,30,34
MS-TN-039,Tambaram · TN513,Tamil Nadu,South,2024-04,311,277.0,938,35.48,14.0,4.2,7.9,87.0,1.0,168,174,62,58,36,32,21,22,23
MS-TN-039,Tambaram · TN513,Tamil Nadu,South,2024-05,325,322.0,914,35.48,17.2,0.8,4.7,87.9,4.0,144,138,64,82,48,36,12,20,28
MS-TN-045,Harur · TN527,Tamil Nadu,South,2021-06,17,,31,38.14,,,,,,6,2,4,1,0,1,0,0,0
MS-TN-045,Harur · TN527,Tamil Nadu,South,2021-07,39,,79,38.14,,,,,,6,8,11,3,6,2,0,1,1
MS-TN-045,Harur · TN527,Tamil Nadu,South,2021-08,37,,74,38.14,,,,,,11,10,7,2,4,2,0,0,1
MS-TN-045,Harur · TN527,Tamil Nadu,South,2021-09,37,,83,38.14,,,,,,8,22,6,0,1,3,1,0,4
MS-TN-045,Harur · TN527,Tamil Nadu,South,2021-10,17,,54,38.14,,,,,,9,13,3,3,2,1,0,1,3
MS-TN-045,Harur · TN527,Tamil Nadu,South,2021-11,26,,55,38.14,,,,,,3,8,9,2,1,0,1,0,4
MS-TN-045,Harur · TN527,Tamil Nadu,South,2021-12,24,,49,38.14,,,,,,8,11,2,1,0,3,0,0,0
MS-TN-045,Harur · TN527,Tamil Nadu,South,2022-01,42,,75,38.14,,,,,,4,13,10,0,2,1,0,3,0
MS-TN-045,Harur · TN527,Tamil Nadu,South,2022-02,26,,74,38.14,,,,,,7,21,11,3,0,0,0,3,2
MS-TN-045,Harur · TN527,Tamil Nadu,South,2022-03,29,,78,38.14,,,,,,18,18,5,2,1,1,0,0,4
MS-TN-045,Harur · TN527,Tamil Nadu,South,2022-04,20,26.0,68,38.14,60.3,28.3,6.9,91.9,0.0,9,20,10,1,3,4,0,0,1
MS-TN-045,Harur · TN527,Tamil Nadu,South,2022-05,33,30.0,70,38.14,40.2,3.3,2.4,94.0,0.0,9,13,3,3,2,2,2,1,2
MS-TN-045,Harur · TN527,Tamil Nadu,South,2022-06,31,28.0,71,38.14,32.7,4.0,2.0,94.3,0.0,5,10,11,6,3,3,1,0,0
MS-TN-045,Harur · TN527,Tamil Nadu,South,2022-07,13,28.0,67,38.14,55.9,25.1,5.6,93.2,0.0,13,20,10,2,4,0,2,0,2
MS-TN-045,Harur · TN527,Tamil Nadu,South,2022-08,33,26.0,77,38.14,40.8,5.2,0.0,96.1,0.0,12,11,10,4,3,1,0,2,1
MS-TN-045,Harur · TN527,Tamil Nadu,South,2022-09,27,27.0,75,38.14,35.8,3.4,0.7,94.8,0.0,5,14,10,4,5,0,3,1,5
MS-TN-045,Harur · TN527,Tamil Nadu,South,2022-10,22,32.0,63,38.14,44.5,10.8,2.4,95.5,0.0,6,13,10,2,4,2,0,1,3
MS-TN-045,Harur · TN527,Tamil Nadu,South,2022-11,19,30.0,77,38.14,64.3,31.5,10.8,96.0,0.0,15,12,11,8,2,1,1,4,4
MS-TN-045,Harur · TN527,Tamil Nadu,South,2022-12,19,22.0,56,38.14,70.2,37.5,13.0,94.5,0.0,12,13,6,2,1,2,0,1,0
MS-TN-045,Harur · TN527,Tamil Nadu,South,2023-01,43,47.0,99,38.14,55.5,22.4,8.0,97.0,1.0,7,18,14,6,4,2,0,2,3
MS-TN-045,Harur · TN527,Tamil Nadu,South,2023-02,29,29.0,74,38.14,45.6,11.5,0.4,98.0,0.0,7,12,10,7,2,2,0,2,2
MS-TN-045,Harur · TN527,Tamil Nadu,South,2023-03,32,36.0,79,38.14,43.1,9.7,0.0,96.1,1.0,9,13,13,4,4,0,1,1,0
MS-TN-045,Harur · TN527,Tamil Nadu,South,2023-04,20,26.0,102,38.14,57.8,26.9,5.0,95.0,0.0,23,32,8,2,6,5,2,1,3
MS-TN-045,Harur · TN527,Tamil Nadu,South,2023-05,23,30.0,60,38.14,58.4,28.6,4.3,95.7,0.0,6,14,9,2,1,0,0,3,2
MS-TN-045,Harur · TN527,Tamil Nadu,South,2023-06,29,28.0,96,38.14,53.7,21.8,1.3,96.3,0.0,9,19,14,9,4,1,1,7,3
MS-TN-045,Harur · TN527,Tamil Nadu,South,2023-07,36,28.0,74,38.14,31.6,3.1,0.0,95.6,0.0,6,9,11,0,4,1,1,1,1
MS-TN-045,Harur · TN527,Tamil Nadu,South,2023-08,35,26.0,90,38.14,16.0,3.7,0.0,95.3,0.0,9,25,11,3,3,0,0,1,2
MS-TN-045,Harur · TN527,Tamil Nadu,South,2023-09,36,26.0,86,38.14,10.1,3.7,0.0,98.0,0.0,8,18,16,1,2,2,1,0,2
MS-TN-045,Harur · TN527,Tamil Nadu,South,2023-10,34,32.0,108,38.14,15.5,2.3,0.0,96.2,1.0,15,20,15,8,2,5,0,2,4
MS-TN-045,Harur · TN527,Tamil Nadu,South,2023-11,36,30.0,89,38.14,10.2,2.9,0.0,96.4,0.0,8,21,14,3,1,1,1,1,1
MS-TN-045,Harur · TN527,Tamil Nadu,South,2023-12,30,22.0,70,38.14,7.4,2.3,0.0,91.7,0.0,5,18,11,1,1,0,1,2,1
MS-TN-045,Harur · TN527,Tamil Nadu,South,2024-01,52,46.0,105,38.14,10.3,4.4,0.0,92.2,1.0,5,15,20,3,6,1,0,1,2
MS-TN-045,Harur · TN527,Tamil Nadu,South,2024-02,28,29.0,86,38.14,17.8,5.3,0.0,92.9,0.0,13,16,13,6,4,1,1,1,1
MS-TN-045,Harur · TN527,Tamil Nadu,South,2024-03,31,36.0,79,38.14,23.2,2.9,0.0,95.6,0.0,10,18,10,2,6,0,0,0,2
MS-TN-045,Harur · TN527,Tamil Nadu,South,2024-04,33,30.0,80,38.14,26.2,3.7,0.0,96.3,0.0,6,16,16,2,2,2,0,0,3
MS-TN-045,Harur · TN527,Tamil Nadu,South,2024-05,20,35.0,54,38.14,47.3,13.9,2.0,96.0,0.0,10,7,6,4,5,0,0,1,1
MS-TN-051,Perundurai · TN56,Tamil Nadu,South,2021-06,3,,12,38.61,,,,,,2,3,0,0,0,1,0,1,2
MS-TN-051,Perundurai · TN56,Tamil Nadu,South,2021-07,60,,154,38.61,,,,,,21,17,18,8,7,2,2,8,9
MS-TN-051,Perundurai · TN56,Tamil Nadu,South,2021-08,65,,143,38.61,,,,,,12,14,14,8,9,8,2,5,5
MS-TN-051,Perundurai · TN56,Tamil Nadu,South,2021-09,45,,135,38.61,,,,,,15,18,15,9,8,7,4,5,6
MS-TN-051,Perundurai · TN56,Tamil Nadu,South,2021-10,33,,104,38.61,,,,,,15,23,10,3,7,3,0,6,3
MS-TN-051,Perundurai · TN56,Tamil Nadu,South,2021-11,28,,101,38.61,,,,,,10,24,9,4,10,3,0,5,7
MS-TN-051,Perundurai · TN56,Tamil Nadu,South,2021-12,40,,105,38.61,,,,,,5,23,6,3,10,5,0,7,5
MS-TN-051,Perundurai · TN56,Tamil Nadu,South,2022-01,50,,140,38.61,,,,,,11,24,16,2,10,5,0,11,8
MS-TN-051,Perundurai · TN56,Tamil Nadu,South,2022-02,48,,134,38.61,,,,,,14,25,11,6,3,3,2,11,10
MS-TN-051,Perundurai · TN56,Tamil Nadu,South,2022-03,53,,146,38.61,,,,,,21,22,16,9,5,2,2,10,3
MS-TN-051,Perundurai · TN56,Tamil Nadu,South,2022-04,57,39.0,141,38.61,14.3,2.3,5.0,84.1,0.0,7,27,17,6,9,5,0,6,4
MS-TN-051,Perundurai · TN56,Tamil Nadu,South,2022-05,27,45.0,114,38.61,37.9,4.9,5.5,84.4,0.0,9,20,12,6,12,7,0,16,4
MS-TN-051,Perundurai · TN56,Tamil Nadu,South,2022-06,44,42.0,124,38.61,34.2,3.7,6.1,85.8,0.0,10,17,14,6,12,5,2,9,3
MS-TN-051,Perundurai · TN56,Tamil Nadu,South,2022-07,33,41.0,100,38.61,50.2,17.0,7.7,83.3,0.0,9,18,13,7,6,2,3,6,0
MS-TN-051,Perundurai · TN56,Tamil Nadu,South,2022-08,24,39.0,120,38.61,57.4,27.0,9.4,82.3,0.0,18,28,11,8,9,10,3,4,3
MS-TN-051,Perundurai · TN56,Tamil Nadu,South,2022-09,40,39.0,143,38.61,52.6,23.4,5.3,81.2,0.0,17,27,23,7,17,3,1,4,3
MS-TN-051,Perundurai · TN56,Tamil Nadu,South,2022-10,47,48.0,123,38.61,48.5,17.5,3.1,80.5,0.0,12,24,9,9,5,2,2,6,5
MS-TN-051,Perundurai · TN56,Tamil Nadu,South,2022-11,34,45.0,136,38.61,48.4,16.1,3.5,81.4,1.0,18,24,18,11,11,2,3,11,1
MS-TN-051,Perundurai · TN56,Tamil Nadu,South,2022-12,41,33.0,146,38.61,36.2,2.5,1.5,83.0,2.0,19,28,19,11,7,4,2,11,3
MS-TN-051,Perundurai · TN56,Tamil Nadu,South,2023-01,55,69.0,160,38.61,46.7,15.9,0.8,86.6,0.0,12,34,18,9,13,1,0,7,8
MS-TN-051,Perundurai · TN56,Tamil Nadu,South,2023-02,29,43.0,99,38.61,51.4,18.9,6.1,86.9,0.0,13,16,11,6,7,5,0,8,3
MS-TN-051,Perundurai · TN56,Tamil Nadu,South,2023-03,29,54.0,114,38.61,71.8,35.2,20.6,83.9,0.0,18,20,14,7,10,4,2,4,2
MS-TN-051,Perundurai · TN56,Tamil Nadu,South,2023-04,41,37.0,129,38.61,62.0,28.1,13.0,80.7,0.0,10,20,16,7,7,4,3,10,7
MS-TN-051,Perundurai · TN56,Tamil Nadu,South,2023-05,36,43.0,115,38.61,60.5,29.8,12.9,81.2,1.0,16,15,16,9,11,3,0,4,5
MS-TN-051,Perundurai · TN56,Tamil Nadu,South,2023-06,49,40.0,147,38.61,41.3,5.6,7.2,84.6,0.0,24,20,13,13,11,3,2,6,2
MS-TN-051,Perundurai · TN56,Tamil Nadu,South,2023-07,37,39.0,112,38.61,38.4,1.6,3.1,83.6,0.0,6,30,9,5,10,6,2,4,1
MS-TN-051,Perundurai · TN56,Tamil Nadu,South,2023-08,42,37.0,129,38.61,31.4,1.2,3.8,82.8,0.0,15,28,12,7,7,1,1,9,4
MS-TN-051,Perundurai · TN56,Tamil Nadu,South,2023-09,47,38.0,135,38.61,25.9,4.4,1.4,84.0,0.0,18,22,8,9,11,5,2,5,5
MS-TN-051,Perundurai · TN56,Tamil Nadu,South,2023-10,60,46.0,170,38.61,15.6,1.9,3.1,83.3,0.0,28,29,12,12,13,2,2,7,2
MS-TN-051,Perundurai · TN56,Tamil Nadu,South,2023-11,46,43.0,122,38.61,17.7,1.9,7.2,82.9,1.0,12,18,8,8,18,1,2,4,3
MS-TN-051,Perundurai · TN56,Tamil Nadu,South,2023-12,38,32.0,112,38.61,15.3,1.9,5.7,82.0,0.0,11,35,4,5,5,3,0,6,3
MS-TN-051,Perundurai · TN56,Tamil Nadu,South,2024-01,52,66.0,151,38.61,32.7,1.5,4.8,84.6,2.0,15,25,20,8,18,2,2,4,4
MS-TN-051,Perundurai · TN56,Tamil Nadu,South,2024-02,34,42.0,121,38.61,42.0,3.3,4.8,83.5,1.0,15,21,17,14,7,0,0,4,7
MS-TN-051,Perundurai · TN56,Tamil Nadu,South,2024-03,44,52.0,114,38.61,47.4,16.0,6.4,82.5,0.0,17,20,5,5,6,6,1,3,6
MS-TN-051,Perundurai · TN56,Tamil Nadu,South,2024-04,48,40.0,119,38.61,39.5,1.3,2.0,82.8,1.0,10,21,15,7,6,2,4,3,2
MS-TN-051,Perundurai · TN56,Tamil Nadu,South,2024-05,55,47.0,151,38.61,27.4,6.0,2.8,84.3,0.0,10,31,11,11,14,3,4,4,4
MS-TN-057,Avinashi · TN580,Tamil Nadu,South,2021-06,0,,5,40.26,,,,,,1,0,0,1,2,0,0,0,1
MS-TN-057,Avinashi · TN580,Tamil Nadu,South,2021-07,38,,107,40.26,,,,,,9,17,12,8,9,2,2,6,2
MS-TN-057,Avinashi · TN580,Tamil Nadu,South,2021-08,43,,116,40.26,,,,,,10,18,13,8,8,4,1,2,6
MS-TN-057,Avinashi · TN580,Tamil Nadu,South,2021-09,48,,120,40.26,,,,,,15,13,20,2,3,3,0,3,10
MS-TN-057,Avinashi · TN580,Tamil Nadu,South,2021-10,34,,85,40.26,,,,,,13,13,9,0,4,2,0,2,6
MS-TN-057,Avinashi · TN580,Tamil Nadu,South,2021-11,36,,100,40.26,,,,,,6,25,9,3,5,4,0,5,4
MS-TN-057,Avinashi · TN580,Tamil Nadu,South,2021-12,36,,97,40.26,,,,,,12,17,13,2,5,2,2,2,2
MS-TN-057,Avinashi · TN580,Tamil Nadu,South,2022-01,58,,128,40.26,,,,,,8,22,15,1,9,5,3,2,5
MS-TN-057,Avinashi · TN580,Tamil Nadu,South,2022-02,31,,98,40.26,,,,,,11,15,19,3,5,1,1,4,7
MS-TN-057,Avinashi · TN580,Tamil Nadu,South,2022-03,41,,124,40.26,,,,,,11,22,16,8,5,5,3,7,6
MS-TN-057,Avinashi · TN580,Tamil Nadu,South,2022-04,50,35.0,135,40.26,14.1,1.5,0.7,75.8,1.0,18,19,18,6,10,1,0,7,5
MS-TN-057,Avinashi · TN580,Tamil Nadu,South,2022-05,31,40.0,116,40.26,27.8,5.7,0.0,75.1,1.0,16,28,13,7,8,4,1,3,4
MS-TN-057,Avinashi · TN580,Tamil Nadu,South,2022-06,48,38.0,138,40.26,16.9,4.2,0.0,77.9,0.0,12,32,12,7,10,4,0,11,2
MS-TN-057,Avinashi · TN580,Tamil Nadu,South,2022-07,40,37.0,103,40.26,20.4,2.6,0.0,78.3,0.0,10,19,9,4,8,1,0,6,5
MS-TN-057,Avinashi · TN580,Tamil Nadu,South,2022-08,43,34.0,133,40.26,15.2,5.1,0.0,77.8,0.0,16,24,18,6,11,5,0,5,3
MS-TN-057,Avinashi · TN580,Tamil Nadu,South,2022-09,50,35.0,132,40.26,9.4,2.9,2.3,79.6,0.0,6,25,15,8,11,5,0,5,6
MS-TN-057,Avinashi · TN580,Tamil Nadu,South,2022-10,37,42.0,114,40.26,23.6,3.7,2.3,80.5,0.0,18,20,6,4,13,4,0,7,4
MS-TN-057,Avinashi · TN580,Tamil Nadu,South,2022-11,35,40.0,109,40.26,27.6,2.5,1.1,80.5,0.0,15,29,11,6,8,1,1,2,0
MS-TN-057,Avinashi · TN580,Tamil Nadu,South,2022-12,51,29.0,96,40.26,6.8,4.8,0.0,80.0,0.0,8,15,8,1,4,2,2,2,3
MS-TN-057,Avinashi · TN580,Tamil Nadu,South,2023-01,56,62.0,152,40.26,26.7,3.2,0.5,79.2,0.0,10,26,20,9,7,9,1,4,7
MS-TN-057,Avinashi · TN580,Tamil Nadu,South,2023-02,39,39.0,103,40.26,24.5,5.5,2.3,78.4,0.0,16,25,10,2,3,2,0,4,2
MS-TN-057,Avinashi · TN580,Tamil Nadu,South,2023-03,61,48.0,177,40.26,18.6,5.8,0.0,78.3,0.0,14,28,19,11,21,1,4,11,5
MS-TN-057,Avinashi · TN580,Tamil Nadu,South,2023-04,35,44.0,106,40.26,28.4,3.6,0.0,78.7,0.0,10,17,19,4,9,5,1,2,3
MS-TN-057,Avinashi · TN580,Tamil Nadu,South,2023-05,39,51.0,121,40.26,38.6,4.0,0.0,79.6,1.0,17,22,14,4,8,7,3,2,1
MS-TN-057,Avinashi · TN580,Tamil Nadu,South,2023-06,51,48.0,111,40.26,34.8,4.3,1.1,80.1,3.0,12,13,8,3,8,2,0,6,5
MS-TN-057,Avinashi · TN580,Tamil Nadu,South,2023-07,43,46.0,109,40.26,38.1,3.0,2.7,80.9,0.0,10,18,16,4,9,2,1,3,1
MS-TN-057,Avinashi · TN580,Tamil Nadu,South,2023-08,54,43.0,118,40.26,24.2,4.5,0.0,80.0,1.0,8,19,16,4,8,0,1,6,2
MS-TN-057,Avinashi · TN580,Tamil Nadu,South,2023-09,42,45.0,132,40.26,29.3,6.3,0.0,79.1,1.0,18,32,13,4,7,4,0,7,1
MS-TN-057,Avinashi · TN580,Tamil Nadu,South,2023-10,48,54.0,140,40.26,35.4,1.3,0.0,78.9,0.0,16,20,19,5,12,6,2,6,3
MS-TN-057,Avinashi · TN580,Tamil Nadu,South,2023-11,46,51.0,87,40.26,38.2,2.0,0.0,77.6,1.0,6,10,6,0,8,4,1,1,4
MS-TN-057,Avinashi · TN580,Tamil Nadu,South,2023-12,31,37.0,72,40.26,41.9,8.5,0.9,79.1,0.0,9,7,12,1,3,1,1,3,3
MS-TN-057,Avinashi · TN580,Tamil Nadu,South,2024-01,46,78.0,115,40.26,77.9,39.5,14.0,75.7,0.0,6,24,15,2,9,3,1,3,5
MS-TN-057,Avinashi · TN580,Tamil Nadu,South,2024-02,57,49.0,145,40.26,47.5,13.6,3.1,79.6,0.0,21,17,13,5,14,5,2,3,3
MS-TN-057,Avinashi · TN580,Tamil Nadu,South,2024-03,37,61.0,96,40.26,59.5,28.3,6.2,77.4,1.0,9,24,7,3,6,2,0,2,1
MS-TN-057,Avinashi · TN580,Tamil Nadu,South,2024-04,38,40.0,103,40.26,49.5,16.7,1.7,75.8,0.0,9,16,14,7,10,0,1,3,3
MS-TN-057,Avinashi · TN580,Tamil Nadu,South,2024-05,48,47.0,108,40.26,47.7,15.9,2.8,77.6,0.0,9,19,9,4,6,1,2,5,2
MS-TN-063,Mannargudi · TN588,Tamil Nadu,South,2021-06,0,,9,43.44,,,,,,1,2,0,1,2,2,1,0,0
MS-TN-063,Mannargudi · TN588,Tamil Nadu,South,2021-07,38,,83,43.44,,,,,,6,10,10,2,2,4,2,1,6
MS-TN-063,Mannargudi · TN588,Tamil Nadu,South,2021-08,30,,63,43.44,,,,,,10,11,4,0,3,1,0,0,4
MS-TN-063,Mannargudi · TN588,Tamil Nadu,South,2021-09,23,,49,43.44,,,,,,2,10,5,0,1,4,0,0,3
MS-TN-063,Mannargudi · TN588,Tamil Nadu,South,2021-10,11,,38,43.44,,,,,,2,5,1,2,5,2,0,1,6
MS-TN-063,Mannargudi · TN588,Tamil Nadu,South,2021-11,21,,62,43.44,,,,,,5,11,14,2,3,1,1,0,2
MS-TN-063,Mannargudi · TN588,Tamil Nadu,South,2021-12,25,,56,43.44,,,,,,5,8,3,0,6,1,1,2,4
MS-TN-063,Mannargudi · TN588,Tamil Nadu,South,2022-01,20,,48,43.44,,,,,,7,10,5,1,1,0,1,1,2
MS-TN-063,Mannargudi · TN588,Tamil Nadu,South,2022-02,31,,62,43.44,,,,,,5,9,5,0,2,6,0,0,4
MS-TN-063,Mannargudi · TN588,Tamil Nadu,South,2022-03,22,,52,43.44,,,,,,9,8,4,1,1,1,0,1,4
MS-TN-063,Mannargudi · TN588,Tamil Nadu,South,2022-04,26,20.0,62,43.44,16.1,2.3,2.7,85.4,0.0,5,9,5,2,3,2,2,3,5
MS-TN-063,Mannargudi · TN588,Tamil Nadu,South,2022-05,26,24.0,61,43.44,19.9,4.2,0.3,86.1,0.0,4,14,4,0,1,3,2,4,2
MS-TN-063,Mannargudi · TN588,Tamil Nadu,South,2022-06,24,22.0,58,43.44,21.3,2.1,0.8,84.2,0.0,5,7,5,2,7,1,0,2,4
MS-TN-063,Mannargudi · TN588,Tamil Nadu,South,2022-07,14,22.0,40,43.44,38.5,3.6,0.0,87.7,0.0,4,5,8,2,2,1,0,1,3
MS-TN-063,Mannargudi · TN588,Tamil Nadu,South,2022-08,35,20.0,72,43.44,13.3,3.0,0.0,87.0,0.0,5,5,6,4,9,1,0,1,5
MS-TN-063,Mannargudi · TN588,Tamil Nadu,South,2022-09,20,21.0,61,43.44,21.6,2.2,1.9,87.9,0.0,7,15,8,3,2,0,0,2,2
MS-TN-063,Mannargudi · TN588,Tamil Nadu,South,2022-10,26,25.0,68,43.44,20.2,4.9,4.2,87.6,0.0,9,11,3,3,5,6,0,2,2
MS-TN-063,Mannargudi · TN588,Tamil Nadu,South,2022-11,30,23.0,68,43.44,15.1,2.1,3.4,86.8,0.0,4,13,7,1,5,4,0,2,2
MS-TN-063,Mannargudi · TN588,Tamil Nadu,South,2022-12,21,17.0,59,43.44,11.0,3.4,2.3,84.6,1.0,4,13,6,2,4,5,1,1,2
MS-TN-063,Mannargudi · TN588,Tamil Nadu,South,2023-01,35,36.0,73,43.44,22.9,4.5,2.1,83.9,0.0,5,11,11,2,1,5,1,0,1
MS-TN-063,Mannargudi · TN588,Tamil Nadu,South,2023-02,27,23.0,63,43.44,21.6,4.4,5.8,84.3,0.0,6,17,6,1,3,1,0,0,1
MS-TN-063,Mannargudi · TN588,Tamil Nadu,South,2023-03,28,28.0,65,43.44,25.4,2.2,3.5,84.1,0.0,7,10,12,2,3,1,1,0,0
MS-TN-063,Mannargudi · TN588,Tamil Nadu,South,2023-04,23,25.0,69,43.44,33.0,1.3,4.5,86.5,0.0,8,4,23,0,5,1,0,1,3
MS-TN-063,Mannargudi · TN588,Tamil Nadu,South,2023-05,24,29.0,78,43.44,39.4,0.0,3.7,84.8,0.0,12,10,15,1,8,2,0,2,4
MS-TN-063,Mannargudi · TN588,Tamil Nadu,South,2023-06,24,27.0,60,43.44,44.0,10.2,1.7,84.8,1.0,7,11,6,0,4,3,1,2,1
MS-TN-063,Mannargudi · TN588,Tamil Nadu,South,2023-07,24,27.0,75,43.44,44.3,10.3,0.9,84.7,0.0,6,11,18,4,6,4,1,0,1
MS-TN-063,Mannargudi · TN588,Tamil Nadu,South,2023-08,38,25.0,85,43.44,16.8,1.6,0.0,83.6,0.0,10,11,12,3,6,1,0,4,0
MS-TN-063,Mannargudi · TN588,Tamil Nadu,South,2023-09,26,26.0,56,43.44,20.3,4.8,2.1,84.8,0.0,7,6,9,3,5,0,0,0,0
MS-TN-063,Mannargudi · TN588,Tamil Nadu,South,2023-10,45,31.0,88,43.44,7.5,3.8,2.6,84.6,0.0,5,6,12,5,8,3,2,1,0
MS-TN-063,Mannargudi · TN588,Tamil Nadu,South,2023-11,25,29.0,50,43.44,21.8,1.4,3.3,87.0,1.0,2,8,6,1,5,0,0,0,3
MS-TN-063,Mannargudi · TN588,Tamil Nadu,South,2023-12,26,21.0,51,43.44,15.2,6.5,3.9,86.6,0.0,5,9,6,1,1,0,0,1,1
MS-TN-063,Mannargudi · TN588,Tamil Nadu,South,2024-01,30,45.0,75,43.44,53.3,21.9,8.6,84.5,1.0,10,9,8,5,6,3,0,2,2
MS-TN-063,Mannargudi · TN588,Tamil Nadu,South,2024-02,33,28.0,68,43.44,34.8,2.4,4.3,86.3,0.0,9,10,4,0,5,5,0,1,0
MS-TN-063,Mannargudi · TN588,Tamil Nadu,South,2024-03,34,35.0,69,43.44,32.5,2.0,3.4,87.2,0.0,10,12,6,1,2,2,0,0,2
MS-TN-063,Mannargudi · TN588,Tamil Nadu,South,2024-04,25,27.0,75,43.44,31.6,0.0,4.8,84.9,0.0,9,15,6,3,11,2,0,1,3
MS-TN-063,Mannargudi · TN588,Tamil Nadu,South,2024-05,23,31.0,71,43.44,44.8,8.8,2.8,86.8,0.0,5,9,12,5,6,3,0,1,6
MS-TN-069,Kangeyam · TN593,Tamil Nadu,South,2021-06,1,,1,44.31,,,,,,0,0,0,0,0,0,0,0,0
MS-TN-069,Kangeyam · TN593,Tamil Nadu,South,2021-07,27,,68,44.31,,,,,,4,5,4,4,5,6,1,5,4
MS-TN-069,Kangeyam · TN593,Tamil Nadu,South,2021-08,26,,64,44.31,,,,,,7,9,7,3,5,0,1,1,4
MS-TN-069,Kangeyam · TN593,Tamil Nadu,South,2021-09,27,,74,44.31,,,,,,4,14,5,3,10,2,0,4,5
MS-TN-069,Kangeyam · TN593,Tamil Nadu,South,2021-10,24,,65,44.31,,,,,,7,10,5,4,5,5,0,2,3
MS-TN-069,Kangeyam · TN593,Tamil Nadu,South,2021-11,17,,47,44.31,,,,,,4,10,4,4,4,0,1,3,0
MS-TN-069,Kangeyam · TN593,Tamil Nadu,South,2021-12,12,,47,44.31,,,,,,5,8,3,1,10,2,0,3,3
MS-TN-069,Kangeyam · TN593,Tamil Nadu,South,2022-01,21,,63,44.31,,,,,,7,9,11,1,4,3,0,5,2
MS-TN-069,Kangeyam · TN593,Tamil Nadu,South,2022-02,14,,41,44.31,,,,,,4,11,6,1,4,0,0,1,0
MS-TN-069,Kangeyam · TN593,Tamil Nadu,South,2022-03,22,,67,44.31,,,,,,8,16,5,4,2,4,2,1,3
MS-TN-069,Kangeyam · TN593,Tamil Nadu,South,2022-04,17,17.0,52,44.31,39.1,1.9,1.0,83.0,0.0,4,11,3,2,5,3,2,3,1
MS-TN-069,Kangeyam · TN593,Tamil Nadu,South,2022-05,30,20.0,63,44.31,14.9,2.1,1.0,83.6,1.0,8,7,4,4,5,2,0,0,1
MS-TN-069,Kangeyam · TN593,Tamil Nadu,South,2022-06,28,19.0,69,44.31,4.8,2.9,0.5,85.1,1.0,7,14,6,2,5,3,0,3,1
MS-TN-069,Kangeyam · TN593,Tamil Nadu,South,2022-07,21,18.0,54,44.31,5.5,2.9,1.1,84.9,0.0,2,13,6,3,2,2,1,3,1
MS-TN-069,Kangeyam · TN593,Tamil Nadu,South,2022-08,18,17.0,46,44.31,11.3,3.3,2.8,81.7,1.0,2,7,4,3,6,1,0,2,2
MS-TN-069,Kangeyam · TN593,Tamil Nadu,South,2022-09,26,18.0,78,44.31,1.1,4.6,5.5,81.5,0.0,7,13,7,5,8,7,0,1,2
MS-TN-069,Kangeyam · TN593,Tamil Nadu,South,2022-10,17,21.0,44,44.31,12.8,3.9,4.2,80.1,0.0,4,10,2,1,3,2,0,4,1
MS-TN-069,Kangeyam · TN593,Tamil Nadu,South,2022-11,19,20.0,52,44.31,22.6,1.3,3.4,80.6,0.0,3,15,4,5,4,1,0,0,0
MS-TN-069,Kangeyam · TN593,Tamil Nadu,South,2022-12,16,15.0,40,44.31,24.4,4.3,5.9,80.0,0.0,1,9,5,1,3,2,0,0,1
MS-TN-069,Kangeyam · TN593,Tamil Nadu,South,2023-01,34,31.0,81,44.31,18.8,2.7,7.3,80.2,0.0,8,17,7,1,6,2,1,3,2
MS-TN-069,Kangeyam · TN593,Tamil Nadu,South,2023-02,21,19.0,52,44.31,18.1,4.8,2.8,79.5,0.0,6,8,3,2,6,2,0,3,1
MS-TN-069,Kangeyam · TN593,Tamil Nadu,South,2023-03,16,24.0,53,44.31,32.2,4.4,5.4,81.2,0.0,3,14,10,4,2,0,0,2,2
MS-TN-069,Kangeyam · TN593,Tamil Nadu,South,2023-04,18,21.0,54,44.31,48.0,15.4,9.4,80.9,1.0,6,13,5,2,3,3,1,1,2
MS-TN-069,Kangeyam · TN593,Tamil Nadu,South,2023-05,24,25.0,50,44.31,43.6,8.3,8.2,81.2,1.0,4,11,4,3,1,3,0,0,0
MS-TN-069,Kangeyam · TN593,Tamil Nadu,South,2023-06,20,23.0,57,44.31,42.7,6.0,9.4,81.5,0.0,7,9,13,4,3,0,0,0,0
MS-TN-069,Kangeyam · TN593,Tamil Nadu,South,2023-07,22,23.0,40,44.31,36.9,3.6,8.3,80.7,0.0,3,9,4,1,0,0,0,1,0
MS-TN-069,Kangeyam · TN593,Tamil Nadu,South,2023-08,29,21.0,58,44.31,22.9,5.0,6.6,81.0,0.0,5,9,6,2,2,1,1,1,1
MS-TN-069,Kangeyam · TN593,Tamil Nadu,South,2023-09,45,22.0,104,44.31,0.0,2.1,2.7,81.0,0.0,11,14,15,5,9,0,2,2,0
MS-TN-069,Kangeyam · TN593,Tamil Nadu,South,2023-10,42,26.0,112,44.31,0.0,3.8,3.7,80.6,0.0,8,19,16,7,9,3,0,6,1
MS-TN-069,Kangeyam · TN593,Tamil Nadu,South,2023-11,27,25.0,67,44.31,3.7,2.1,2.2,80.3,0.0,4,15,8,2,4,1,1,2,1
MS-TN-069,Kangeyam · TN593,Tamil Nadu,South,2023-12,19,18.0,46,44.31,8.5,4.2,3.6,81.9,1.0,4,10,3,2,3,2,1,2,0
MS-TN-069,Kangeyam · TN593,Tamil Nadu,South,2024-01,30,38.0,52,44.31,33.4,3.2,1.7,80.6,0.0,2,5,6,1,3,4,0,0,0
MS-TN-069,Kangeyam · TN593,Tamil Nadu,South,2024-02,31,24.0,75,44.31,21.1,3.0,4.3,81.0,0.0,6,16,9,2,7,2,0,1,1
MS-TN-069,Kangeyam · TN593,Tamil Nadu,South,2024-03,19,29.0,55,44.31,33.4,1.4,1.8,80.0,0.0,3,10,7,4,5,3,0,0,0
MS-TN-069,Kangeyam · TN593,Tamil Nadu,South,2024-04,22,25.0,55,44.31,37.9,6.5,4.3,80.5,0.0,7,8,5,3,4,3,1,0,1
MS-TN-069,Kangeyam · TN593,Tamil Nadu,South,2024-05,17,29.0,49,44.31,69.7,37.6,15.2,79.0,0.0,6,9,6,4,1,2,0,1,3
MS-TN-075,Theni · TN60,Tamil Nadu,South,2021-06,14,,42,37.83,,,,,,4,6,8,2,2,2,0,0,2
MS-TN-075,Theni · TN60,Tamil Nadu,South,2021-07,53,,137,37.83,,,,,,17,20,26,5,2,2,1,3,3
MS-TN-075,Theni · TN60,Tamil Nadu,South,2021-08,50,,142,37.83,,,,,,21,20,12,6,7,3,2,1,15
MS-TN-075,Theni · TN60,Tamil Nadu,South,2021-09,41,,126,37.83,,,,,,13,25,17,4,8,5,1,5,6
MS-TN-075,Theni · TN60,Tamil Nadu,South,2021-10,30,,79,37.83,,,,,,7,12,5,2,11,1,0,2,6
MS-TN-075,Theni · TN60,Tamil Nadu,South,2021-11,22,,91,37.83,,,,,,12,25,6,2,4,4,2,7,5
MS-TN-075,Theni · TN60,Tamil Nadu,South,2021-12,27,,90,37.83,,,,,,14,16,14,3,7,2,0,2,3
MS-TN-075,Theni · TN60,Tamil Nadu,South,2022-01,64,,134,37.83,,,,,,20,13,21,2,4,0,0,1,7
MS-TN-075,Theni · TN60,Tamil Nadu,South,2022-02,30,,83,37.83,,,,,,14,15,9,2,5,0,1,3,1
MS-TN-075,Theni · TN60,Tamil Nadu,South,2022-03,33,,94,37.83,,,,,,16,20,12,0,1,5,1,3,2
MS-TN-075,Theni · TN60,Tamil Nadu,South,2022-04,35,33.0,97,37.83,29.8,1.1,4.9,84.9,1.0,9,25,7,5,6,3,1,3,1
MS-TN-075,Theni · TN60,Tamil Nadu,South,2022-05,37,38.0,132,37.83,26.3,2.2,6.6,87.5,0.0,19,24,18,5,13,4,1,4,6
MS-TN-075,Theni · TN60,Tamil Nadu,South,2022-06,54,36.0,126,37.83,8.9,2.1,9.2,86.7,1.0,13,20,13,7,7,4,2,0,4
MS-TN-075,Theni · TN60,Tamil Nadu,South,2022-07,36,35.0,122,37.83,15.4,3.1,7.1,87.3,0.0,10,24,23,11,8,3,0,2,5
MS-TN-075,Theni · TN60,Tamil Nadu,South,2022-08,34,33.0,105,37.83,17.9,0.6,2.5,88.6,1.0,11,18,12,8,8,1,1,5,3
MS-TN-075,Theni · TN60,Tamil Nadu,South,2022-09,39,33.0,132,37.83,15.4,4.4,3.5,88.0,0.0,20,23,22,4,6,1,1,8,7
MS-TN-075,Theni · TN60,Tamil Nadu,South,2022-10,24,40.0,95,37.83,42.0,6.7,8.7,87.4,0.0,15,13,12,9,8,2,2,3,5
MS-TN-075,Theni · TN60,Tamil Nadu,South,2022-11,57,38.0,127,37.83,16.1,0.6,7.8,87.8,1.0,10,21,22,4,5,4,0,0,4
MS-TN-075,Theni · TN60,Tamil Nadu,South,2022-12,36,28.0,109,37.83,11.9,3.7,3.9,89.2,0.0,17,18,17,3,8,4,0,2,2
MS-TN-075,Theni · TN60,Tamil Nadu,South,2023-01,71,59.0,152,37.83,15.7,1.1,4.6,88.9,0.0,13,29,22,3,4,3,0,3,3
MS-TN-075,Theni · TN60,Tamil Nadu,South,2023-02,40,37.0,97,37.83,16.5,2.8,0.0,87.7,0.0,9,14,16,3,8,2,1,1,3
MS-TN-075,Theni · TN60,Tamil Nadu,South,2023-03,29,45.0,110,37.83,31.1,3.5,3.4,86.3,0.0,12,18,26,5,9,1,2,2,5
MS-TN-075,Theni · TN60,Tamil Nadu,South,2023-04,38,40.0,130,37.83,39.8,1.5,5.7,85.7,0.0,19,31,18,3,7,0,2,3,4
MS-TN-075,Theni · TN60,Tamil Nadu,South,2023-05,45,46.0,114,37.83,40.5,3.7,5.1,85.7,1.0,13,21,18,6,3,1,3,2,2
MS-TN-075,Theni · TN60,Tamil Nadu,South,2023-06,51,43.0,154,37.83,23.4,6.6,1.6,88.6,1.0,15,24,28,9,11,0,0,4,7
MS-TN-075,Theni · TN60,Tamil Nadu,South,2023-07,33,42.0,110,37.83,31.2,3.1,7.2,85.8,0.0,13,23,18,4,9,3,0,1,5
MS-TN-075,Theni · TN60,Tamil Nadu,South,2023-08,55,40.0,170,37.83,19.6,3.1,7.1,86.2,0.0,22,41,26,5,9,5,1,0,5
MS-TN-075,Theni · TN60,Tamil Nadu,South,2023-09,47,40.0,130,37.83,17.7,2.4,8.6,86.1,0.0,23,21,22,5,7,0,0,1,3
MS-TN-075,Theni · TN60,Tamil Nadu,South,2023-10,69,49.0,163,37.83,9.7,4.4,1.9,87.3,1.0,19,18,22,4,12,9,1,1,7
MS-TN-075,Theni · TN60,Tamil Nadu,South,2023-11,38,46.0,120,37.83,24.0,0.2,0.7,86.2,0.0,15,16,28,7,9,0,0,4,1
MS-TN-075,Theni · TN60,Tamil Nadu,South,2023-12,37,34.0,105,37.83,20.3,2.7,0.3,86.5,0.0,10,14,29,5,5,2,0,1,1
MS-TN-075,Theni · TN60,Tamil Nadu,South,2024-01,75,71.0,168,37.83,30.1,5.4,1.4,87.5,0.0,23,23,16,4,9,6,1,4,5
MS-TN-075,Theni · TN60,Tamil Nadu,South,2024-02,46,45.0,120,37.83,27.9,5.2,1.3,86.3,1.0,10,28,15,4,9,1,0,2,2
MS-TN-075,Theni · TN60,Tamil Nadu,South,2024-03,44,55.0,143,37.83,35.4,0.8,3.8,85.5,0.0,29,24,17,8,10,4,1,2,3
MS-TN-075,Theni · TN60,Tamil Nadu,South,2024-04,44,44.0,117,37.83,33.7,3.3,4.2,86.5,0.0,16,21,18,3,6,3,0,3,2
MS-TN-075,Theni · TN60,Tamil Nadu,South,2024-05,55,51.0,133,37.83,33.2,4.3,2.5,87.4,0.0,17,23,14,6,9,1,1,2,3
MS-TN-081,Thiruchendur · TN606,Tamil Nadu,South,2021-06,16,,48,39.23,,,,,,7,9,2,2,1,2,0,2,6
MS-TN-081,Thiruchendur · TN606,Tamil Nadu,South,2021-07,55,,132,39.23,,,,,,12,20,17,7,7,5,0,1,5
MS-TN-081,Thiruchendur · TN606,Tamil Nadu,South,2021-08,52,,111,39.23,,,,,,10,22,6,2,6,0,0,0,11
MS-TN-081,Thiruchendur · TN606,Tamil Nadu,South,2021-09,47,,117,39.23,,,,,,5,29,12,2,7,2,1,3,5
MS-TN-081,Thiruchendur · TN606,Tamil Nadu,South,2021-10,31,,84,39.23,,,,,,8,25,8,1,3,1,0,0,6
MS-TN-081,Thiruchendur · TN606,Tamil Nadu,South,2021-11,30,,65,39.23,,,,,,4,9,9,2,3,1,0,0,7
MS-TN-081,Thiruchendur · TN606,Tamil Nadu,South,2021-12,41,,95,39.23,,,,,,9,24,5,4,4,1,0,2,5
MS-TN-081,Thiruchendur · TN606,Tamil Nadu,South,2022-01,43,,103,39.23,,,,,,5,21,10,4,6,2,0,2,10
MS-TN-081,Thiruchendur · TN606,Tamil Nadu,South,2022-02,25,,69,39.23,,,,,,5,20,9,0,4,0,0,0,5
MS-TN-081,Thiruchendur · TN606,Tamil Nadu,South,2022-03,38,,102,39.23,,,,,,9,31,12,3,1,4,0,0,4
MS-TN-081,Thiruchendur · TN606,Tamil Nadu,South,2022-04,30,35.0,86,39.23,50.3,18.8,0.0,87.5,1.0,10,22,12,2,1,2,0,0,7
MS-TN-081,Thiruchendur · TN606,Tamil Nadu,South,2022-05,28,40.0,92,39.23,62.2,31.7,5.6,87.4,1.0,7,20,17,3,3,2,2,4,5
MS-TN-081,Thiruchendur · TN606,Tamil Nadu,South,2022-06,28,37.0,85,39.23,61.6,29.8,8.6,89.5,0.0,11,21,10,3,5,1,0,2,4
MS-TN-081,Thiruchendur · TN606,Tamil Nadu,South,2022-07,18,37.0,74,39.23,87.8,43.9,20.1,87.3,0.0,7,12,20,5,7,0,0,1,4
MS-TN-081,Thiruchendur · TN606,Tamil Nadu,South,2022-08,29,34.0,103,39.23,73.8,37.5,14.1,86.5,0.0,12,26,24,1,9,0,0,0,1
MS-TN-081,Thiruchendur · TN606,Tamil Nadu,South,2022-09,34,35.0,113,39.23,58.6,26.6,9.8,89.0,0.0,11,34,11,3,7,3,1,1,7
MS-TN-081,Thiruchendur · TN606,Tamil Nadu,South,2022-10,28,42.0,78,39.23,66.3,31.0,8.8,88.7,0.0,7,13,14,3,2,2,0,1,8
MS-TN-081,Thiruchendur · TN606,Tamil Nadu,South,2022-11,41,40.0,119,39.23,50.9,18.7,3.3,90.6,0.0,13,26,14,7,3,4,0,2,7
MS-TN-081,Thiruchendur · TN606,Tamil Nadu,South,2022-12,28,29.0,83,39.23,47.4,14.3,0.0,89.2,0.0,2,22,12,3,3,2,0,3,7
MS-TN-081,Thiruchendur · TN606,Tamil Nadu,South,2023-01,58,62.0,142,39.23,39.5,5.8,1.1,89.7,0.0,12,32,23,4,1,3,0,3,6
MS-TN-081,Thiruchendur · TN606,Tamil Nadu,South,2023-02,67,39.0,146,39.23,13.5,2.3,0.0,88.1,0.0,10,24,28,3,2,2,2,1,7
MS-TN-081,Thiruchendur · TN606,Tamil Nadu,South,2023-03,42,48.0,122,39.23,21.8,0.5,0.0,87.2,0.0,15,21,27,5,5,1,0,1,1
MS-TN-081,Thiruchendur · TN606,Tamil Nadu,South,2023-04,35,35.0,100,39.23,26.5,2.2,0.0,87.0,0.0,15,21,15,1,8,0,1,1,2
MS-TN-081,Thiruchendur · TN606,Tamil Nadu,South,2023-05,47,41.0,95,39.23,23.0,4.3,0.0,85.5,0.0,10,13,9,3,4,3,1,0,4
MS-TN-081,Thiruchendur · TN606,Tamil Nadu,South,2023-06,48,38.0,127,39.23,18.5,2.3,0.0,86.8,0.0,13,27,17,8,4,1,1,2,6
MS-TN-081,Thiruchendur · TN606,Tamil Nadu,South,2023-07,42,37.0,101,39.23,17.3,2.2,0.0,85.9,0.0,7,14,15,4,5,3,2,1,6
MS-TN-081,Thiruchendur · TN606,Tamil Nadu,South,2023-08,46,35.0,114,39.23,9.5,5.3,0.0,87.1,2.0,16,20,13,4,8,3,0,1,2
MS-TN-081,Thiruchendur · TN606,Tamil Nadu,South,2023-09,35,35.0,86,39.23,12.4,3.8,0.0,87.5,0.0,7,12,14,4,7,2,0,1,3
MS-TN-081,Thiruchendur · TN606,Tamil Nadu,South,2023-10,72,43.0,148,39.23,0.0,0.9,0.0,86.7,0.0,17,15,17,8,3,4,0,2,9
MS-TN-081,Thiruchendur · TN606,Tamil Nadu,South,2023-11,27,40.0,87,39.23,17.0,4.0,0.0,85.8,0.0,5,20,15,4,8,4,2,1,1
MS-TN-081,Thiruchendur · TN606,Tamil Nadu,South,2023-12,21,30.0,50,39.23,26.4,3.2,0.6,87.1,0.0,7,10,8,0,1,0,0,2,1
MS-TN-081,Thiruchendur · TN606,Tamil Nadu,South,2024-01,81,62.0,147,39.23,18.7,1.7,0.5,88.7,1.0,17,16,15,5,7,1,0,2,2
MS-TN-081,Thiruchendur · TN606,Tamil Nadu,South,2024-02,57,39.0,138,39.23,8.4,4.1,8.2,86.9,2.0,16,23,22,7,6,1,1,2,2
MS-TN-081,Thiruchendur · TN606,Tamil Nadu,South,2024-03,62,48.0,137,39.23,4.4,4.2,13.8,87.5,0.0,18,15,18,7,5,6,1,3,2
MS-TN-081,Thiruchendur · TN606,Tamil Nadu,South,2024-04,56,44.0,128,39.23,5.8,4.0,17.9,86.0,0.0,14,23,15,4,4,3,0,2,7
MS-TN-081,Thiruchendur · TN606,Tamil Nadu,South,2024-05,50,51.0,124,39.23,17.0,2.6,21.0,86.7,0.0,14,20,10,8,9,1,0,3,7
MS-TN-087,Sriperumbudur · TN614,Tamil Nadu,South,2021-06,13,,67,31.56,,,,,,23,12,5,5,1,0,0,0,4
MS-TN-087,Sriperumbudur · TN614,Tamil Nadu,South,2021-07,25,,116,31.56,,,,,,42,17,7,9,5,0,0,0,4
MS-TN-087,Sriperumbudur · TN614,Tamil Nadu,South,2021-08,28,,158,31.56,,,,,,35,51,14,7,9,1,1,2,6
MS-TN-087,Sriperumbudur · TN614,Tamil Nadu,South,2021-09,32,,116,31.56,,,,,,25,28,9,2,8,4,0,0,3
MS-TN-087,Sriperumbudur · TN614,Tamil Nadu,South,2021-10,24,,96,31.56,,,,,,13,23,7,9,4,1,1,3,6
MS-TN-087,Sriperumbudur · TN614,Tamil Nadu,South,2021-11,13,,95,31.56,,,,,,21,25,5,7,4,3,1,5,2
MS-TN-087,Sriperumbudur · TN614,Tamil Nadu,South,2021-12,24,,124,31.56,,,,,,35,35,4,10,6,1,0,3,4
MS-TN-087,Sriperumbudur · TN614,Tamil Nadu,South,2022-01,38,,113,31.56,,,,,,22,22,9,7,3,2,2,1,6
MS-TN-087,Sriperumbudur · TN614,Tamil Nadu,South,2022-02,22,,94,31.56,,,,,,17,20,13,5,4,0,0,1,2
MS-TN-087,Sriperumbudur · TN614,Tamil Nadu,South,2022-03,26,,136,31.56,,,,,,13,55,11,8,7,0,2,4,2
MS-TN-087,Sriperumbudur · TN614,Tamil Nadu,South,2022-04,29,22.0,127,31.56,14.3,3.0,1.5,88.1,0.0,18,47,11,4,5,0,0,1,8
MS-TN-087,Sriperumbudur · TN614,Tamil Nadu,South,2022-05,25,26.0,114,31.56,18.8,3.6,0.4,85.6,0.0,15,27,10,10,8,4,1,9,5
MS-TN-087,Sriperumbudur · TN614,Tamil Nadu,South,2022-06,32,24.0,163,31.56,13.9,6.0,0.0,85.4,2.0,62,29,6,7,10,3,2,5,3
MS-TN-087,Sriperumbudur · TN614,Tamil Nadu,South,2022-07,27,24.0,116,31.56,12.8,0.2,0.0,86.2,0.0,26,26,16,6,6,1,1,3,0
MS-TN-087,Sriperumbudur · TN614,Tamil Nadu,South,2022-08,28,22.0,131,31.56,11.0,4.6,0.0,87.1,1.0,21,50,17,4,6,1,0,0,2
MS-TN-087,Sriperumbudur · TN614,Tamil Nadu,South,2022-09,25,23.0,168,31.56,15.8,0.0,0.0,86.2,1.0,27,58,19,11,8,3,1,6,4
MS-TN-087,Sriperumbudur · TN614,Tamil Nadu,South,2022-10,31,27.0,155,31.56,14.9,1.6,0.0,86.7,0.0,25,52,11,9,9,1,1,2,1
MS-TN-087,Sriperumbudur · TN614,Tamil Nadu,South,2022-11,29,26.0,151,31.56,16.4,1.1,0.0,86.3,0.0,36,45,12,9,6,3,2,4,2
MS-TN-087,Sriperumbudur · TN614,Tamil Nadu,South,2022-12,29,19.0,146,31.56,5.7,4.5,0.0,87.3,1.0,17,44,29,8,7,2,1,2,1
MS-TN-087,Sriperumbudur · TN614,Tamil Nadu,South,2023-01,45,40.0,197,31.56,12.1,2.6,0.0,86.3,1.0,31,63,16,15,8,3,0,1,10
MS-TN-087,Sriperumbudur · TN614,Tamil Nadu,South,2023-02,30,25.0,143,31.56,10.5,2.3,0.0,87.7,0.0,23,47,15,11,8,0,0,1,2
MS-TN-087,Sriperumbudur · TN614,Tamil Nadu,South,2023-03,37,31.0,168,31.56,9.4,3.4,0.0,87.9,0.0,37,36,18,13,3,2,4,5,2
MS-TN-087,Sriperumbudur · TN614,Tamil Nadu,South,2023-04,27,30.0,132,31.56,21.1,3.2,0.0,88.2,1.0,11,43,15,7,8,0,1,5,2
MS-TN-087,Sriperumbudur · TN614,Tamil Nadu,South,2023-05,44,35.0,133,31.56,15.7,1.4,0.0,88.6,0.0,32,24,12,9,6,0,0,0,3
MS-TN-087,Sriperumbudur · TN614,Tamil Nadu,South,2023-06,39,32.0,137,31.56,14.7,2.0,0.0,87.3,0.0,12,40,7,10,16,1,2,1,1
MS-TN-087,Sriperumbudur · TN614,Tamil Nadu,South,2023-07,41,31.0,210,31.56,8.1,2.6,0.0,86.0,0.0,62,53,17,7,12,0,2,4,4
MS-TN-087,Sriperumbudur · TN614,Tamil Nadu,South,2023-08,49,29.0,193,31.56,0.0,3.5,0.0,87.3,0.0,34,63,13,13,11,1,1,6,0
MS-TN-087,Sriperumbudur · TN614,Tamil Nadu,South,2023-09,52,30.0,192,31.56,0.0,3.5,0.0,86.9,0.0,31,53,27,9,8,3,1,4,2
MS-TN-087,Sriperumbudur · TN614,Tamil Nadu,South,2023-10,53,36.0,194,31.56,0.0,3.0,0.0,87.6,1.0,34,36,29,9,19,3,0,4,3
MS-TN-087,Sriperumbudur · TN614,Tamil Nadu,South,2023-11,36,34.0,124,31.56,4.2,0.0,0.0,88.6,0.0,19,28,16,6,12,1,1,1,2
MS-TN-087,Sriperumbudur · TN614,Tamil Nadu,South,2023-12,38,25.0,188,31.56,0.0,3.0,0.0,86.3,0.0,70,29,18,9,9,1,0,4,1
MS-TN-087,Sriperumbudur · TN614,Tamil Nadu,South,2024-01,53,53.0,178,31.56,10.2,6.0,0.0,85.8,0.0,20,50,22,13,9,2,1,3,2
MS-TN-087,Sriperumbudur · TN614,Tamil Nadu,South,2024-02,46,33.0,198,31.56,2.2,2.7,0.0,85.9,1.0,51,42,26,9,13,2,0,1,2
MS-TN-087,Sriperumbudur · TN614,Tamil Nadu,South,2024-03,34,41.0,152,31.56,15.6,1.0,1.1,87.6,1.0,21,37,22,8,11,2,2,2,2
MS-TN-087,Sriperumbudur · TN614,Tamil Nadu,South,2024-04,55,39.0,175,31.56,5.5,4.9,0.0,87.6,0.0,26,39,30,9,7,2,1,0,4
MS-TN-087,Sriperumbudur · TN614,Tamil Nadu,South,2024-05,40,45.0,156,31.56,17.2,2.7,0.0,87.4,1.0,15,46,21,17,11,1,2,1,1
MS-TN-093,Gummidipoondi · TN625,Tamil Nadu,South,2021-06,6,,24,41.15,,,,,,8,1,4,3,2,0,0,0,0
MS-TN-093,Gummidipoondi · TN625,Tamil Nadu,South,2021-07,21,,58,41.15,,,,,,6,8,8,1,3,0,1,1,6
MS-TN-093,Gummidipoondi · TN625,Tamil Nadu,South,2021-08,19,,58,41.15,,,,,,8,13,6,3,3,0,0,1,5
MS-TN-093,Gummidipoondi · TN625,Tamil Nadu,South,2021-09,17,,48,41.15,,,,,,5,15,2,2,3,1,1,1,1
MS-TN-093,Gummidipoondi · TN625,Tamil Nadu,South,2021-10,14,,52,41.15,,,,,,3,22,6,0,2,1,0,0,3
MS-TN-093,Gummidipoondi · TN625,Tamil Nadu,South,2021-11,15,,32,41.15,,,,,,1,6,3,2,0,0,0,1,1
MS-TN-093,Gummidipoondi · TN625,Tamil Nadu,South,2021-12,19,,50,41.15,,,,,,5,12,5,4,0,1,0,2,2
MS-TN-093,Gummidipoondi · TN625,Tamil Nadu,South,2022-01,30,,61,41.15,,,,,,1,12,9,1,3,3,0,0,2
MS-TN-093,Gummidipoondi · TN625,Tamil Nadu,South,2022-02,15,,52,41.15,,,,,,6,16,6,1,3,1,0,0,3
MS-TN-093,Gummidipoondi · TN625,Tamil Nadu,South,2022-03,24,,62,41.15,,,,,,4,20,9,2,2,0,0,0,1
MS-TN-093,Gummidipoondi · TN625,Tamil Nadu,South,2022-04,23,17.0,65,41.15,20.4,3.1,2.1,81.8,1.0,2,20,10,2,4,2,0,1,1
MS-TN-093,Gummidipoondi · TN625,Tamil Nadu,South,2022-05,18,20.0,57,41.15,30.9,1.4,3.5,80.8,0.0,7,16,7,2,1,3,0,1,0
MS-TN-093,Gummidipoondi · TN625,Tamil Nadu,South,2022-06,19,19.0,53,41.15,28.7,3.7,4.9,81.9,0.0,7,8,14,1,0,0,2,0,1
MS-TN-093,Gummidipoondi · TN625,Tamil Nadu,South,2022-07,12,18.0,36,41.15,39.3,2.1,5.1,80.4,0.0,7,9,2,3,3,0,0,0,0
MS-TN-093,Gummidipoondi · TN625,Tamil Nadu,South,2022-08,18,17.0,59,41.15,35.8,0.0,1.1,81.5,0.0,3,5,14,6,7,1,0,2,3
MS-TN-093,Gummidipoondi · TN625,Tamil Nadu,South,2022-09,22,18.0,71,41.15,30.3,3.5,1.1,81.6,0.0,10,14,13,5,3,2,0,0,1
MS-TN-093,Gummidipoondi · TN625,Tamil Nadu,South,2022-10,23,21.0,84,41.15,27.8,2.3,3.5,83.0,0.0,7,29,9,5,8,0,1,0,2
MS-TN-093,Gummidipoondi · TN625,Tamil Nadu,South,2022-11,18,20.0,54,41.15,32.2,0.9,4.2,80.2,0.0,6,10,7,2,4,1,1,0,5
MS-TN-093,Gummidipoondi · TN625,Tamil Nadu,South,2022-12,15,15.0,68,41.15,31.1,4.9,4.8,80.0,0.0,5,16,13,7,3,2,3,0,3
MS-TN-093,Gummidipoondi · TN625,Tamil Nadu,South,2023-01,31,31.0,73,41.15,35.8,3.2,4.9,80.8,0.0,6,5,11,4,6,3,0,1,2
MS-TN-093,Gummidipoondi · TN625,Tamil Nadu,South,2023-02,23,19.0,75,41.15,23.3,2.4,2.4,81.6,0.0,5,19,14,1,8,1,0,1,2
MS-TN-093,Gummidipoondi · TN625,Tamil Nadu,South,2023-03,18,24.0,120,41.15,32.0,4.6,3.0,82.3,0.0,5,72,12,6,3,0,1,0,1
MS-TN-093,Gummidipoondi · TN625,Tamil Nadu,South,2023-04,18,19.0,69,41.15,36.3,2.8,5.5,81.1,0.0,5,23,14,5,2,0,1,0,0
MS-TN-093,Gummidipoondi · TN625,Tamil Nadu,South,2023-05,22,23.0,59,41.15,42.2,6.1,6.9,80.9,0.0,6,12,8,2,6,1,1,0,0
MS-TN-093,Gummidipoondi · TN625,Tamil Nadu,South,2023-06,27,21.0,84,41.15,24.9,3.5,0.0,82.3,0.0,6,19,11,6,7,2,1,0,3
MS-TN-093,Gummidipoondi · TN625,Tamil Nadu,South,2023-07,27,21.0,83,41.15,15.5,3.8,1.0,83.3,0.0,1,42,4,3,4,1,0,0,1
MS-TN-093,Gummidipoondi · TN625,Tamil Nadu,South,2023-08,34,19.0,98,41.15,0.2,3.7,0.4,80.2,0.0,5,29,16,4,6,1,0,0,1
MS-TN-093,Gummidipoondi · TN625,Tamil Nadu,South,2023-09,29,20.0,80,41.15,0.2,3.5,3.0,82.6,0.0,4,25,8,5,7,0,0,0,1
MS-TN-093,Gummidipoondi · TN625,Tamil Nadu,South,2023-10,33,24.0,93,41.15,1.2,3.5,0.0,80.1,1.0,4,26,13,3,11,0,0,1,1
MS-TN-093,Gummidipoondi · TN625,Tamil Nadu,South,2023-11,20,22.0,60,41.15,14.0,3.2,1.7,80.3,1.0,4,12,12,3,6,2,1,0,0
MS-TN-093,Gummidipoondi · TN625,Tamil Nadu,South,2023-12,18,17.0,49,41.15,16.4,3.6,0.0,80.0,0.0,2,14,7,2,2,1,1,1,0
MS-TN-093,Gummidipoondi · TN625,Tamil Nadu,South,2024-01,27,35.0,98,41.15,40.0,3.1,2.5,82.1,0.0,5,29,20,3,8,0,1,1,1
MS-TN-093,Gummidipoondi · TN625,Tamil Nadu,South,2024-02,27,22.0,77,41.15,22.5,2.9,2.0,81.2,0.0,4,18,14,3,9,1,1,0,0
MS-TN-093,Gummidipoondi · TN625,Tamil Nadu,South,2024-03,19,27.0,76,41.15,36.8,3.0,4.8,83.2,0.0,3,22,25,0,6,1,0,0,0
MS-TN-093,Gummidipoondi · TN625,Tamil Nadu,South,2024-04,48,23.0,98,41.15,2.3,2.3,0.3,82.1,2.0,6,24,10,3,4,1,0,0,0
MS-TN-093,Gummidipoondi · TN625,Tamil Nadu,South,2024-05,31,27.0,81,41.15,9.0,3.6,0.0,83.2,0.0,8,25,6,7,1,1,0,0,1
MS-TN-099,Kumarapalayam · TN638,Tamil Nadu,South,2021-06,3,,8,38.94,,,,,,1,3,0,0,0,1,0,0,0
MS-TN-099,Kumarapalayam · TN638,Tamil Nadu,South,2021-07,31,,61,38.94,,,,,,4,10,3,3,3,0,0,4,2
MS-TN-099,Kumarapalayam · TN638,Tamil Nadu,South,2021-08,25,,65,38.94,,,,,,9,9,4,4,4,0,0,3,7
MS-TN-099,Kumarapalayam · TN638,Tamil Nadu,South,2021-09,23,,63,38.94,,,,,,8,13,5,1,2,2,0,3,5
MS-TN-099,Kumarapalayam · TN638,Tamil Nadu,South,2021-10,17,,47,38.94,,,,,,9,10,1,2,1,0,0,1,6
MS-TN-099,Kumarapalayam · TN638,Tamil Nadu,South,2021-11,16,,56,38.94,,,,,,7,10,3,4,3,3,0,3,7
MS-TN-099,Kumarapalayam · TN638,Tamil Nadu,South,2021-12,30,,81,38.94,,,,,,15,13,7,1,1,4,1,1,8
MS-TN-099,Kumarapalayam · TN638,Tamil Nadu,South,2022-01,42,,80,38.94,,,,,,8,11,7,2,3,2,0,1,3
MS-TN-099,Kumarapalayam · TN638,Tamil Nadu,South,2022-02,23,,64,38.94,,,,,,9,13,7,3,2,2,0,3,2
MS-TN-099,Kumarapalayam · TN638,Tamil Nadu,South,2022-03,33,,92,38.94,,,,,,12,13,11,10,5,3,0,2,2
MS-TN-099,Kumarapalayam · TN638,Tamil Nadu,South,2022-04,29,21.0,62,38.94,15.6,2.8,3.2,84.1,0.0,4,10,2,2,1,5,0,6,3
MS-TN-099,Kumarapalayam · TN638,Tamil Nadu,South,2022-05,35,25.0,77,38.94,6.6,1.6,1.5,83.8,0.0,6,14,3,2,7,3,1,2,3
MS-TN-099,Kumarapalayam · TN638,Tamil Nadu,South,2022-06,38,23.0,91,38.94,0.0,5.0,2.1,84.9,0.0,7,21,7,5,4,1,1,4,2
MS-TN-099,Kumarapalayam · TN638,Tamil Nadu,South,2022-07,28,23.0,76,38.94,1.5,1.0,2.1,84.3,0.0,6,9,17,4,3,2,0,5,2
MS-TN-099,Kumarapalayam · TN638,Tamil Nadu,South,2022-08,27,21.0,70,38.94,1.0,2.7,0.2,85.5,0.0,12,12,3,8,1,0,0,2,5
MS-TN-099,Kumarapalayam · TN638,Tamil Nadu,South,2022-09,25,22.0,82,38.94,3.4,2.9,3.0,85.0,1.0,9,16,5,7,9,1,0,3,4
MS-TN-099,Kumarapalayam · TN638,Tamil Nadu,South,2022-10,24,26.0,75,38.94,12.6,4.4,2.8,88.1,0.0,14,17,8,6,2,0,1,1,2
MS-TN-099,Kumarapalayam · TN638,Tamil Nadu,South,2022-11,32,25.0,87,38.94,9.1,2.3,6.0,87.4,2.0,17,11,8,8,4,1,3,2,1
MS-TN-099,Kumarapalayam · TN638,Tamil Nadu,South,2022-12,18,18.0,66,38.94,12.2,4.8,2.5,84.2,0.0,11,16,5,3,6,2,1,2,1
MS-TN-099,Kumarapalayam · TN638,Tamil Nadu,South,2023-01,32,38.0,91,38.94,29.5,3.7,1.8,84.5,1.0,10,18,14,7,4,3,0,0,2
MS-TN-099,Kumarapalayam · TN638,Tamil Nadu,South,2023-02,22,24.0,63,38.94,37.0,2.2,2.7,84.3,0.0,6,18,8,2,2,2,0,0,3
MS-TN-099,Kumarapalayam · TN638,Tamil Nadu,South,2023-03,31,30.0,89,38.94,32.8,2.5,2.5,83.8,0.0,10,18,10,4,5,0,3,5,2
MS-TN-099,Kumarapalayam · TN638,Tamil Nadu,South,2023-04,26,28.0,59,38.94,37.0,4.9,0.4,86.2,0.0,7,8,7,2,2,2,1,1,3
MS-TN-099,Kumarapalayam · TN638,Tamil Nadu,South,2023-05,27,32.0,65,38.94,37.7,5.0,3.3,85.8,0.0,7,13,5,4,1,0,0,4,3
MS-TN-099,Kumarapalayam · TN638,Tamil Nadu,South,2023-06,37,30.0,91,38.94,27.7,3.9,2.1,86.0,0.0,9,16,8,10,3,1,0,2,3
MS-TN-099,Kumarapalayam · TN638,Tamil Nadu,South,2023-07,19,29.0,67,38.94,43.9,6.1,4.0,86.3,0.0,5,18,7,8,4,0,2,4,0
MS-TN-099,Kumarapalayam · TN638,Tamil Nadu,South,2023-08,33,27.0,71,38.94,30.0,4.0,0.0,87.0,0.0,5,16,4,3,1,0,3,0,6
MS-TN-099,Kumarapalayam · TN638,Tamil Nadu,South,2023-09,31,28.0,74,38.94,29.7,1.8,0.0,85.8,0.0,8,7,7,3,7,1,2,7,0
MS-TN-099,Kumarapalayam · TN638,Tamil Nadu,South,2023-10,48,34.0,132,38.94,14.1,3.2,4.0,85.2,2.0,20,19,11,6,12,2,5,5,3
MS-TN-099,Kumarapalayam · TN638,Tamil Nadu,South,2023-11,31,32.0,78,38.94,19.4,1.7,3.9,83.2,0.0,6,12,8,5,6,2,0,5,2
MS-TN-099,Kumarapalayam · TN638,Tamil Nadu,South,2023-12,24,23.0,64,38.94,19.9,2.8,2.4,84.5,0.0,10,12,4,3,3,0,1,0,3
MS-TN-099,Kumarapalayam · TN638,Tamil Nadu,South,2024-01,37,49.0,92,38.94,40.3,5.4,6.2,85.0,0.0,12,16,9,6,4,0,2,1,2
MS-TN-099,Kumarapalayam · TN638,Tamil Nadu,South,2024-02,27,31.0,91,38.94,40.7,3.6,7.9,82.2,0.0,9,13,12,9,13,1,0,2,4
MS-TN-099,Kumarapalayam · TN638,Tamil Nadu,South,2024-03,28,38.0,63,38.94,47.0,14.9,6.4,83.7,0.0,2,7,5,8,5,0,0,4,2
MS-TN-099,Kumarapalayam · TN638,Tamil Nadu,South,2024-04,34,28.0,75,38.94,37.0,4.1,4.1,84.1,0.0,7,11,6,1,2,5,1,4,3
MS-TN-099,Kumarapalayam · TN638,Tamil Nadu,South,2024-05,21,33.0,74,38.94,53.0,23.3,6.1,82.4,0.0,12,9,6,9,8,0,2,2,3
MS-TN-105,Kumbakonam · TN68,Tamil Nadu,South,2021-06,12,,36,36.35,,,,,,6,1,6,2,2,0,2,1,3
MS-TN-105,Kumbakonam · TN68,Tamil Nadu,South,2021-07,67,,181,36.35,,,,,,17,28,17,10,17,4,1,3,16
MS-TN-105,Kumbakonam · TN68,Tamil Nadu,South,2021-08,73,,181,36.35,,,,,,15,29,18,9,12,6,2,0,13
MS-TN-105,Kumbakonam · TN68,Tamil Nadu,South,2021-09,45,,145,36.35,,,,,,14,22,19,6,17,5,0,4,11
MS-TN-105,Kumbakonam · TN68,Tamil Nadu,South,2021-10,32,,121,36.35,,,,,,12,22,16,1,11,7,5,2,10
MS-TN-105,Kumbakonam · TN68,Tamil Nadu,South,2021-11,40,,113,36.35,,,,,,6,23,13,3,14,3,1,4,4
MS-TN-105,Kumbakonam · TN68,Tamil Nadu,South,2021-12,35,,118,36.35,,,,,,11,23,11,2,15,6,1,1,9
MS-TN-105,Kumbakonam · TN68,Tamil Nadu,South,2022-01,82,,188,36.35,,,,,,13,27,14,2,24,2,1,2,16
MS-TN-105,Kumbakonam · TN68,Tamil Nadu,South,2022-02,41,,137,36.35,,,,,,15,23,14,3,12,6,4,1,13
MS-TN-105,Kumbakonam · TN68,Tamil Nadu,South,2022-03,41,,151,36.35,,,,,,23,26,27,4,15,3,2,0,8
MS-TN-105,Kumbakonam · TN68,Tamil Nadu,South,2022-04,32,43.0,107,36.35,51.5,20.6,7.5,84.1,1.0,15,20,10,5,13,2,1,2,5
MS-TN-105,Kumbakonam · TN68,Tamil Nadu,South,2022-05,52,50.0,165,36.35,36.2,3.7,3.4,83.5,0.0,12,36,20,6,23,6,2,1,6
MS-TN-105,Kumbakonam · TN68,Tamil Nadu,South,2022-06,56,47.0,146,36.35,26.2,2.9,0.0,83.6,1.0,18,14,21,7,18,0,0,1,8
MS-TN-105,Kumbakonam · TN68,Tamil Nadu,South,2022-07,49,46.0,150,36.35,23.7,1.1,0.0,84.1,0.0,15,20,25,5,20,2,2,3,8
MS-TN-105,Kumbakonam · TN68,Tamil Nadu,South,2022-08,53,43.0,173,36.35,18.5,3.7,0.0,84.3,0.0,15,24,28,8,19,7,3,3,11
MS-TN-105,Kumbakonam · TN68,Tamil Nadu,South,2022-09,43,44.0,147,36.35,23.7,2.8,0.7,83.8,2.0,7,22,26,5,22,6,3,1,9
MS-TN-105,Kumbakonam · TN68,Tamil Nadu,South,2022-10,38,53.0,127,36.35,42.6,6.5,2.9,82.7,0.0,14,16,22,6,14,4,1,3,8
MS-TN-105,Kumbakonam · TN68,Tamil Nadu,South,2022-11,50,50.0,148,36.35,40.7,3.2,2.5,83.3,0.0,21,27,25,2,16,1,0,2,4
MS-TN-105,Kumbakonam · TN68,Tamil Nadu,South,2022-12,53,37.0,138,36.35,20.6,4.2,1.0,83.4,0.0,11,17,32,2,11,4,0,2,4
MS-TN-105,Kumbakonam · TN68,Tamil Nadu,South,2023-01,76,77.0,211,36.35,24.7,2.6,0.9,84.1,0.0,16,30,42,5,16,7,2,2,10
MS-TN-105,Kumbakonam · TN68,Tamil Nadu,South,2023-02,45,48.0,154,36.35,26.6,5.1,0.0,85.2,0.0,22,19,28,3,25,3,3,3,2
MS-TN-105,Kumbakonam · TN68,Tamil Nadu,South,2023-03,55,60.0,184,36.35,31.9,1.9,0.0,85.9,0.0,26,28,27,11,22,3,3,2,5
MS-TN-105,Kumbakonam · TN68,Tamil Nadu,South,2023-04,39,49.0,140,36.35,43.4,6.4,3.7,87.6,0.0,23,20,15,4,19,5,1,2,7
MS-TN-105,Kumbakonam · TN68,Tamil Nadu,South,2023-05,49,57.0,142,36.35,43.8,7.9,4.2,89.1,0.0,16,16,29,6,16,1,1,4,4
MS-TN-105,Kumbakonam · TN68,Tamil Nadu,South,2023-06,65,53.0,175,36.35,26.6,2.6,0.2,89.2,0.0,21,27,26,10,18,2,2,1,1
MS-TN-105,Kumbakonam · TN68,Tamil Nadu,South,2023-07,47,52.0,170,36.35,31.4,4.2,3.4,88.4,0.0,24,28,33,6,23,1,0,3,2
MS-TN-105,Kumbakonam · TN68,Tamil Nadu,South,2023-08,70,48.0,178,36.35,14.6,4.2,2.7,88.4,0.0,21,14,26,7,22,1,2,4,9
MS-TN-105,Kumbakonam · TN68,Tamil Nadu,South,2023-09,62,50.0,189,36.35,12.3,2.4,4.1,88.7,0.0,25,26,27,4,25,5,1,7,7
MS-TN-105,Kumbakonam · TN68,Tamil Nadu,South,2023-10,69,60.0,191,36.35,13.5,0.7,6.7,87.9,0.0,23,16,33,7,25,5,2,4,4
MS-TN-105,Kumbakonam · TN68,Tamil Nadu,South,2023-11,60,56.0,146,36.35,17.9,3.6,6.6,86.7,1.0,22,18,18,6,13,4,1,1,2
MS-TN-105,Kumbakonam · TN68,Tamil Nadu,South,2023-12,54,41.0,127,36.35,13.1,2.3,7.0,86.3,0.0,9,20,20,3,18,1,1,1,0
MS-TN-105,Kumbakonam · TN68,Tamil Nadu,South,2024-01,96,87.0,217,36.35,17.6,6.7,7.9,87.7,2.0,22,25,27,4,27,3,1,5,4
MS-TN-105,Kumbakonam · TN68,Tamil Nadu,South,2024-02,61,55.0,162,36.35,16.0,4.9,6.1,86.8,0.0,17,19,27,6,25,2,1,1,2
MS-TN-105,Kumbakonam · TN68,Tamil Nadu,South,2024-03,60,67.0,181,36.35,24.9,3.5,2.4,84.9,1.0,23,26,23,7,34,2,0,1,4
MS-TN-105,Kumbakonam · TN68,Tamil Nadu,South,2024-04,79,56.0,177,36.35,13.5,3.2,2.5,86.0,0.0,18,23,18,7,22,4,1,2,2
MS-TN-105,Kumbakonam · TN68,Tamil Nadu,South,2024-05,73,65.0,193,36.35,14.5,1.1,5.1,88.3,1.0,27,21,18,10,31,1,3,2,5
MS-TN-111,Marthandam · TN75,Tamil Nadu,South,2021-06,74,,181,35.26,,,,,,22,27,14,1,5,8,1,3,12
MS-TN-111,Marthandam · TN75,Tamil Nadu,South,2021-07,190,,370,35.26,,,,,,27,49,16,10,20,11,3,7,24
MS-TN-111,Marthandam · TN75,Tamil Nadu,South,2021-08,167,,395,35.26,,,,,,47,49,31,14,26,16,4,11,20
MS-TN-111,Marthandam · TN75,Tamil Nadu,South,2021-09,134,,317,35.26,,,,,,26,41,18,10,22,21,4,7,24
MS-TN-111,Marthandam · TN75,Tamil Nadu,South,2021-10,78,,211,35.26,,,,,,23,37,11,7,9,7,2,0,28
MS-TN-111,Marthandam · TN75,Tamil Nadu,South,2021-11,115,,283,35.26,,,,,,27,51,16,5,10,14,4,6,24
MS-TN-111,Marthandam · TN75,Tamil Nadu,South,2021-12,129,,306,35.26,,,,,,34,52,25,2,17,7,2,4,18
MS-TN-111,Marthandam · TN75,Tamil Nadu,South,2022-01,174,,364,35.26,,,,,,28,58,19,4,23,18,1,10,20
MS-TN-111,Marthandam · TN75,Tamil Nadu,South,2022-02,126,,281,35.26,,,,,,24,42,15,7,17,18,4,10,14
MS-TN-111,Marthandam · TN75,Tamil Nadu,South,2022-03,114,,287,35.26,,,,,,36,47,22,10,13,10,1,6,20
MS-TN-111,Marthandam · TN75,Tamil Nadu,South,2022-04,105,120.0,248,35.26,41.7,6.3,3.3,86.7,0.0,23,50,19,3,10,8,2,3,23
MS-TN-111,Marthandam · TN75,Tamil Nadu,South,2022-05,165,140.0,376,35.26,25.0,2.1,3.6,87.6,0.0,37,54,29,13,27,13,4,7,17
MS-TN-111,Marthandam · TN75,Tamil Nadu,South,2022-06,139,131.0,320,35.26,25.6,2.6,1.6,88.1,0.0,35,51,23,12,16,7,3,4,17
MS-TN-111,Marthandam · TN75,Tamil Nadu,South,2022-07,99,127.0,272,35.26,32.5,2.9,2.0,86.2,1.0,24,59,28,8,14,8,3,10,11
MS-TN-111,Marthandam · TN75,Tamil Nadu,South,2022-08,134,119.0,327,35.26,28.0,2.3,1.1,86.7,1.0,24,65,30,11,14,13,5,6,20
MS-TN-111,Marthandam · TN75,Tamil Nadu,South,2022-09,138,122.0,364,35.26,25.0,3.7,0.0,87.5,1.0,39,53,37,18,18,12,3,11,26
MS-TN-111,Marthandam · TN75,Tamil Nadu,South,2022-10,102,147.0,260,35.26,39.6,4.3,0.0,87.7,2.0,32,46,27,7,13,7,3,4,11
MS-TN-111,Marthandam · TN75,Tamil Nadu,South,2022-11,127,139.0,289,35.26,41.8,4.3,3.9,85.3,2.0,33,37,24,9,14,11,1,9,13
MS-TN-111,Marthandam · TN75,Tamil Nadu,South,2022-12,155,102.0,327,35.26,20.7,4.4,1.8,86.6,0.0,39,40,30,6,20,9,0,6,13
MS-TN-111,Marthandam · TN75,Tamil Nadu,South,2023-01,220,214.0,440,35.26,21.3,3.6,0.0,86.6,2.0,32,47,42,20,20,12,1,12,28
MS-TN-111,Marthandam · TN75,Tamil Nadu,South,2023-02,114,134.0,304,35.26,25.7,2.4,0.0,85.2,1.0,27,68,28,14,18,7,3,8,7
MS-TN-111,Marthandam · TN75,Tamil Nadu,South,2023-03,149,166.0,336,35.26,31.1,2.8,2.3,83.2,1.0,29,60,20,19,17,6,3,6,16
MS-TN-111,Marthandam · TN75,Tamil Nadu,South,2023-04,151,134.0,301,35.26,29.4,0.0,3.1,84.1,0.0,31,59,23,5,12,6,0,1,8
MS-TN-111,Marthandam · TN75,Tamil Nadu,South,2023-05,143,155.0,347,35.26,30.7,6.3,4.4,85.8,1.0,39,60,15,15,23,11,5,14,17
MS-TN-111,Marthandam · TN75,Tamil Nadu,South,2023-06,157,145.0,370,35.26,28.1,5.2,6.3,88.2,0.0,42,53,33,11,28,10,1,8,20
MS-TN-111,Marthandam · TN75,Tamil Nadu,South,2023-07,117,141.0,354,35.26,35.7,3.3,5.1,87.5,1.0,36,89,45,8,14,8,7,6,15
MS-TN-111,Marthandam · TN75,Tamil Nadu,South,2023-08,162,132.0,343,35.26,25.9,4.4,7.0,89.0,2.0,33,51,35,9,19,11,3,3,11
MS-TN-111,Marthandam · TN75,Tamil Nadu,South,2023-09,157,136.0,325,35.26,24.3,1.2,4.3,90.0,0.0,30,50,21,9,18,9,1,17,8
MS-TN-111,Marthandam · TN75,Tamil Nadu,South,2023-10,181,163.0,454,35.26,18.1,0.0,4.9,89.2,1.0,52,68,36,14,27,13,3,20,27
MS-TN-111,Marthandam · TN75,Tamil Nadu,South,2023-11,134,154.0,308,35.26,31.4,3.2,2.8,87.6,1.0,34,60,26,10,14,5,4,6,5
MS-TN-111,Marthandam · TN75,Tamil Nadu,South,2023-12,138,113.0,309,35.26,23.0,3.4,3.6,87.2,0.0,41,46,28,8,15,9,3,5,11
MS-TN-111,Marthandam · TN75,Tamil Nadu,South,2024-01,203,238.0,421,35.26,38.3,2.1,5.1,88.7,0.0,37,54,38,6,34,13,1,15,12
MS-TN-111,Marthandam · TN75,Tamil Nadu,South,2024-02,143,149.0,316,35.26,32.3,0.4,6.3,86.4,0.0,35,49,25,11,23,8,2,11,4
MS-TN-111,Marthandam · TN75,Tamil Nadu,South,2024-03,114,184.0,285,35.26,49.7,18.0,8.1,86.6,0.0,33,48,20,11,19,11,2,8,12
MS-TN-111,Marthandam · TN75,Tamil Nadu,South,2024-04,160,138.0,359,35.26,42.5,7.0,6.3,86.4,2.0,41,57,30,9,19,10,4,6,19
MS-TN-111,Marthandam · TN75,Tamil Nadu,South,2024-05,143,160.0,366,35.26,46.1,14.4,5.5,85.2,0.0,54,47,33,16,29,6,3,6,19
MS-TN-117,Chennai (West) · TN9,Tamil Nadu,South,2021-06,55,,302,33.71,,,,,,78,40,12,51,9,17,5,9,8
MS-TN-117,Chennai (West) · TN9,Tamil Nadu,South,2021-07,158,,597,33.71,,,,,,131,62,32,49,38,38,12,13,20
MS-TN-117,Chennai (West) · TN9,Tamil Nadu,South,2021-08,147,,607,33.71,,,,,,131,77,33,37,47,33,11,19,32
MS-TN-117,Chennai (West) · TN9,Tamil Nadu,South,2021-09,107,,537,33.71,,,,,,90,88,32,46,30,40,15,21,26
MS-TN-117,Chennai (West) · TN9,Tamil Nadu,South,2021-10,114,,469,33.71,,,,,,78,88,14,38,29,32,10,17,26
MS-TN-117,Chennai (West) · TN9,Tamil Nadu,South,2021-11,87,,483,33.71,,,,,,108,59,38,34,26,22,10,30,31
MS-TN-117,Chennai (West) · TN9,Tamil Nadu,South,2021-12,101,,537,33.71,,,,,,92,112,29,42,50,21,6,33,18
MS-TN-117,Chennai (West) · TN9,Tamil Nadu,South,2022-01,167,,508,33.71,,,,,,63,101,34,30,23,28,7,21,11
MS-TN-117,Chennai (West) · TN9,Tamil Nadu,South,2022-02,106,,539,33.71,,,,,,89,107,33,37,31,41,13,39,16
MS-TN-117,Chennai (West) · TN9,Tamil Nadu,South,2022-03,146,,748,33.71,,,,,,153,99,73,76,36,32,11,52,31
MS-TN-117,Chennai (West) · TN9,Tamil Nadu,South,2022-04,124,113.0,592,33.71,32.1,1.6,3.9,79.1,3.0,89,107,71,45,44,33,6,29,17
MS-TN-117,Chennai (West) · TN9,Tamil Nadu,South,2022-05,146,131.0,619,33.71,24.1,3.3,2.0,78.9,5.0,78,136,50,37,32,34,13,38,21
MS-TN-117,Chennai (West) · TN9,Tamil Nadu,South,2022-06,179,122.0,632,33.71,9.2,4.3,5.3,80.0,0.0,96,95,35,58,49,35,9,38,13
MS-TN-117,Chennai (West) · TN9,Tamil Nadu,South,2022-07,139,119.0,611,33.71,9.3,2.6,4.8,79.1,1.0,98,126,32,44,51,32,10,29,16
MS-TN-117,Chennai (West) · TN9,Tamil Nadu,South,2022-08,156,112.0,645,33.71,4.7,1.4,5.0,77.2,3.0,105,107,30,60,45,26,15,39,18
MS-TN-117,Chennai (West) · TN9,Tamil Nadu,South,2022-09,137,114.0,603,33.71,8.7,2.6,6.9,77.4,4.0,84,102,36,64,54,34,10,36,16
MS-TN-117,Chennai (West) · TN9,Tamil Nadu,South,2022-10,161,138.0,580,33.71,13.1,1.5,5.3,76.4,3.0,84,97,43,46,41,26,8,24,21
MS-TN-117,Chennai (West) · TN9,Tamil Nadu,South,2022-11,221,130.0,679,33.71,0.0,1.5,2.7,76.0,4.0,92,77,68,64,42,29,11,26,20
MS-TN-117,Chennai (West) · TN9,Tamil Nadu,South,2022-12,254,96.0,723,33.71,0.0,4.3,1.8,77.0,6.0,98,84,84,54,26,29,8,35,13
MS-TN-117,Chennai (West) · TN9,Tamil Nadu,South,2023-01,265,201.0,674,33.71,3.2,4.2,2.7,76.1,2.0,88,91,53,53,27,23,6,32,16
MS-TN-117,Chennai (West) · TN9,Tamil Nadu,South,2023-02,222,126.0,634,33.71,0.0,2.0,0.4,78.0,6.0,86,69,38,76,37,25,9,24,16
MS-TN-117,Chennai (West) · TN9,Tamil Nadu,South,2023-03,202,156.0,713,33.71,0.3,4.2,0.1,77.4,4.0,112,127,38,56,54,29,22,29,9
MS-TN-117,Chennai (West) · TN9,Tamil Nadu,South,2023-04,114,179.0,516,33.71,20.3,8.3,2.7,76.6,5.0,100,89,36,54,38,20,13,22,12
MS-TN-117,Chennai (West) · TN9,Tamil Nadu,South,2023-05,145,208.0,621,33.71,43.2,10.4,6.6,74.9,3.0,94,116,60,54,59,26,9,23,7
MS-TN-117,Chennai (West) · TN9,Tamil Nadu,South,2023-06,159,194.0,660,33.71,56.3,25.7,13.2,73.7,6.0,126,112,51,53,56,26,9,25,16
MS-TN-117,Chennai (West) · TN9,Tamil Nadu,South,2023-07,174,189.0,627,33.71,48.7,16.9,8.9,74.9,8.0,71,96,49,51,46,17,20,37,19
MS-TN-117,Chennai (West) · TN9,Tamil Nadu,South,2023-08,321,177.0,804,33.71,12.1,3.1,8.8,75.1,2.0,103,79,65,75,56,15,14,27,17
MS-TN-117,Chennai (West) · TN9,Tamil Nadu,South,2023-09,193,181.0,710,33.71,14.3,5.3,9.1,76.5,4.0,89,135,75,64,53,22,14,21,11
MS-TN-117,Chennai (West) · TN9,Tamil Nadu,South,2023-10,404,218.0,1007,33.71,0.0,2.4,6.3,75.5,8.0,124,150,47,92,59,33,15,35,12
MS-TN-117,Chennai (West) · TN9,Tamil Nadu,South,2023-11,132,206.0,541,33.71,18.2,4.4,6.1,75.0,2.0,76,128,42,41,34,31,9,18,4
MS-TN-117,Chennai (West) · TN9,Tamil Nadu,South,2023-12,321,152.0,652,33.71,0.0,4.9,4.1,76.2,3.0,73,53,30,36,51,29,15,17,4
MS-TN-117,Chennai (West) · TN9,Tamil Nadu,South,2024-01,213,319.0,650,33.71,29.4,4.0,4.6,75.7,2.0,93,74,66,46,47,33,13,26,10
MS-TN-117,Chennai (West) · TN9,Tamil Nadu,South,2024-02,164,200.0,702,33.71,31.6,3.0,5.2,76.2,2.0,143,108,57,72,62,34,15,15,11
MS-TN-117,Chennai (West) · TN9,Tamil Nadu,South,2024-03,262,247.0,732,33.71,31.9,1.3,7.4,74.7,3.0,102,88,47,63,82,25,13,18,6
MS-TN-117,Chennai (West) · TN9,Tamil Nadu,South,2024-04,228,199.0,667,33.71,25.6,1.0,5.8,74.8,4.0,110,87,41,53,51,22,10,14,26
MS-TN-117,Chennai (West) · TN9,Tamil Nadu,South,2024-05,165,231.0,618,33.71,37.5,2.8,7.8,76.1,4.0,92,85,45,51,79,22,21,25,12
MS-TR-004,Khowai · TR6,Tripura,North-East,2021-06,5,,9,52.37,,,,,,2,0,2,0,0,0,0,0,0
MS-TR-004,Khowai · TR6,Tripura,North-East,2021-07,25,,45,52.37,,,,,,4,5,10,0,0,0,0,0,0
MS-TR-004,Khowai · TR6,Tripura,North-East,2021-08,15,,29,52.37,,,,,,2,8,4,0,0,0,0,0,0
MS-TR-004,Khowai · TR6,Tripura,North-East,2021-09,14,,28,52.37,,,,,,1,4,9,0,0,0,0,0,0
MS-TR-004,Khowai · TR6,Tripura,North-East,2021-10,17,,30,52.37,,,,,,6,1,6,0,0,0,0,0,0
MS-TR-004,Khowai · TR6,Tripura,North-East,2021-11,22,,39,52.37,,,,,,7,7,3,0,0,0,0,0,0
MS-TR-004,Khowai · TR6,Tripura,North-East,2021-12,12,,26,52.37,,,,,,3,2,9,0,0,0,0,0,0
MS-TR-004,Khowai · TR6,Tripura,North-East,2022-01,21,,46,52.37,,,,,,4,6,14,0,1,0,0,0,0
MS-TR-004,Khowai · TR6,Tripura,North-East,2022-02,18,,30,52.37,,,,,,1,4,7,0,0,0,0,0,0
MS-TR-004,Khowai · TR6,Tripura,North-East,2022-03,21,,41,52.37,,,,,,3,5,11,0,0,1,0,0,0
MS-TR-004,Khowai · TR6,Tripura,North-East,2022-04,27,17.0,46,52.37,12.3,2.1,6.6,84.2,1.0,2,2,15,0,0,0,0,0,0
MS-TR-004,Khowai · TR6,Tripura,North-East,2022-05,17,17.0,29,52.37,16.0,5.7,6.0,85.0,0.0,2,4,6,0,0,0,0,0,0
MS-TR-004,Khowai · TR6,Tripura,North-East,2022-06,9,15.0,23,52.37,31.1,4.3,5.4,84.8,0.0,1,5,8,0,0,0,0,0,0
MS-TR-004,Khowai · TR6,Tripura,North-East,2022-07,15,15.0,30,52.37,38.4,5.1,10.1,84.8,0.0,2,1,12,0,0,0,0,0,0
MS-TR-004,Khowai · TR6,Tripura,North-East,2022-08,14,15.0,29,52.37,42.9,7.3,8.9,86.7,0.0,0,4,11,0,0,0,0,0,0
MS-TR-004,Khowai · TR6,Tripura,North-East,2022-09,17,19.0,43,52.37,39.9,4.2,8.5,85.4,0.0,5,6,15,0,0,0,0,0,0
MS-TR-004,Khowai · TR6,Tripura,North-East,2022-10,18,22.0,25,52.37,45.8,13.9,9.4,87.2,0.0,1,2,4,0,0,0,0,0,0
MS-TR-004,Khowai · TR6,Tripura,North-East,2022-11,25,19.0,47,52.37,25.2,2.5,5.0,86.7,0.0,1,5,16,0,0,0,0,0,0
MS-TR-004,Khowai · TR6,Tripura,North-East,2022-12,14,14.0,35,52.37,25.9,2.9,4.0,84.8,0.0,0,1,20,0,0,0,0,0,0
MS-TR-004,Khowai · TR6,Tripura,North-East,2023-01,12,17.0,29,52.37,39.4,4.0,1.6,85.0,0.0,1,1,14,0,0,0,0,0,0
MS-TR-004,Khowai · TR6,Tripura,North-East,2023-02,13,14.0,27,52.37,48.9,18.9,9.3,84.8,0.0,0,5,9,0,0,0,0,0,0
MS-TR-004,Khowai · TR6,Tripura,North-East,2023-03,8,16.0,18,52.37,77.8,38.2,20.7,82.5,0.0,0,2,8,0,0,0,0,0,0
MS-TR-004,Khowai · TR6,Tripura,North-East,2023-04,10,18.0,22,52.37,98.3,45.5,33.3,81.6,0.0,0,2,10,0,0,0,0,0,0
MS-TR-004,Khowai · TR6,Tripura,North-East,2023-05,19,18.0,32,52.37,53.7,23.6,14.7,84.5,1.0,2,1,10,0,0,0,0,0,0
MS-TR-004,Khowai · TR6,Tripura,North-East,2023-06,16,16.0,35,52.37,39.1,2.8,9.5,85.1,0.0,2,2,15,0,0,0,0,0,0
MS-TR-004,Khowai · TR6,Tripura,North-East,2023-07,29,16.0,62,52.37,5.5,2.6,11.7,85.0,0.0,2,1,30,0,0,0,0,0,0
MS-TR-004,Khowai · TR6,Tripura,North-East,2023-08,19,16.0,48,52.37,5.6,5.3,8.3,83.9,0.0,0,0,29,0,0,0,0,0,0
MS-TR-004,Khowai · TR6,Tripura,North-East,2023-09,25,20.0,61,52.37,5.6,1.6,8.7,87.5,1.0,1,1,33,0,1,0,0,0,0
MS-TR-004,Khowai · TR6,Tripura,North-East,2023-10,17,23.0,26,52.37,23.1,1.4,5.6,86.8,0.0,0,1,8,0,0,0,0,0,0
MS-TR-004,Khowai · TR6,Tripura,North-East,2023-11,33,20.0,55,52.37,3.8,0.2,4.4,85.9,0.0,3,3,16,0,0,0,0,0,0
MS-TR-004,Khowai · TR6,Tripura,North-East,2023-12,25,15.0,56,52.37,0.0,4.9,5.0,84.0,0.0,1,5,25,0,0,0,0,0,0
MS-TR-004,Khowai · TR6,Tripura,North-East,2024-01,34,18.0,44,52.37,0.0,3.4,1.8,85.2,0.0,1,2,7,0,0,0,0,0,0
MS-TR-004,Khowai · TR6,Tripura,North-East,2024-02,23,15.0,42,52.37,0.0,3.7,4.9,86.1,1.0,0,5,14,0,0,0,0,0,0
MS-TR-004,Khowai · TR6,Tripura,North-East,2024-03,28,17.0,39,52.37,0.0,0.6,5.5,84.5,0.0,0,1,10,0,0,0,0,0,0
MS-TR-004,Khowai · TR6,Tripura,North-East,2024-04,24,24.0,30,52.37,9.0,2.6,4.4,85.2,0.0,0,2,4,0,0,0,0,0,0
MS-TR-004,Khowai · TR6,Tripura,North-East,2024-05,21,25.0,47,52.37,18.7,4.5,6.5,87.0,0.0,0,17,9,0,0,0,0,0,0
MS-UK-005,Rishikesh · UK14,Uttarakhand,North,2021-06,41,,113,42.74,,,,,,13,37,7,4,2,1,0,0,3
MS-UK-005,Rishikesh · UK14,Uttarakhand,North,2021-07,41,,142,42.74,,,,,,15,35,37,0,4,3,1,1,1
MS-UK-005,Rishikesh · UK14,Uttarakhand,North,2021-08,49,,121,42.74,,,,,,11,26,24,1,3,2,0,1,1
MS-UK-005,Rishikesh · UK14,Uttarakhand,North,2021-09,35,,131,42.74,,,,,,16,41,25,3,2,3,1,0,1
MS-UK-005,Rishikesh · UK14,Uttarakhand,North,2021-10,36,,106,42.74,,,,,,12,32,16,1,1,1,1,1,2
MS-UK-005,Rishikesh · UK14,Uttarakhand,North,2021-11,50,,131,42.74,,,,,,13,28,22,1,3,1,0,0,6
MS-UK-005,Rishikesh · UK14,Uttarakhand,North,2021-12,41,,174,42.74,,,,,,19,66,22,4,8,0,0,2,11
MS-UK-005,Rishikesh · UK14,Uttarakhand,North,2022-01,71,,219,42.74,,,,,,19,55,47,4,10,4,1,1,6
MS-UK-005,Rishikesh · UK14,Uttarakhand,North,2022-02,59,,145,42.74,,,,,,13,29,29,4,2,0,0,1,4
MS-UK-005,Rishikesh · UK14,Uttarakhand,North,2022-03,60,,166,42.74,,,,,,6,52,36,1,3,3,1,2,2
MS-UK-005,Rishikesh · UK14,Uttarakhand,North,2022-04,60,55.0,191,42.74,25.1,1.3,0.0,85.8,0.0,16,55,37,5,10,2,0,0,5
MS-UK-005,Rishikesh · UK14,Uttarakhand,North,2022-05,61,53.0,176,42.74,22.1,5.0,0.0,85.0,0.0,14,45,34,2,7,1,2,1,6
MS-UK-005,Rishikesh · UK14,Uttarakhand,North,2022-06,53,44.0,156,42.74,18.0,0.1,0.0,85.1,0.0,12,49,28,3,0,2,1,2,2
MS-UK-005,Rishikesh · UK14,Uttarakhand,North,2022-07,45,43.0,155,42.74,21.8,2.8,0.0,83.4,1.0,15,44,29,4,4,2,2,0,8
MS-UK-005,Rishikesh · UK14,Uttarakhand,North,2022-08,46,36.0,151,42.74,16.8,2.7,0.0,84.5,0.0,17,43,29,6,7,1,1,0,0
MS-UK-005,Rishikesh · UK14,Uttarakhand,North,2022-09,23,31.0,114,42.74,28.0,1.3,0.0,87.3,0.0,12,37,28,4,4,1,0,0,4
MS-UK-005,Rishikesh · UK14,Uttarakhand,North,2022-10,97,52.0,191,42.74,0.0,3.1,0.0,86.1,0.0,12,41,31,1,7,0,0,0,1
MS-UK-005,Rishikesh · UK14,Uttarakhand,North,2022-11,67,61.0,221,42.74,7.9,0.1,0.0,84.1,0.0,20,70,41,2,5,4,1,1,9
MS-UK-005,Rishikesh · UK14,Uttarakhand,North,2022-12,61,47.0,160,42.74,3.9,3.8,0.0,84.5,0.0,14,34,32,5,3,0,1,1,4
MS-UK-005,Rishikesh · UK14,Uttarakhand,North,2023-01,94,63.0,246,42.74,0.6,7.0,0.0,83.8,1.0,21,64,42,5,8,0,0,1,8
MS-UK-005,Rishikesh · UK14,Uttarakhand,North,2023-02,55,52.0,178,42.74,8.4,1.7,0.0,86.1,0.0,11,46,42,4,7,1,2,3,7
MS-UK-005,Rishikesh · UK14,Uttarakhand,North,2023-03,80,54.0,230,42.74,3.2,4.1,0.7,87.2,0.0,13,59,48,3,7,5,5,1,8
MS-UK-005,Rishikesh · UK14,Uttarakhand,North,2023-04,91,78.0,235,42.74,6.7,3.7,0.0,85.8,0.0,7,51,56,4,11,4,1,4,5
MS-UK-005,Rishikesh · UK14,Uttarakhand,North,2023-05,59,75.0,207,42.74,22.4,3.4,0.0,87.1,0.0,11,51,48,7,21,2,1,1,6
MS-UK-005,Rishikesh · UK14,Uttarakhand,North,2023-06,89,62.0,202,42.74,10.2,4.1,0.0,84.8,1.0,6,26,60,5,7,3,0,2,3
MS-UK-005,Rishikesh · UK14,Uttarakhand,North,2023-07,49,61.0,180,42.74,23.3,4.1,0.0,86.4,0.0,14,22,74,4,5,1,1,1,4
MS-UK-005,Rishikesh · UK14,Uttarakhand,North,2023-08,76,51.0,212,42.74,10.6,3.5,0.0,85.9,1.0,10,52,48,1,14,2,0,3,4
MS-UK-005,Rishikesh · UK14,Uttarakhand,North,2023-09,44,44.0,152,42.74,16.9,4.5,0.0,86.3,0.0,7,50,40,2,3,1,1,0,4
MS-UK-005,Rishikesh · UK14,Uttarakhand,North,2023-10,61,72.0,129,42.74,31.9,2.7,0.0,88.2,0.0,6,33,18,3,1,1,1,0,3
MS-UK-005,Rishikesh · UK14,Uttarakhand,North,2023-11,79,86.0,176,42.74,39.0,2.5,0.0,87.3,0.0,3,49,28,4,6,2,2,1,1
MS-UK-005,Rishikesh · UK14,Uttarakhand,North,2023-12,57,66.0,186,42.74,36.4,0.8,0.3,86.1,0.0,20,52,30,7,10,4,1,1,3
MS-UK-005,Rishikesh · UK14,Uttarakhand,North,2024-01,104,89.0,261,42.74,25.7,0.0,0.0,84.6,1.0,26,41,47,12,21,1,1,2,3
MS-UK-005,Rishikesh · UK14,Uttarakhand,North,2024-02,83,73.0,228,42.74,21.4,0.9,0.8,85.8,0.0,14,60,38,6,12,8,0,2,2
MS-UK-005,Rishikesh · UK14,Uttarakhand,North,2024-03,84,76.0,176,42.74,20.2,2.9,0.0,86.4,2.0,7,40,19,5,13,0,2,3,2
MS-UK-005,Rishikesh · UK14,Uttarakhand,North,2024-04,111,92.0,237,42.74,17.4,4.7,0.0,85.8,1.0,9,53,33,3,16,1,1,3,5
MS-UK-005,Rishikesh · UK14,Uttarakhand,North,2024-05,84,88.0,229,42.74,23.1,2.0,0.0,83.8,2.0,7,42,40,15,31,1,2,1,4
MS-UK-011,Ranikhet · UK20,Uttarakhand,North,2021-06,4,,8,52.34,,,,,,1,0,0,0,1,0,0,0,0
MS-UK-011,Ranikhet · UK20,Uttarakhand,North,2021-07,13,,18,52.34,,,,,,1,1,1,1,0,0,0,0,0
MS-UK-011,Ranikhet · UK20,Uttarakhand,North,2021-08,9,,17,52.34,,,,,,4,0,2,0,0,0,0,0,1
MS-UK-011,Ranikhet · UK20,Uttarakhand,North,2021-09,1,,5,52.34,,,,,,1,1,2,0,0,0,0,0,0
MS-UK-011,Ranikhet · UK20,Uttarakhand,North,2021-10,4,,8,52.34,,,,,,0,1,3,0,0,0,0,0,0
MS-UK-011,Ranikhet · UK20,Uttarakhand,North,2021-11,5,,8,52.34,,,,,,0,1,2,0,0,0,0,0,0
MS-UK-011,Ranikhet · UK20,Uttarakhand,North,2021-12,9,,21,52.34,,,,,,6,2,3,0,0,0,0,0,0
MS-UK-011,Ranikhet · UK20,Uttarakhand,North,2022-01,9,,14,52.34,,,,,,1,1,3,0,0,0,0,0,0
MS-UK-011,Ranikhet · UK20,Uttarakhand,North,2022-02,4,,10,52.34,,,,,,2,0,4,0,0,0,0,0,0
MS-UK-011,Ranikhet · UK20,Uttarakhand,North,2022-03,14,,20,52.34,,,,,,0,4,0,0,0,0,0,0,0
MS-UK-011,Ranikhet · UK20,Uttarakhand,North,2022-04,9,8.0,13,52.34,23.7,3.1,3.5,89.2,0.0,0,1,1,0,0,0,1,1,0
MS-UK-011,Ranikhet · UK20,Uttarakhand,North,2022-05,11,8.0,16,52.34,15.9,0.0,6.4,90.7,0.0,1,1,0,1,0,0,0,0,2
MS-UK-011,Ranikhet · UK20,Uttarakhand,North,2022-06,10,7.0,22,52.34,9.6,3.1,9.1,90.6,0.0,0,3,6,1,0,0,0,0,1
MS-UK-011,Ranikhet · UK20,Uttarakhand,North,2022-07,2,6.0,6,52.34,29.7,3.3,5.5,91.5,0.0,1,1,1,0,0,0,0,0,1
MS-UK-011,Ranikhet · UK20,Uttarakhand,North,2022-08,3,5.0,5,52.34,54.6,20.9,11.4,89.2,0.0,0,0,2,0,0,0,0,0,0
MS-UK-011,Ranikhet · UK20,Uttarakhand,North,2022-09,9,5.0,16,52.34,24.2,3.6,9.0,90.5,0.0,0,1,5,0,0,0,1,0,0
MS-UK-011,Ranikhet · UK20,Uttarakhand,North,2022-10,12,8.0,16,52.34,5.0,3.6,4.2,90.4,0.0,0,1,1,0,0,0,0,0,2
MS-UK-011,Ranikhet · UK20,Uttarakhand,North,2022-11,23,9.0,38,52.34,0.0,1.4,4.6,90.2,0.0,0,4,4,2,2,1,0,0,0
MS-UK-011,Ranikhet · UK20,Uttarakhand,North,2022-12,13,7.0,19,52.34,0.0,1.6,7.6,88.6,0.0,1,2,1,0,0,0,0,0,1
MS-UK-011,Ranikhet · UK20,Uttarakhand,North,2023-01,16,9.0,25,52.34,0.0,1.9,5.6,88.5,0.0,1,2,3,0,0,0,0,2,1
MS-UK-011,Ranikhet · UK20,Uttarakhand,North,2023-02,13,8.0,21,52.34,0.0,2.3,6.5,88.8,0.0,1,1,2,1,0,0,0,1,0
MS-UK-011,Ranikhet · UK20,Uttarakhand,North,2023-03,25,8.0,43,52.34,0.0,2.5,6.5,88.4,0.0,1,4,10,2,0,0,0,1,0
MS-UK-011,Ranikhet · UK20,Uttarakhand,North,2023-04,19,15.0,35,52.34,1.4,5.0,4.2,90.2,0.0,2,1,9,0,0,0,0,1,2
MS-UK-011,Ranikhet · UK20,Uttarakhand,North,2023-05,14,15.0,30,52.34,8.7,2.6,6.9,89.2,0.0,1,0,11,1,0,0,0,0,2
MS-UK-011,Ranikhet · UK20,Uttarakhand,North,2023-06,20,12.0,31,52.34,0.0,2.0,6.5,90.9,0.0,2,1,4,1,0,0,0,2,0
MS-UK-011,Ranikhet · UK20,Uttarakhand,North,2023-07,11,12.0,25,52.34,7.8,3.6,1.6,90.1,0.0,2,2,3,0,2,0,0,0,5
MS-UK-011,Ranikhet · UK20,Uttarakhand,North,2023-08,17,10.0,27,52.34,0.0,4.7,5.5,89.4,0.0,2,1,4,0,1,1,0,0,0
MS-UK-011,Ranikhet · UK20,Uttarakhand,North,2023-09,15,9.0,25,52.34,0.0,1.8,7.6,88.6,0.0,0,2,7,0,1,0,0,0,0
MS-UK-011,Ranikhet · UK20,Uttarakhand,North,2023-10,16,14.0,25,52.34,4.5,1.7,8.4,89.0,0.0,2,1,2,0,0,0,1,2,1
MS-UK-011,Ranikhet · UK20,Uttarakhand,North,2023-11,28,17.0,38,52.34,0.0,2.6,9.9,89.6,0.0,1,4,3,0,2,0,0,0,0
MS-UK-011,Ranikhet · UK20,Uttarakhand,North,2023-12,23,13.0,40,52.34,0.0,4.8,7.1,89.4,0.0,4,1,4,1,2,0,1,1,1
MS-UK-011,Ranikhet · UK20,Uttarakhand,North,2024-01,31,17.0,48,52.34,0.0,0.0,4.5,90.5,0.0,1,4,9,1,1,0,0,0,1
MS-UK-011,Ranikhet · UK20,Uttarakhand,North,2024-02,38,14.0,53,52.34,0.0,1.7,3.8,89.3,0.0,2,2,7,1,2,0,0,0,1
MS-UK-011,Ranikhet · UK20,Uttarakhand,North,2024-03,28,15.0,46,52.34,0.0,4.1,5.2,89.9,0.0,3,1,12,0,0,1,0,0,1
MS-UK-011,Ranikhet · UK20,Uttarakhand,North,2024-04,21,27.0,35,52.34,16.8,1.3,6.7,88.7,0.0,0,2,8,2,1,0,0,1,0
MS-UK-011,Ranikhet · UK20,Uttarakhand,North,2024-05,37,26.0,51,52.34,9.9,4.7,7.6,89.3,0.0,0,2,9,1,0,1,0,0,1
MS-UK-017,Haridwar · UK8,Uttarakhand,North,2021-06,120,,284,40.38,,,,,,35,42,30,15,7,8,2,1,6
MS-UK-017,Haridwar · UK8,Uttarakhand,North,2021-07,162,,353,40.38,,,,,,38,48,29,9,13,8,6,1,23
MS-UK-017,Haridwar · UK8,Uttarakhand,North,2021-08,123,,317,40.38,,,,,,37,29,47,15,11,2,5,1,16
MS-UK-017,Haridwar · UK8,Uttarakhand,North,2021-09,107,,283,40.38,,,,,,36,46,23,14,16,7,4,0,16
MS-UK-017,Haridwar · UK8,Uttarakhand,North,2021-10,106,,255,40.38,,,,,,32,41,29,2,8,10,2,1,9
MS-UK-017,Haridwar · UK8,Uttarakhand,North,2021-11,111,,222,40.38,,,,,,20,30,23,7,7,5,7,1,3
MS-UK-017,Haridwar · UK8,Uttarakhand,North,2021-12,214,,462,40.38,,,,,,61,61,45,10,22,11,5,4,15
MS-UK-017,Haridwar · UK8,Uttarakhand,North,2022-01,136,,356,40.38,,,,,,40,56,62,7,10,11,5,7,6
MS-UK-017,Haridwar · UK8,Uttarakhand,North,2022-02,133,,304,40.38,,,,,,25,39,43,10,9,13,7,2,14
MS-UK-017,Haridwar · UK8,Uttarakhand,North,2022-03,152,,354,40.38,,,,,,44,44,43,12,10,12,3,6,8
MS-UK-017,Haridwar · UK8,Uttarakhand,North,2022-04,149,157.0,331,40.38,41.7,3.3,0.0,75.4,2.0,30,52,51,11,10,8,3,2,7
MS-UK-017,Haridwar · UK8,Uttarakhand,North,2022-05,112,150.0,348,40.38,54.3,25.4,2.3,75.1,1.0,43,60,64,16,10,13,4,9,11
MS-UK-017,Haridwar · UK8,Uttarakhand,North,2022-06,133,125.0,395,40.38,45.8,14.3,0.3,76.9,2.0,35,77,80,17,17,18,0,2,7
MS-UK-017,Haridwar · UK8,Uttarakhand,North,2022-07,104,122.0,307,40.38,50.2,16.7,1.5,75.2,4.0,30,53,69,11,11,7,5,3,4
MS-UK-017,Haridwar · UK8,Uttarakhand,North,2022-08,131,102.0,403,40.38,33.8,4.2,0.0,77.0,3.0,45,113,61,11,14,8,2,2,2
MS-UK-017,Haridwar · UK8,Uttarakhand,North,2022-09,93,88.0,315,40.38,34.3,1.8,1.6,76.9,5.0,43,58,73,8,8,5,3,4,10
MS-UK-017,Haridwar · UK8,Uttarakhand,North,2022-10,151,146.0,352,40.38,29.6,6.4,2.0,78.0,3.0,24,69,71,5,4,7,3,5,4
MS-UK-017,Haridwar · UK8,Uttarakhand,North,2022-11,148,172.0,443,40.38,41.5,3.9,1.8,76.9,1.0,52,61,103,13,15,10,7,7,8
MS-UK-017,Haridwar · UK8,Uttarakhand,North,2022-12,139,133.0,401,40.38,34.9,2.1,0.0,76.8,1.0,43,52,88,27,18,9,1,2,6
MS-UK-017,Haridwar · UK8,Uttarakhand,North,2023-01,180,179.0,459,40.38,32.3,3.9,0.0,77.4,3.0,40,79,90,40,4,12,1,3,8
MS-UK-017,Haridwar · UK8,Uttarakhand,North,2023-02,119,148.0,352,40.38,40.4,1.4,0.0,75.7,2.0,29,50,67,48,11,8,6,2,5
MS-UK-017,Haridwar · UK8,Uttarakhand,North,2023-03,131,153.0,387,40.38,41.8,5.4,0.0,74.9,6.0,27,67,85,39,3,8,4,3,7
MS-UK-017,Haridwar · UK8,Uttarakhand,North,2023-04,239,166.0,579,40.38,19.1,3.2,0.0,74.5,2.0,65,64,88,55,18,20,3,4,9
MS-UK-017,Haridwar · UK8,Uttarakhand,North,2023-05,181,160.0,503,40.38,14.7,1.9,0.0,74.9,5.0,48,64,110,40,19,13,4,6,5
MS-UK-017,Haridwar · UK8,Uttarakhand,North,2023-06,152,133.0,427,40.38,13.4,4.0,0.0,77.7,2.0,48,61,83,46,13,10,1,3,4
MS-UK-017,Haridwar · UK8,Uttarakhand,North,2023-07,122,130.0,320,40.38,18.9,2.3,0.0,76.0,1.0,35,57,51,21,11,3,4,1,6
MS-UK-017,Haridwar · UK8,Uttarakhand,North,2023-08,146,109.0,374,40.38,14.1,2.6,0.0,77.4,5.0,31,52,83,38,7,3,4,0,4
MS-UK-017,Haridwar · UK8,Uttarakhand,North,2023-09,209,93.0,537,40.38,0.0,2.0,0.0,76.7,2.0,53,62,114,45,14,11,7,8,4
MS-UK-017,Haridwar · UK8,Uttarakhand,North,2023-10,164,155.0,412,40.38,5.4,5.0,0.0,75.0,1.0,41,63,72,31,17,8,2,6,4
MS-UK-017,Haridwar · UK8,Uttarakhand,North,2023-11,176,183.0,468,40.38,12.4,5.4,0.0,73.8,1.0,38,87,88,40,11,16,2,1,4
MS-UK-017,Haridwar · UK8,Uttarakhand,North,2023-12,135,141.0,364,40.38,21.7,2.2,0.0,75.0,3.0,42,49,75,23,12,6,2,4,5
MS-UK-017,Haridwar · UK8,Uttarakhand,North,2024-01,188,191.0,442,40.38,26.1,4.1,0.0,75.6,8.0,25,75,77,31,20,8,3,3,0
MS-UK-017,Haridwar · UK8,Uttarakhand,North,2024-02,226,157.0,582,40.38,12.3,1.3,0.0,74.5,6.0,73,68,103,39,22,13,13,10,3
MS-UK-017,Haridwar · UK8,Uttarakhand,North,2024-03,185,163.0,487,40.38,11.8,3.1,0.0,74.4,9.0,50,63,98,33,21,12,4,8,6
MS-UK-017,Haridwar · UK8,Uttarakhand,North,2024-04,210,222.0,443,40.38,21.0,2.3,0.0,73.1,1.0,33,62,61,42,16,2,1,3,2
MS-UK-017,Haridwar · UK8,Uttarakhand,North,2024-05,229,213.0,528,40.38,24.2,0.0,0.0,72.9,4.0,47,61,80,47,35,7,2,4,6
MS-UP-005,Meerut · UP15,Uttar Pradesh,North,2021-06,380,,827,36.52,,,,,,133,91,78,63,19,17,11,0,15
MS-UP-005,Meerut · UP15,Uttar Pradesh,North,2021-07,466,,1132,36.52,,,,,,177,202,105,65,21,28,20,0,15
MS-UP-005,Meerut · UP15,Uttar Pradesh,North,2021-08,304,,886,36.52,,,,,,174,153,67,44,26,30,15,4,41
MS-UP-005,Meerut · UP15,Uttar Pradesh,North,2021-09,338,,946,36.52,,,,,,188,162,96,57,23,32,13,0,13
MS-UP-005,Meerut · UP15,Uttar Pradesh,North,2021-10,303,,927,36.52,,,,,,174,183,80,66,34,40,14,2,17
MS-UP-005,Meerut · UP15,Uttar Pradesh,North,2021-11,488,,1225,36.52,,,,,,203,197,111,66,38,37,7,3,35
MS-UP-005,Meerut · UP15,Uttar Pradesh,North,2021-12,542,,1233,36.52,,,,,,201,204,105,51,27,36,12,7,31
MS-UP-005,Meerut · UP15,Uttar Pradesh,North,2022-01,597,,1368,36.52,,,,,,174,237,157,57,26,37,18,9,31
MS-UP-005,Meerut · UP15,Uttar Pradesh,North,2022-02,436,,1139,36.52,,,,,,164,223,107,59,20,49,24,1,22
MS-UP-005,Meerut · UP15,Uttar Pradesh,North,2022-03,513,,1255,36.52,,,,,,160,234,145,82,29,28,17,9,18
MS-UP-005,Meerut · UP15,Uttar Pradesh,North,2022-04,515,517.0,1313,36.52,28.2,1.8,0.0,85.6,5.0,175,268,145,66,39,33,12,17,19
MS-UP-005,Meerut · UP15,Uttar Pradesh,North,2022-05,470,496.0,1230,36.52,32.8,2.6,1.3,87.7,5.0,158,235,167,64,31,48,10,10,21
MS-UP-005,Meerut · UP15,Uttar Pradesh,North,2022-06,466,414.0,1222,36.52,30.8,3.2,0.0,86.5,7.0,157,256,160,65,29,27,10,11,22
MS-UP-005,Meerut · UP15,Uttar Pradesh,North,2022-07,433,403.0,1300,36.52,31.9,3.0,0.0,86.3,0.0,182,309,161,94,36,38,14,11,12
MS-UP-005,Meerut · UP15,Uttar Pradesh,North,2022-08,381,338.0,1220,36.52,28.7,3.4,0.0,85.6,1.0,178,292,173,66,44,21,13,19,16
MS-UP-005,Meerut · UP15,Uttar Pradesh,North,2022-09,370,290.0,1069,36.52,23.9,4.1,0.0,87.3,1.0,161,222,146,67,26,34,9,10,10
MS-UP-005,Meerut · UP15,Uttar Pradesh,North,2022-10,550,481.0,1695,36.52,22.8,3.3,0.0,87.1,4.0,217,398,274,104,35,45,14,14,25
MS-UP-005,Meerut · UP15,Uttar Pradesh,North,2022-11,592,569.0,1515,36.52,23.2,3.6,0.0,86.8,3.0,194,315,198,95,27,25,13,15,25
MS-UP-005,Meerut · UP15,Uttar Pradesh,North,2022-12,471,438.0,1245,36.52,21.7,0.5,0.0,87.4,2.0,143,225,186,80,34,32,11,17,15
MS-UP-005,Meerut · UP15,Uttar Pradesh,North,2023-01,755,592.0,1944,36.52,15.7,1.6,2.4,86.3,6.0,240,399,289,81,24,54,17,37,30
MS-UP-005,Meerut · UP15,Uttar Pradesh,North,2023-02,590,488.0,1582,36.52,11.5,4.8,1.1,85.3,5.0,198,327,220,98,37,34,17,19,17
MS-UP-005,Meerut · UP15,Uttar Pradesh,North,2023-03,553,505.0,1477,36.52,12.7,3.3,3.0,86.1,2.0,160,346,190,98,27,23,16,25,16
MS-UP-005,Meerut · UP15,Uttar Pradesh,North,2023-04,531,644.0,1438,36.52,26.7,1.9,0.0,87.3,4.0,167,338,185,88,31,22,22,21,14
MS-UP-005,Meerut · UP15,Uttar Pradesh,North,2023-05,544,618.0,1524,36.52,33.9,3.4,0.9,88.6,4.0,243,303,229,84,30,31,23,17,4
MS-UP-005,Meerut · UP15,Uttar Pradesh,North,2023-06,548,515.0,1527,36.52,30.6,2.8,2.5,89.0,8.0,214,323,225,85,49,24,19,19,11
MS-UP-005,Meerut · UP15,Uttar Pradesh,North,2023-07,537,501.0,1369,36.52,29.7,2.4,0.5,87.2,9.0,186,255,198,67,38,29,23,16,8
MS-UP-005,Meerut · UP15,Uttar Pradesh,North,2023-08,511,420.0,1396,36.52,24.6,2.2,3.3,89.2,2.0,201,272,211,92,31,25,12,18,8
MS-UP-005,Meerut · UP15,Uttar Pradesh,North,2023-09,494,361.0,1504,36.52,16.2,1.6,3.9,88.4,8.0,189,324,233,117,45,30,26,22,3
MS-UP-005,Meerut · UP15,Uttar Pradesh,North,2023-10,548,598.0,1551,36.52,23.4,2.3,1.4,90.0,4.0,207,350,221,89,34,27,10,27,6
MS-UP-005,Meerut · UP15,Uttar Pradesh,North,2023-11,777,708.0,1897,36.52,21.1,3.3,2.4,91.8,9.0,235,360,242,121,46,39,17,19,8
MS-UP-005,Meerut · UP15,Uttar Pradesh,North,2023-12,517,546.0,1379,36.52,23.1,5.7,1.2,88.3,4.0,145,357,160,64,34,25,22,23,6
MS-UP-005,Meerut · UP15,Uttar Pradesh,North,2024-01,1031,737.0,2344,36.52,10.1,2.5,0.9,87.4,7.0,255,400,315,89,66,72,22,34,10
MS-UP-005,Meerut · UP15,Uttar Pradesh,North,2024-02,635,607.0,1790,36.52,17.7,5.5,2.0,86.3,3.0,232,423,224,104,63,32,14,21,11
MS-UP-005,Meerut · UP15,Uttar Pradesh,North,2024-03,636,629.0,1634,36.52,19.7,1.1,0.5,86.1,3.0,181,322,264,97,49,30,17,19,3
MS-UP-005,Meerut · UP15,Uttar Pradesh,North,2024-04,757,765.0,1851,36.52,28.0,2.2,0.0,86.5,1.0,255,333,252,91,50,36,24,19,4
MS-UP-005,Meerut · UP15,Uttar Pradesh,North,2024-05,609,734.0,1671,36.52,36.3,1.9,0.0,85.7,2.0,215,344,240,91,47,40,22,33,9
MS-UP-011,Rampur · UP22,Uttar Pradesh,North,2021-06,52,,152,40.15,,,,,,31,16,30,5,2,0,0,0,13
MS-UP-011,Rampur · UP22,Uttar Pradesh,North,2021-07,83,,183,40.15,,,,,,28,24,27,6,1,5,2,0,5
MS-UP-011,Rampur · UP22,Uttar Pradesh,North,2021-08,66,,141,40.15,,,,,,30,18,19,2,0,1,0,0,1
MS-UP-011,Rampur · UP22,Uttar Pradesh,North,2021-09,61,,186,40.15,,,,,,30,63,20,4,2,0,0,0,2
MS-UP-011,Rampur · UP22,Uttar Pradesh,North,2021-10,84,,158,40.15,,,,,,18,16,21,6,3,2,4,0,3
MS-UP-011,Rampur · UP22,Uttar Pradesh,North,2021-11,81,,159,40.15,,,,,,13,23,20,6,1,2,1,0,10
MS-UP-011,Rampur · UP22,Uttar Pradesh,North,2021-12,137,,307,40.15,,,,,,38,45,50,6,5,4,3,2,11
MS-UP-011,Rampur · UP22,Uttar Pradesh,North,2022-01,101,,193,40.15,,,,,,16,31,26,6,1,1,1,1,7
MS-UP-011,Rampur · UP22,Uttar Pradesh,North,2022-02,94,,218,40.15,,,,,,28,49,27,8,0,3,2,0,4
MS-UP-011,Rampur · UP22,Uttar Pradesh,North,2022-03,122,,251,40.15,,,,,,28,35,35,9,3,2,3,2,6
MS-UP-011,Rampur · UP22,Uttar Pradesh,North,2022-04,80,109.0,222,40.15,48.5,14.5,4.6,83.6,0.0,20,69,37,3,0,1,3,1,6
MS-UP-011,Rampur · UP22,Uttar Pradesh,North,2022-05,98,105.0,229,40.15,43.7,12.3,1.9,84.0,1.0,20,58,40,1,3,2,1,1,4
MS-UP-011,Rampur · UP22,Uttar Pradesh,North,2022-06,68,87.0,175,40.15,51.1,20.0,7.3,83.9,1.0,16,40,37,3,3,1,1,2,4
MS-UP-011,Rampur · UP22,Uttar Pradesh,North,2022-07,70,85.0,184,40.15,53.8,21.5,7.0,82.5,0.0,23,41,34,7,4,0,1,1,3
MS-UP-011,Rampur · UP22,Uttar Pradesh,North,2022-08,69,71.0,188,40.15,52.9,20.8,3.5,81.1,0.0,19,52,28,7,4,2,2,1,1
MS-UP-011,Rampur · UP22,Uttar Pradesh,North,2022-09,62,61.0,185,40.15,48.0,14.9,0.2,85.0,1.0,21,56,22,12,3,0,2,1,5
MS-UP-011,Rampur · UP22,Uttar Pradesh,North,2022-10,108,101.0,246,40.15,32.9,0.1,0.0,86.8,0.0,29,64,27,5,2,2,0,1,5
MS-UP-011,Rampur · UP22,Uttar Pradesh,North,2022-11,92,120.0,230,40.15,41.7,4.5,0.0,85.3,0.0,32,47,45,4,2,2,1,2,2
MS-UP-011,Rampur · UP22,Uttar Pradesh,North,2022-12,77,93.0,191,40.15,43.4,6.4,0.8,86.0,0.0,25,46,26,6,3,0,2,0,3
MS-UP-011,Rampur · UP22,Uttar Pradesh,North,2023-01,109,125.0,264,40.15,46.3,12.5,0.0,85.1,0.0,29,61,43,9,2,2,1,1,6
MS-UP-011,Rampur · UP22,Uttar Pradesh,North,2023-02,117,103.0,259,40.15,35.7,5.7,0.0,83.4,2.0,24,49,46,4,3,2,1,2,8
MS-UP-011,Rampur · UP22,Uttar Pradesh,North,2023-03,93,107.0,230,40.15,32.8,2.3,1.5,84.9,2.0,22,48,50,11,2,0,1,1,2
MS-UP-011,Rampur · UP22,Uttar Pradesh,North,2023-04,100,109.0,232,40.15,38.0,6.3,0.5,86.2,0.0,19,63,36,5,4,1,0,0,1
MS-UP-011,Rampur · UP22,Uttar Pradesh,North,2023-05,101,105.0,265,40.15,39.2,3.5,3.5,86.8,1.0,33,44,64,10,2,3,1,1,3
MS-UP-011,Rampur · UP22,Uttar Pradesh,North,2023-06,92,87.0,226,40.15,36.5,0.6,1.7,86.8,2.0,23,38,44,11,4,3,3,3,2
MS-UP-011,Rampur · UP22,Uttar Pradesh,North,2023-07,88,85.0,217,40.15,33.5,1.6,2.1,86.9,1.0,25,40,48,7,2,1,2,0,2
MS-UP-011,Rampur · UP22,Uttar Pradesh,North,2023-08,72,71.0,212,40.15,32.7,3.0,4.0,86.3,0.0,25,48,46,10,3,0,0,0,5
MS-UP-011,Rampur · UP22,Uttar Pradesh,North,2023-09,125,61.0,261,40.15,8.3,3.7,1.5,84.2,1.0,25,45,41,10,6,4,1,3,1
MS-UP-011,Rampur · UP22,Uttar Pradesh,North,2023-10,111,102.0,250,40.15,7.4,1.9,2.1,83.4,1.0,23,58,43,6,2,1,1,2,0
MS-UP-011,Rampur · UP22,Uttar Pradesh,North,2023-11,143,120.0,316,40.15,4.2,4.8,1.0,83.9,2.0,34,55,60,8,0,3,1,2,6
MS-UP-011,Rampur · UP22,Uttar Pradesh,North,2023-12,88,93.0,220,40.15,12.3,1.6,1.8,84.4,1.0,27,39,46,10,2,1,1,0,3
MS-UP-011,Rampur · UP22,Uttar Pradesh,North,2024-01,121,125.0,311,40.15,18.1,0.2,0.0,85.2,1.0,34,54,67,10,5,4,3,7,2
MS-UP-011,Rampur · UP22,Uttar Pradesh,North,2024-02,129,103.0,282,40.15,15.2,1.9,6.6,85.5,2.0,33,34,59,9,4,2,0,3,8
MS-UP-011,Rampur · UP22,Uttar Pradesh,North,2024-03,137,107.0,296,40.15,8.9,5.3,11.8,85.5,0.0,32,43,61,14,0,0,4,0,3
MS-UP-011,Rampur · UP22,Uttar Pradesh,North,2024-04,132,137.0,282,40.15,15.4,2.2,18.8,85.6,2.0,28,45,53,9,3,2,1,2,5
MS-UP-011,Rampur · UP22,Uttar Pradesh,North,2024-05,131,131.0,278,40.15,17.2,3.6,26.7,84.9,0.0,30,32,62,8,5,1,0,1,5
MS-UP-017,Hardoi · UP30,Uttar Pradesh,North,2021-06,110,,247,37.69,,,,,,36,26,44,2,5,0,1,0,18
MS-UP-017,Hardoi · UP30,Uttar Pradesh,North,2021-07,104,,211,37.69,,,,,,16,25,42,4,0,1,0,0,15
MS-UP-017,Hardoi · UP30,Uttar Pradesh,North,2021-08,90,,183,37.69,,,,,,21,16,40,1,4,1,0,0,9
MS-UP-017,Hardoi · UP30,Uttar Pradesh,North,2021-09,65,,148,37.69,,,,,,15,29,35,2,0,0,0,0,2
MS-UP-017,Hardoi · UP30,Uttar Pradesh,North,2021-10,107,,198,37.69,,,,,,25,24,26,2,5,2,0,0,6
MS-UP-017,Hardoi · UP30,Uttar Pradesh,North,2021-11,158,,282,37.69,,,,,,32,30,43,2,1,3,1,0,12
MS-UP-017,Hardoi · UP30,Uttar Pradesh,North,2021-12,109,,268,37.69,,,,,,28,51,53,2,2,1,0,4,18
MS-UP-017,Hardoi · UP30,Uttar Pradesh,North,2022-01,171,,318,37.69,,,,,,32,36,63,1,1,2,1,1,8
MS-UP-017,Hardoi · UP30,Uttar Pradesh,North,2022-02,155,,306,37.69,,,,,,25,39,60,2,0,1,0,0,23
MS-UP-017,Hardoi · UP30,Uttar Pradesh,North,2022-03,114,,229,37.69,,,,,,16,24,57,2,2,0,1,4,9
MS-UP-017,Hardoi · UP30,Uttar Pradesh,North,2022-04,149,141.0,310,37.69,20.5,3.0,8.9,84.1,2.0,35,46,63,1,0,1,1,1,13
MS-UP-017,Hardoi · UP30,Uttar Pradesh,North,2022-05,136,136.0,255,37.69,23.6,2.5,8.3,83.6,2.0,21,25,54,2,1,1,0,2,12
MS-UP-017,Hardoi · UP30,Uttar Pradesh,North,2022-06,114,113.0,213,37.69,26.3,2.6,5.0,84.6,1.0,10,29,46,3,2,1,0,1,7
MS-UP-017,Hardoi · UP30,Uttar Pradesh,North,2022-07,100,110.0,203,37.69,32.8,3.2,8.7,83.9,0.0,26,29,34,2,1,1,1,2,7
MS-UP-017,Hardoi · UP30,Uttar Pradesh,North,2022-08,88,92.0,180,37.69,35.2,0.4,10.2,83.6,1.0,15,24,47,1,2,0,0,0,3
MS-UP-017,Hardoi · UP30,Uttar Pradesh,North,2022-09,74,79.0,165,37.69,35.7,4.9,11.3,83.7,1.0,19,21,44,1,2,0,1,0,3
MS-UP-017,Hardoi · UP30,Uttar Pradesh,North,2022-10,177,131.0,335,37.69,19.7,1.8,4.5,85.4,5.0,43,39,66,3,1,0,0,0,5
MS-UP-017,Hardoi · UP30,Uttar Pradesh,North,2022-11,95,155.0,251,37.69,43.1,6.8,3.7,87.3,1.0,19,39,91,1,0,2,0,1,3
MS-UP-017,Hardoi · UP30,Uttar Pradesh,North,2022-12,72,120.0,177,37.69,49.1,16.4,6.6,85.6,1.0,11,36,46,4,0,1,1,2,3
MS-UP-017,Hardoi · UP30,Uttar Pradesh,North,2023-01,194,162.0,397,37.69,41.4,9.0,5.4,87.6,3.0,36,36,118,3,0,3,0,0,7
MS-UP-017,Hardoi · UP30,Uttar Pradesh,North,2023-02,139,133.0,281,37.69,30.6,1.4,4.8,87.2,1.0,23,34,67,1,2,1,1,1,10
MS-UP-017,Hardoi · UP30,Uttar Pradesh,North,2023-03,122,138.0,247,37.69,29.1,3.7,6.5,85.5,1.0,25,28,54,2,0,0,1,2,12
MS-UP-017,Hardoi · UP30,Uttar Pradesh,North,2023-04,104,153.0,241,37.69,51.2,19.4,12.4,85.5,2.0,18,38,68,4,1,1,1,0,4
MS-UP-017,Hardoi · UP30,Uttar Pradesh,North,2023-05,154,147.0,306,37.69,43.5,11.0,8.1,86.4,0.0,21,45,74,1,1,0,0,1,8
MS-UP-017,Hardoi · UP30,Uttar Pradesh,North,2023-06,110,122.0,241,37.69,42.7,6.2,8.7,84.0,2.0,21,34,60,2,3,2,0,0,7
MS-UP-017,Hardoi · UP30,Uttar Pradesh,North,2023-07,118,119.0,245,37.69,37.1,2.2,6.1,84.6,3.0,14,37,69,1,1,0,0,0,5
MS-UP-017,Hardoi · UP30,Uttar Pradesh,North,2023-08,104,100.0,231,37.69,37.1,3.0,5.8,85.2,1.0,28,27,63,4,1,0,1,0,3
MS-UP-017,Hardoi · UP30,Uttar Pradesh,North,2023-09,119,86.0,249,37.69,24.0,1.6,8.5,84.0,0.0,21,33,68,2,2,0,0,0,4
MS-UP-017,Hardoi · UP30,Uttar Pradesh,North,2023-10,144,142.0,301,37.69,23.4,0.8,8.7,85.6,1.0,33,39,77,1,1,2,1,0,2
MS-UP-017,Hardoi · UP30,Uttar Pradesh,North,2023-11,206,168.0,431,37.69,17.2,3.2,12.5,86.1,1.0,44,58,113,2,0,1,0,1,6
MS-UP-017,Hardoi · UP30,Uttar Pradesh,North,2023-12,115,130.0,263,37.69,22.9,3.5,10.0,88.0,1.0,15,45,78,4,1,1,0,2,2
MS-UP-017,Hardoi · UP30,Uttar Pradesh,North,2024-01,209,175.0,417,37.69,16.5,3.0,11.3,86.2,2.0,41,48,108,1,2,0,1,0,6
MS-UP-017,Hardoi · UP30,Uttar Pradesh,North,2024-02,158,144.0,312,37.69,27.5,0.9,11.0,87.0,1.0,31,35,73,2,3,1,0,1,6
MS-UP-017,Hardoi · UP30,Uttar Pradesh,North,2024-03,126,149.0,270,37.69,45.7,9.1,11.6,85.4,0.0,26,50,52,6,4,0,1,0,3
MS-UP-017,Hardoi · UP30,Uttar Pradesh,North,2024-04,178,175.0,360,37.69,60.3,31.1,10.9,82.2,4.0,43,50,77,3,2,0,0,0,5
MS-UP-017,Hardoi · UP30,Uttar Pradesh,North,2024-05,89,168.0,208,37.69,99.6,48.5,27.3,78.2,3.0,19,40,48,0,4,1,0,1,3
MS-UP-023,Amethi · UP36,Uttar Pradesh,North,2021-06,38,,87,37.97,,,,,,14,8,19,0,0,1,0,0,4
MS-UP-023,Amethi · UP36,Uttar Pradesh,North,2021-07,18,,47,37.97,,,,,,4,5,15,0,1,0,0,0,4
MS-UP-023,Amethi · UP36,Uttar Pradesh,North,2021-08,16,,59,37.97,,,,,,6,10,22,0,0,0,0,0,3
MS-UP-023,Amethi · UP36,Uttar Pradesh,North,2021-09,22,,54,37.97,,,,,,10,7,14,0,0,0,0,0,1
MS-UP-023,Amethi · UP36,Uttar Pradesh,North,2021-10,8,,43,37.97,,,,,,8,7,19,0,0,0,0,0,0
MS-UP-023,Amethi · UP36,Uttar Pradesh,North,2021-11,25,,73,37.97,,,,,,3,17,26,0,0,0,0,0,2
MS-UP-023,Amethi · UP36,Uttar Pradesh,North,2021-12,41,,113,37.97,,,,,,11,27,27,0,1,0,1,0,4
MS-UP-023,Amethi · UP36,Uttar Pradesh,North,2022-01,26,,77,37.97,,,,,,4,29,15,0,1,0,0,0,1
MS-UP-023,Amethi · UP36,Uttar Pradesh,North,2022-02,28,,76,37.97,,,,,,4,10,32,1,0,0,0,0,1
MS-UP-023,Amethi · UP36,Uttar Pradesh,North,2022-03,22,,74,37.97,,,,,,8,27,14,0,0,0,0,0,2
MS-UP-023,Amethi · UP36,Uttar Pradesh,North,2022-04,32,28.0,88,37.97,19.1,5.9,5.3,86.7,1.0,3,26,21,1,0,2,0,0,2
MS-UP-023,Amethi · UP36,Uttar Pradesh,North,2022-05,34,27.0,90,37.97,16.5,3.1,0.1,86.7,0.0,6,23,24,0,0,3,0,0,0
MS-UP-023,Amethi · UP36,Uttar Pradesh,North,2022-06,31,22.0,96,37.97,9.6,2.8,0.4,90.4,0.0,3,37,25,0,0,0,0,0,0
MS-UP-023,Amethi · UP36,Uttar Pradesh,North,2022-07,23,22.0,65,37.97,15.0,1.7,2.1,88.2,0.0,2,21,18,0,1,0,0,0,0
MS-UP-023,Amethi · UP36,Uttar Pradesh,North,2022-08,18,18.0,61,37.97,20.2,2.8,4.3,88.8,0.0,4,16,20,2,1,0,0,0,0
MS-UP-023,Amethi · UP36,Uttar Pradesh,North,2022-09,17,16.0,55,37.97,22.3,4.0,4.3,88.8,0.0,2,19,10,2,2,1,0,0,1
MS-UP-023,Amethi · UP36,Uttar Pradesh,North,2022-10,31,26.0,97,37.97,20.8,2.6,3.3,88.1,0.0,11,25,26,2,2,0,0,0,0
MS-UP-023,Amethi · UP36,Uttar Pradesh,North,2022-11,25,31.0,100,37.97,32.8,3.6,3.1,89.4,0.0,6,30,36,2,0,1,0,0,0
MS-UP-023,Amethi · UP36,Uttar Pradesh,North,2022-12,30,24.0,67,37.97,16.1,2.8,0.4,87.6,1.0,0,10,19,5,0,1,1,0,1
MS-UP-023,Amethi · UP36,Uttar Pradesh,North,2023-01,34,32.0,112,37.97,17.6,2.2,4.3,89.1,0.0,7,28,34,3,0,3,0,0,3
MS-UP-023,Amethi · UP36,Uttar Pradesh,North,2023-02,29,26.0,78,37.97,17.3,5.0,4.3,87.3,1.0,5,13,28,0,1,0,0,0,2
MS-UP-023,Amethi · UP36,Uttar Pradesh,North,2023-03,37,27.0,100,37.97,9.8,3.9,2.1,85.5,1.0,5,24,27,1,3,1,1,0,0
MS-UP-023,Amethi · UP36,Uttar Pradesh,North,2023-04,25,36.0,89,37.97,31.1,0.0,4.4,86.4,0.0,3,28,28,2,0,1,0,0,0
MS-UP-023,Amethi · UP36,Uttar Pradesh,North,2023-05,25,34.0,92,37.97,44.2,9.1,8.3,87.7,0.0,9,13,40,1,2,1,0,0,1
MS-UP-023,Amethi · UP36,Uttar Pradesh,North,2023-06,22,29.0,68,37.97,51.5,18.0,12.0,88.5,0.0,4,15,25,1,1,0,0,0,0
MS-UP-023,Amethi · UP36,Uttar Pradesh,North,2023-07,25,28.0,82,37.97,48.1,17.7,9.9,90.3,0.0,4,23,28,2,0,0,0,0,0
MS-UP-023,Amethi · UP36,Uttar Pradesh,North,2023-08,18,23.0,64,37.97,52.3,22.9,10.0,87.5,0.0,6,14,23,1,1,0,0,0,0
MS-UP-023,Amethi · UP36,Uttar Pradesh,North,2023-09,31,20.0,96,37.97,25.2,4.2,4.6,90.5,0.0,8,25,30,1,1,0,0,0,0
MS-UP-023,Amethi · UP36,Uttar Pradesh,North,2023-10,30,33.0,87,37.97,32.3,1.5,7.1,88.8,0.0,3,22,27,3,0,1,1,0,0
MS-UP-023,Amethi · UP36,Uttar Pradesh,North,2023-11,52,39.0,143,37.97,15.7,1.0,3.4,87.7,0.0,9,42,34,2,0,1,0,1,1
MS-UP-023,Amethi · UP36,Uttar Pradesh,North,2023-12,38,30.0,98,37.97,13.2,5.0,3.9,86.0,0.0,4,27,26,1,1,0,0,1,0
MS-UP-023,Amethi · UP36,Uttar Pradesh,North,2024-01,44,41.0,113,37.97,16.3,0.8,3.8,85.2,0.0,18,17,28,2,2,0,0,1,0
MS-UP-023,Amethi · UP36,Uttar Pradesh,North,2024-02,39,34.0,103,37.97,17.6,6.5,3.1,87.8,0.0,11,26,23,1,3,0,0,0,0
MS-UP-023,Amethi · UP36,Uttar Pradesh,North,2024-03,29,35.0,87,37.97,26.0,4.3,5.6,86.5,0.0,5,29,20,2,1,0,0,0,0
MS-UP-023,Amethi · UP36,Uttar Pradesh,North,2024-04,37,40.0,97,37.97,32.2,1.1,1.4,85.6,0.0,9,23,23,1,1,2,0,1,0
MS-UP-023,Amethi · UP36,Uttar Pradesh,North,2024-05,22,38.0,103,37.97,53.1,25.2,9.2,88.6,0.0,7,58,13,0,1,0,0,0,0
MS-UP-029,Gonda · UP43,Uttar Pradesh,North,2021-06,80,,190,36.26,,,,,,27,34,37,1,4,1,1,0,4
MS-UP-029,Gonda · UP43,Uttar Pradesh,North,2021-07,64,,135,36.26,,,,,,21,23,20,2,0,1,0,0,3
MS-UP-029,Gonda · UP43,Uttar Pradesh,North,2021-08,49,,122,36.26,,,,,,13,24,34,0,0,1,0,0,1
MS-UP-029,Gonda · UP43,Uttar Pradesh,North,2021-09,35,,95,36.26,,,,,,9,29,20,1,0,1,0,0,0
MS-UP-029,Gonda · UP43,Uttar Pradesh,North,2021-10,23,,97,36.26,,,,,,15,23,32,2,1,0,1,0,0
MS-UP-029,Gonda · UP43,Uttar Pradesh,North,2021-11,54,,151,36.26,,,,,,17,34,42,1,0,2,0,0,0
MS-UP-029,Gonda · UP43,Uttar Pradesh,North,2021-12,66,,180,36.26,,,,,,24,30,54,0,1,0,1,0,4
MS-UP-029,Gonda · UP43,Uttar Pradesh,North,2022-01,69,,167,36.26,,,,,,12,43,41,0,1,0,0,0,1
MS-UP-029,Gonda · UP43,Uttar Pradesh,North,2022-02,67,,174,36.26,,,,,,16,31,50,0,3,0,0,2,4
MS-UP-029,Gonda · UP43,Uttar Pradesh,North,2022-03,63,,170,36.26,,,,,,9,39,57,0,1,0,0,0,1
MS-UP-029,Gonda · UP43,Uttar Pradesh,North,2022-04,57,69.0,165,36.26,39.3,2.1,4.5,88.1,0.0,16,32,52,2,1,0,0,0,4
MS-UP-029,Gonda · UP43,Uttar Pradesh,North,2022-05,75,66.0,193,36.26,28.1,3.2,0.6,88.7,2.0,16,45,49,4,0,1,0,0,2
MS-UP-029,Gonda · UP43,Uttar Pradesh,North,2022-06,48,55.0,134,36.26,35.2,4.1,3.1,86.5,0.0,9,39,32,2,2,0,0,0,0
MS-UP-029,Gonda · UP43,Uttar Pradesh,North,2022-07,50,54.0,145,36.26,32.8,3.2,6.2,88.7,0.0,9,23,58,3,1,0,0,0,0
MS-UP-029,Gonda · UP43,Uttar Pradesh,North,2022-08,34,45.0,127,36.26,46.1,15.8,6.7,90.8,0.0,6,30,54,3,0,0,0,0,0
MS-UP-029,Gonda · UP43,Uttar Pradesh,North,2022-09,35,39.0,96,36.26,43.5,8.9,4.5,89.5,0.0,8,25,24,1,1,0,0,0,1
MS-UP-029,Gonda · UP43,Uttar Pradesh,North,2022-10,66,64.0,191,36.26,37.8,3.3,4.9,90.3,2.0,15,31,73,3,1,0,0,0,1
MS-UP-029,Gonda · UP43,Uttar Pradesh,North,2022-11,53,76.0,137,36.26,51.0,17.9,8.3,91.6,0.0,5,34,42,1,0,1,0,0,1
MS-UP-029,Gonda · UP43,Uttar Pradesh,North,2022-12,46,59.0,126,36.26,50.8,20.2,9.3,88.7,1.0,9,35,35,0,1,0,0,0,0
MS-UP-029,Gonda · UP43,Uttar Pradesh,North,2023-01,79,79.0,206,36.26,43.4,5.7,5.8,87.0,1.0,13,46,62,3,0,1,0,0,1
MS-UP-029,Gonda · UP43,Uttar Pradesh,North,2023-02,56,65.0,158,36.26,41.9,6.5,2.9,86.5,1.0,13,36,44,3,2,1,1,0,2
MS-UP-029,Gonda · UP43,Uttar Pradesh,North,2023-03,55,67.0,187,36.26,43.2,8.6,7.5,87.9,0.0,15,45,66,4,0,1,0,0,1
MS-UP-029,Gonda · UP43,Uttar Pradesh,North,2023-04,55,68.0,142,36.26,53.1,24.9,12.6,87.8,1.0,5,46,32,2,0,0,0,0,1
MS-UP-029,Gonda · UP43,Uttar Pradesh,North,2023-05,70,66.0,172,36.26,40.2,1.4,4.5,88.1,1.0,9,43,45,1,2,0,0,1,0
MS-UP-029,Gonda · UP43,Uttar Pradesh,North,2023-06,49,55.0,151,36.26,38.4,2.1,2.3,86.0,1.0,14,43,33,3,4,1,0,0,4
MS-UP-029,Gonda · UP43,Uttar Pradesh,North,2023-07,40,53.0,130,36.26,43.2,10.0,4.1,87.1,0.0,8,41,37,1,1,0,0,0,1
MS-UP-029,Gonda · UP43,Uttar Pradesh,North,2023-08,45,45.0,118,36.26,39.2,3.4,5.9,87.9,0.0,8,31,33,1,0,0,0,0,0
MS-UP-029,Gonda · UP43,Uttar Pradesh,North,2023-09,37,38.0,119,36.26,35.7,5.9,5.0,87.5,0.0,11,28,40,0,3,0,0,0,0
MS-UP-029,Gonda · UP43,Uttar Pradesh,North,2023-10,58,64.0,181,36.26,37.2,4.2,3.6,86.3,0.0,17,42,60,1,2,0,0,0,0
MS-UP-029,Gonda · UP43,Uttar Pradesh,North,2023-11,76,75.0,219,36.26,34.1,0.0,3.5,84.7,0.0,14,53,62,6,4,2,0,0,0
MS-UP-029,Gonda · UP43,Uttar Pradesh,North,2023-12,32,58.0,116,36.26,48.8,17.0,8.7,85.8,0.0,6,45,31,0,1,0,0,0,1
MS-UP-029,Gonda · UP43,Uttar Pradesh,North,2024-01,74,78.0,183,36.26,44.9,13.6,7.3,88.2,0.0,11,42,48,3,2,0,1,0,2
MS-UP-029,Gonda · UP43,Uttar Pradesh,North,2024-02,59,65.0,171,36.26,45.6,11.8,8.9,89.8,0.0,20,48,37,2,4,0,0,0,1
MS-UP-029,Gonda · UP43,Uttar Pradesh,North,2024-03,56,67.0,158,36.26,44.3,7.7,1.4,90.9,2.0,4,51,44,2,0,1,0,0,0
MS-UP-029,Gonda · UP43,Uttar Pradesh,North,2024-04,57,68.0,156,36.26,50.6,16.6,7.1,89.2,1.0,15,38,35,4,1,1,1,1,0
MS-UP-029,Gonda · UP43,Uttar Pradesh,North,2024-05,39,65.0,106,36.26,58.3,28.7,10.7,88.4,0.0,9,32,21,3,1,0,0,0,1
MS-UP-035,Gorakhpur · UP53,Uttar Pradesh,North,2021-06,401,,896,39.4,,,,,,169,142,71,26,24,15,5,1,18
MS-UP-035,Gorakhpur · UP53,Uttar Pradesh,North,2021-07,394,,858,39.4,,,,,,121,113,121,20,13,16,3,1,29
MS-UP-035,Gorakhpur · UP53,Uttar Pradesh,North,2021-08,339,,764,39.4,,,,,,138,88,112,29,16,7,6,3,11
MS-UP-035,Gorakhpur · UP53,Uttar Pradesh,North,2021-09,452,,985,39.4,,,,,,132,170,122,32,22,11,2,2,16
MS-UP-035,Gorakhpur · UP53,Uttar Pradesh,North,2021-10,360,,767,39.4,,,,,,103,134,74,34,23,16,8,0,6
MS-UP-035,Gorakhpur · UP53,Uttar Pradesh,North,2021-11,394,,913,39.4,,,,,,129,133,116,38,37,22,14,1,17
MS-UP-035,Gorakhpur · UP53,Uttar Pradesh,North,2021-12,547,,1274,39.4,,,,,,167,236,193,35,39,13,10,2,20
MS-UP-035,Gorakhpur · UP53,Uttar Pradesh,North,2022-01,444,,1040,39.4,,,,,,109,260,123,32,19,12,14,2,14
MS-UP-035,Gorakhpur · UP53,Uttar Pradesh,North,2022-02,390,,947,39.4,,,,,,102,218,107,49,21,18,15,3,12
MS-UP-035,Gorakhpur · UP53,Uttar Pradesh,North,2022-03,387,,996,39.4,,,,,,114,237,139,40,34,8,15,4,5
MS-UP-035,Gorakhpur · UP53,Uttar Pradesh,North,2022-04,387,488.0,956,39.4,46.5,12.8,8.6,79.7,5.0,97,248,114,42,30,14,7,0,8
MS-UP-035,Gorakhpur · UP53,Uttar Pradesh,North,2022-05,426,469.0,953,39.4,50.5,16.6,8.6,79.4,6.0,97,212,102,48,13,14,13,3,17
MS-UP-035,Gorakhpur · UP53,Uttar Pradesh,North,2022-06,379,391.0,872,39.4,47.9,15.4,8.8,82.5,3.0,87,199,100,51,13,12,13,2,12
MS-UP-035,Gorakhpur · UP53,Uttar Pradesh,North,2022-07,339,380.0,783,39.4,47.1,15.7,7.5,82.8,0.0,79,147,106,51,25,7,12,3,5
MS-UP-035,Gorakhpur · UP53,Uttar Pradesh,North,2022-08,360,319.0,819,39.4,42.2,6.1,4.8,81.5,5.0,89,147,138,39,14,5,10,3,5
MS-UP-035,Gorakhpur · UP53,Uttar Pradesh,North,2022-09,260,274.0,655,39.4,44.3,10.0,3.7,80.8,6.0,55,140,119,32,20,4,9,1,5
MS-UP-035,Gorakhpur · UP53,Uttar Pradesh,North,2022-10,637,454.0,1400,39.4,20.9,4.2,7.6,80.0,10.0,150,263,214,55,28,14,16,5,11
MS-UP-035,Gorakhpur · UP53,Uttar Pradesh,North,2022-11,416,538.0,961,39.4,33.7,3.8,9.1,80.8,7.0,104,198,131,35,22,13,18,3,16
MS-UP-035,Gorakhpur · UP53,Uttar Pradesh,North,2022-12,368,414.0,850,39.4,33.9,1.7,6.6,80.1,3.0,73,172,150,35,19,11,8,3,9
MS-UP-035,Gorakhpur · UP53,Uttar Pradesh,North,2023-01,476,559.0,1060,39.4,42.9,5.6,7.6,82.0,8.0,111,236,130,43,11,14,18,2,13
MS-UP-035,Gorakhpur · UP53,Uttar Pradesh,North,2023-02,381,461.0,983,39.4,47.3,13.4,7.8,81.2,8.0,80,258,153,56,19,8,19,3,4
MS-UP-035,Gorakhpur · UP53,Uttar Pradesh,North,2023-03,389,477.0,1143,39.4,48.8,15.1,12.2,80.8,3.0,93,356,176,55,21,6,24,7,9
MS-UP-035,Gorakhpur · UP53,Uttar Pradesh,North,2023-04,376,504.0,906,39.4,61.7,29.8,17.4,80.8,3.0,83,245,124,31,11,5,14,3,8
MS-UP-035,Gorakhpur · UP53,Uttar Pradesh,North,2023-05,459,484.0,1022,39.4,53.4,21.5,9.8,82.7,3.0,96,201,154,51,15,10,21,2,5
MS-UP-035,Gorakhpur · UP53,Uttar Pradesh,North,2023-06,407,403.0,909,39.4,41.3,4.5,8.1,82.0,4.0,84,166,144,45,22,10,14,1,11
MS-UP-035,Gorakhpur · UP53,Uttar Pradesh,North,2023-07,415,393.0,963,39.4,34.2,3.3,7.1,79.7,3.0,103,201,140,28,24,8,21,4,15
MS-UP-035,Gorakhpur · UP53,Uttar Pradesh,North,2023-08,448,329.0,1039,39.4,20.5,0.5,3.4,79.1,7.0,111,209,153,50,31,8,14,5,5
MS-UP-035,Gorakhpur · UP53,Uttar Pradesh,North,2023-09,423,283.0,944,39.4,9.3,5.0,3.9,79.4,5.0,94,174,160,29,20,10,22,4,4
MS-UP-035,Gorakhpur · UP53,Uttar Pradesh,North,2023-10,522,469.0,1123,39.4,14.1,4.1,4.0,80.7,6.0,122,250,135,36,29,9,10,2,2
MS-UP-035,Gorakhpur · UP53,Uttar Pradesh,North,2023-11,667,555.0,1452,39.4,11.0,3.8,3.7,81.8,10.0,124,307,204,62,23,22,30,5,5
MS-UP-035,Gorakhpur · UP53,Uttar Pradesh,North,2023-12,377,428.0,868,39.4,17.2,2.1,5.2,80.9,8.0,77,211,130,20,16,10,11,1,8
MS-UP-035,Gorakhpur · UP53,Uttar Pradesh,North,2024-01,532,577.0,1204,39.4,24.9,1.7,4.7,78.8,5.0,101,271,172,48,37,14,18,3,5
MS-UP-035,Gorakhpur · UP53,Uttar Pradesh,North,2024-02,459,476.0,1134,39.4,31.2,4.3,5.1,76.4,5.0,109,290,149,60,23,11,21,4,5
MS-UP-035,Gorakhpur · UP53,Uttar Pradesh,North,2024-03,444,493.0,1057,39.4,36.1,2.4,1.9,78.2,4.0,87,282,143,30,29,10,18,3,6
MS-UP-035,Gorakhpur · UP53,Uttar Pradesh,North,2024-04,456,579.0,1134,39.4,47.3,13.0,4.2,77.3,4.0,117,245,181,61,33,11,16,2,9
MS-UP-035,Gorakhpur · UP53,Uttar Pradesh,North,2024-05,495,556.0,1081,39.4,51.5,19.8,4.9,79.1,11.0,86,236,138,48,32,8,20,6,9
MS-UP-041,Ballia · UP60,Uttar Pradesh,North,2021-06,111,,265,39.42,,,,,,31,41,52,3,6,0,1,1,7
MS-UP-041,Ballia · UP60,Uttar Pradesh,North,2021-07,119,,267,39.42,,,,,,35,39,50,4,3,6,5,0,3
MS-UP-041,Ballia · UP60,Uttar Pradesh,North,2021-08,92,,203,39.42,,,,,,25,43,33,2,1,2,0,0,2
MS-UP-041,Ballia · UP60,Uttar Pradesh,North,2021-09,74,,201,39.42,,,,,,28,53,36,3,4,1,0,0,1
MS-UP-041,Ballia · UP60,Uttar Pradesh,North,2021-10,45,,141,39.42,,,,,,14,42,32,0,2,0,0,0,6
MS-UP-041,Ballia · UP60,Uttar Pradesh,North,2021-11,93,,234,39.42,,,,,,34,44,46,0,5,2,1,0,8
MS-UP-041,Ballia · UP60,Uttar Pradesh,North,2021-12,137,,329,39.42,,,,,,43,78,55,3,5,0,0,0,6
MS-UP-041,Ballia · UP60,Uttar Pradesh,North,2022-01,100,,241,39.42,,,,,,28,51,43,6,3,2,1,1,4
MS-UP-041,Ballia · UP60,Uttar Pradesh,North,2022-02,71,,212,39.42,,,,,,19,80,33,3,3,0,0,0,2
MS-UP-041,Ballia · UP60,Uttar Pradesh,North,2022-03,76,,203,39.42,,,,,,15,55,48,2,5,0,0,0,2
MS-UP-041,Ballia · UP60,Uttar Pradesh,North,2022-04,73,108.0,231,39.42,55.4,23.7,13.3,84.5,1.0,30,72,43,6,4,2,0,0,1
MS-UP-041,Ballia · UP60,Uttar Pradesh,North,2022-05,86,103.0,200,39.42,50.8,18.4,9.3,86.8,1.0,17,41,42,3,8,1,0,0,0
MS-UP-041,Ballia · UP60,Uttar Pradesh,North,2022-06,57,86.0,206,39.42,61.9,33.0,11.9,85.6,0.0,20,73,44,3,5,2,0,0,1
MS-UP-041,Ballia · UP60,Uttar Pradesh,North,2022-07,62,84.0,176,39.42,64.3,31.2,8.5,83.8,0.0,18,51,38,3,2,0,0,0,0
MS-UP-041,Ballia · UP60,Uttar Pradesh,North,2022-08,71,70.0,174,39.42,53.4,19.6,2.5,83.5,1.0,18,43,30,4,1,3,0,1,1
MS-UP-041,Ballia · UP60,Uttar Pradesh,North,2022-09,61,61.0,144,39.42,43.3,9.7,3.7,85.5,0.0,14,32,27,4,2,2,0,0,2
MS-UP-041,Ballia · UP60,Uttar Pradesh,North,2022-10,103,100.0,282,39.42,38.0,0.4,0.6,83.5,0.0,30,63,69,4,3,2,0,1,6
MS-UP-041,Ballia · UP60,Uttar Pradesh,North,2022-11,66,119.0,201,39.42,63.8,29.8,7.4,81.9,1.0,21,52,47,0,2,7,3,1,2
MS-UP-041,Ballia · UP60,Uttar Pradesh,North,2022-12,73,91.0,169,39.42,53.5,24.5,5.7,83.5,1.0,19,37,35,4,0,0,0,0,0
MS-UP-041,Ballia · UP60,Uttar Pradesh,North,2023-01,89,123.0,246,39.42,70.9,33.5,15.7,81.1,3.0,16,74,49,3,1,3,2,0,3
MS-UP-041,Ballia · UP60,Uttar Pradesh,North,2023-02,83,102.0,222,39.42,64.9,31.9,8.7,81.6,2.0,13,59,53,7,1,3,1,1,0
MS-UP-041,Ballia · UP60,Uttar Pradesh,North,2023-03,70,105.0,225,39.42,67.0,34.9,12.6,84.9,1.0,20,79,41,5,3,2,2,1,1
MS-UP-041,Ballia · UP60,Uttar Pradesh,North,2023-04,61,94.0,190,39.42,73.3,35.0,19.0,84.3,0.0,15,67,38,2,5,1,0,0,1
MS-UP-041,Ballia · UP60,Uttar Pradesh,North,2023-05,87,90.0,244,39.42,58.8,27.7,10.9,85.4,0.0,22,73,50,5,4,1,0,1,1
MS-UP-041,Ballia · UP60,Uttar Pradesh,North,2023-06,80,75.0,221,39.42,46.2,15.7,0.0,86.8,1.0,23,66,36,5,7,1,1,1,1
MS-UP-041,Ballia · UP60,Uttar Pradesh,North,2023-07,60,73.0,185,39.42,43.6,7.4,0.0,86.0,0.0,16,61,33,3,5,4,0,0,2
MS-UP-041,Ballia · UP60,Uttar Pradesh,North,2023-08,95,61.0,247,39.42,21.5,4.2,0.0,87.9,2.0,24,69,43,7,8,0,0,0,1
MS-UP-041,Ballia · UP60,Uttar Pradesh,North,2023-09,65,53.0,184,39.42,19.0,4.7,2.8,88.9,0.0,12,51,41,5,3,2,1,1,1
MS-UP-041,Ballia · UP60,Uttar Pradesh,North,2023-10,89,87.0,225,39.42,21.7,2.9,3.8,87.5,1.0,17,67,44,2,5,0,0,0,1
MS-UP-041,Ballia · UP60,Uttar Pradesh,North,2023-11,133,103.0,338,39.42,14.7,2.7,2.1,88.0,3.0,26,83,82,2,6,4,2,0,0
MS-UP-041,Ballia · UP60,Uttar Pradesh,North,2023-12,77,79.0,230,39.42,18.3,4.6,0.5,86.4,1.0,17,56,63,7,3,6,0,0,0
MS-UP-041,Ballia · UP60,Uttar Pradesh,North,2024-01,108,107.0,252,39.42,21.9,6.2,0.8,88.3,1.0,19,59,56,6,2,0,0,0,2
MS-UP-041,Ballia · UP60,Uttar Pradesh,North,2024-02,96,88.0,257,39.42,23.8,1.7,2.2,89.8,0.0,24,58,49,13,9,5,0,2,1
MS-UP-041,Ballia · UP60,Uttar Pradesh,North,2024-03,98,91.0,275,39.42,23.0,4.3,0.5,88.6,3.0,27,85,51,2,4,3,1,0,2
MS-UP-041,Ballia · UP60,Uttar Pradesh,North,2024-04,95,110.0,268,39.42,33.7,4.6,0.0,89.4,0.0,16,90,47,8,8,1,0,0,2
MS-UP-041,Ballia · UP60,Uttar Pradesh,North,2024-05,83,105.0,223,39.42,41.6,5.6,0.0,89.7,3.0,17,60,46,4,6,3,2,0,1
MS-UP-047,Bhadohi(Sant Ravidas Nagar) · UP66,Uttar Pradesh,North,2021-06,51,,114,39.08,,,,,,13,22,8,6,6,0,2,0,4
MS-UP-047,Bhadohi(Sant Ravidas Nagar) · UP66,Uttar Pradesh,North,2021-07,60,,130,39.08,,,,,,9,18,22,7,2,1,4,0,2
MS-UP-047,Bhadohi(Sant Ravidas Nagar) · UP66,Uttar Pradesh,North,2021-08,52,,116,39.08,,,,,,9,22,19,4,5,0,1,0,2
MS-UP-047,Bhadohi(Sant Ravidas Nagar) · UP66,Uttar Pradesh,North,2021-09,38,,84,39.08,,,,,,9,16,13,2,1,0,1,1,2
MS-UP-047,Bhadohi(Sant Ravidas Nagar) · UP66,Uttar Pradesh,North,2021-10,48,,116,39.08,,,,,,11,18,16,4,8,3,1,0,5
MS-UP-047,Bhadohi(Sant Ravidas Nagar) · UP66,Uttar Pradesh,North,2021-11,47,,114,39.08,,,,,,14,20,15,4,3,3,2,1,5
MS-UP-047,Bhadohi(Sant Ravidas Nagar) · UP66,Uttar Pradesh,North,2021-12,82,,229,39.08,,,,,,17,53,36,9,9,1,4,0,13
MS-UP-047,Bhadohi(Sant Ravidas Nagar) · UP66,Uttar Pradesh,North,2022-01,77,,173,39.08,,,,,,10,35,24,8,10,0,1,0,8
MS-UP-047,Bhadohi(Sant Ravidas Nagar) · UP66,Uttar Pradesh,North,2022-02,68,,139,39.08,,,,,,12,28,16,6,3,2,0,0,4
MS-UP-047,Bhadohi(Sant Ravidas Nagar) · UP66,Uttar Pradesh,North,2022-03,57,,139,39.08,,,,,,8,33,21,4,8,1,1,1,4
MS-UP-047,Bhadohi(Sant Ravidas Nagar) · UP66,Uttar Pradesh,North,2022-04,72,67.0,164,39.08,17.0,1.2,1.7,87.9,0.0,11,27,24,8,11,2,3,0,5
MS-UP-047,Bhadohi(Sant Ravidas Nagar) · UP66,Uttar Pradesh,North,2022-05,50,65.0,112,39.08,30.7,2.8,3.8,88.1,0.0,6,25,13,8,4,0,1,0,4
MS-UP-047,Bhadohi(Sant Ravidas Nagar) · UP66,Uttar Pradesh,North,2022-06,50,54.0,127,39.08,33.4,4.2,0.8,86.3,0.0,8,31,15,8,6,1,1,1,6
MS-UP-047,Bhadohi(Sant Ravidas Nagar) · UP66,Uttar Pradesh,North,2022-07,44,52.0,130,39.08,42.2,9.1,2.2,87.5,1.0,10,41,16,7,9,0,1,0,1
MS-UP-047,Bhadohi(Sant Ravidas Nagar) · UP66,Uttar Pradesh,North,2022-08,53,44.0,115,39.08,29.4,2.1,0.0,88.1,0.0,5,22,10,8,4,6,2,1,1
MS-UP-047,Bhadohi(Sant Ravidas Nagar) · UP66,Uttar Pradesh,North,2022-09,30,38.0,85,39.08,36.8,2.5,1.6,88.3,0.0,5,25,17,2,4,0,1,0,1
MS-UP-047,Bhadohi(Sant Ravidas Nagar) · UP66,Uttar Pradesh,North,2022-10,72,63.0,170,39.08,22.6,2.6,2.9,88.4,1.0,12,34,25,6,11,0,1,1,7
MS-UP-047,Bhadohi(Sant Ravidas Nagar) · UP66,Uttar Pradesh,North,2022-11,40,74.0,120,39.08,51.1,20.1,10.1,89.1,0.0,9,21,24,5,11,3,1,0,6
MS-UP-047,Bhadohi(Sant Ravidas Nagar) · UP66,Uttar Pradesh,North,2022-12,41,57.0,135,39.08,49.5,17.0,5.8,87.3,1.0,8,35,31,7,5,0,1,2,5
MS-UP-047,Bhadohi(Sant Ravidas Nagar) · UP66,Uttar Pradesh,North,2023-01,62,77.0,139,39.08,57.5,23.2,10.1,86.7,0.0,3,29,24,4,6,0,1,1,9
MS-UP-047,Bhadohi(Sant Ravidas Nagar) · UP66,Uttar Pradesh,North,2023-02,43,64.0,130,39.08,66.8,34.5,15.8,86.5,1.0,12,26,24,6,8,0,1,1,7
MS-UP-047,Bhadohi(Sant Ravidas Nagar) · UP66,Uttar Pradesh,North,2023-03,51,66.0,155,39.08,61.8,25.1,13.0,85.4,0.0,11,30,33,9,6,1,0,2,11
MS-UP-047,Bhadohi(Sant Ravidas Nagar) · UP66,Uttar Pradesh,North,2023-04,61,64.0,141,39.08,52.0,16.9,6.5,86.7,1.0,7,27,22,13,5,0,1,0,5
MS-UP-047,Bhadohi(Sant Ravidas Nagar) · UP66,Uttar Pradesh,North,2023-05,68,61.0,159,39.08,37.8,3.1,2.4,86.6,0.0,12,25,25,10,6,2,0,1,9
MS-UP-047,Bhadohi(Sant Ravidas Nagar) · UP66,Uttar Pradesh,North,2023-06,59,51.0,144,39.08,25.8,4.7,2.1,86.6,0.0,5,31,25,11,7,1,0,0,5
MS-UP-047,Bhadohi(Sant Ravidas Nagar) · UP66,Uttar Pradesh,North,2023-07,54,50.0,133,39.08,25.5,2.0,1.2,87.2,0.0,8,29,22,8,5,1,1,0,4
MS-UP-047,Bhadohi(Sant Ravidas Nagar) · UP66,Uttar Pradesh,North,2023-08,44,42.0,119,39.08,28.1,1.0,0.0,86.8,1.0,8,35,16,9,4,0,0,1,1
MS-UP-047,Bhadohi(Sant Ravidas Nagar) · UP66,Uttar Pradesh,North,2023-09,50,36.0,132,39.08,17.2,2.8,0.0,87.7,0.0,3,40,25,4,5,0,2,0,3
MS-UP-047,Bhadohi(Sant Ravidas Nagar) · UP66,Uttar Pradesh,North,2023-10,64,59.0,144,39.08,19.6,0.4,0.0,88.5,3.0,8,22,29,8,7,0,2,0,4
MS-UP-047,Bhadohi(Sant Ravidas Nagar) · UP66,Uttar Pradesh,North,2023-11,91,70.0,189,39.08,14.8,4.0,0.0,87.2,1.0,7,36,35,7,3,1,0,0,8
MS-UP-047,Bhadohi(Sant Ravidas Nagar) · UP66,Uttar Pradesh,North,2023-12,45,54.0,110,39.08,25.2,1.6,0.0,87.1,0.0,4,25,23,4,3,0,0,3,3
MS-UP-047,Bhadohi(Sant Ravidas Nagar) · UP66,Uttar Pradesh,North,2024-01,58,73.0,168,39.08,33.6,3.6,1.6,86.2,0.0,4,52,30,7,6,0,0,2,9
MS-UP-047,Bhadohi(Sant Ravidas Nagar) · UP66,Uttar Pradesh,North,2024-02,48,60.0,135,39.08,50.6,18.8,6.9,84.6,0.0,6,44,19,6,4,2,1,0,5
MS-UP-047,Bhadohi(Sant Ravidas Nagar) · UP66,Uttar Pradesh,North,2024-03,66,62.0,181,39.08,42.0,5.5,3.7,84.9,0.0,7,57,16,10,8,0,0,4,13
MS-UP-047,Bhadohi(Sant Ravidas Nagar) · UP66,Uttar Pradesh,North,2024-04,79,74.0,184,39.08,34.0,3.9,1.7,85.5,0.0,12,33,28,9,7,0,0,1,15
MS-UP-047,Bhadohi(Sant Ravidas Nagar) · UP66,Uttar Pradesh,North,2024-05,71,71.0,177,39.08,28.3,4.1,1.7,86.0,2.0,6,49,29,6,6,0,1,2,7
MS-UP-053,Kannauj · UP74,Uttar Pradesh,North,2021-06,80,,156,38.77,,,,,,19,15,29,3,2,0,0,0,7
MS-UP-053,Kannauj · UP74,Uttar Pradesh,North,2021-07,73,,159,38.77,,,,,,22,10,34,4,4,1,1,1,6
MS-UP-053,Kannauj · UP74,Uttar Pradesh,North,2021-08,52,,113,38.77,,,,,,14,14,24,3,1,1,0,0,1
MS-UP-053,Kannauj · UP74,Uttar Pradesh,North,2021-09,61,,115,38.77,,,,,,14,10,17,0,6,1,0,0,3
MS-UP-053,Kannauj · UP74,Uttar Pradesh,North,2021-10,49,,111,38.77,,,,,,17,11,20,2,2,2,2,0,5
MS-UP-053,Kannauj · UP74,Uttar Pradesh,North,2021-11,68,,149,38.77,,,,,,16,38,15,2,0,1,2,1,2
MS-UP-053,Kannauj · UP74,Uttar Pradesh,North,2021-12,124,,231,38.77,,,,,,26,25,31,4,1,1,1,0,15
MS-UP-053,Kannauj · UP74,Uttar Pradesh,North,2022-01,89,,183,38.77,,,,,,18,35,22,1,1,2,0,0,12
MS-UP-053,Kannauj · UP74,Uttar Pradesh,North,2022-02,66,,129,38.77,,,,,,8,23,19,2,2,1,1,0,5
MS-UP-053,Kannauj · UP74,Uttar Pradesh,North,2022-03,60,,142,38.77,,,,,,15,23,26,8,3,1,0,0,6
MS-UP-053,Kannauj · UP74,Uttar Pradesh,North,2022-04,65,89.0,163,38.77,49.1,17.0,12.3,86.1,0.0,13,36,33,4,2,2,0,0,8
MS-UP-053,Kannauj · UP74,Uttar Pradesh,North,2022-05,74,86.0,154,38.77,43.2,7.5,7.5,87.3,0.0,15,27,24,1,1,0,2,0,7
MS-UP-053,Kannauj · UP74,Uttar Pradesh,North,2022-06,63,71.0,139,38.77,46.8,15.1,8.5,89.3,0.0,14,24,26,6,3,0,0,0,3
MS-UP-053,Kannauj · UP74,Uttar Pradesh,North,2022-07,74,69.0,146,38.77,38.2,1.4,2.9,89.5,1.0,10,19,22,7,3,2,1,1,7
MS-UP-053,Kannauj · UP74,Uttar Pradesh,North,2022-08,61,58.0,126,38.77,34.2,3.7,5.8,89.1,1.0,8,18,27,5,3,0,0,0,3
MS-UP-053,Kannauj · UP74,Uttar Pradesh,North,2022-09,49,50.0,134,38.77,32.0,0.0,4.3,90.3,0.0,12,22,37,4,3,1,0,0,5
MS-UP-053,Kannauj · UP74,Uttar Pradesh,North,2022-10,114,83.0,235,38.77,13.7,1.4,4.8,88.2,1.0,34,31,40,7,3,0,0,0,4
MS-UP-053,Kannauj · UP74,Uttar Pradesh,North,2022-11,73,98.0,191,38.77,33.0,2.5,9.3,87.0,1.0,17,33,43,9,5,4,1,0,4
MS-UP-053,Kannauj · UP74,Uttar Pradesh,North,2022-12,71,76.0,167,38.77,29.5,4.4,8.0,85.6,1.0,8,30,37,7,4,0,3,0,3
MS-UP-053,Kannauj · UP74,Uttar Pradesh,North,2023-01,88,102.0,220,38.77,37.4,5.5,10.1,89.0,0.0,22,44,39,10,1,3,3,0,8
MS-UP-053,Kannauj · UP74,Uttar Pradesh,North,2023-02,74,84.0,183,38.77,42.1,5.1,9.4,89.3,0.0,17,32,34,7,1,1,0,0,13
MS-UP-053,Kannauj · UP74,Uttar Pradesh,North,2023-03,81,87.0,177,38.77,38.9,1.2,4.1,89.6,0.0,9,31,37,7,4,0,0,1,6
MS-UP-053,Kannauj · UP74,Uttar Pradesh,North,2023-04,67,93.0,163,38.77,51.2,20.4,10.2,89.8,1.0,19,33,29,7,1,2,0,1,3
MS-UP-053,Kannauj · UP74,Uttar Pradesh,North,2023-05,77,89.0,188,38.77,54.9,25.5,13.6,88.6,0.0,23,41,33,3,2,1,1,1,5
MS-UP-053,Kannauj · UP74,Uttar Pradesh,North,2023-06,65,74.0,146,38.77,57.9,23.9,15.7,88.9,0.0,16,22,34,3,2,1,1,0,1
MS-UP-053,Kannauj · UP74,Uttar Pradesh,North,2023-07,67,72.0,153,38.77,48.3,14.2,11.3,88.9,1.0,21,31,29,4,1,0,0,0,0
MS-UP-053,Kannauj · UP74,Uttar Pradesh,North,2023-08,68,61.0,150,38.77,40.5,6.2,9.7,89.7,0.0,19,27,29,3,1,0,0,1,2
MS-UP-053,Kannauj · UP74,Uttar Pradesh,North,2023-09,72,52.0,181,38.77,25.4,2.2,9.0,90.3,0.0,19,29,49,5,4,0,0,0,2
MS-UP-053,Kannauj · UP74,Uttar Pradesh,North,2023-10,75,86.0,183,38.77,32.8,2.4,11.6,88.3,0.0,14,32,46,4,3,2,0,0,6
MS-UP-053,Kannauj · UP74,Uttar Pradesh,North,2023-11,143,102.0,283,38.77,10.3,3.3,7.8,91.5,0.0,23,46,55,7,5,1,0,1,0
MS-UP-053,Kannauj · UP74,Uttar Pradesh,North,2023-12,73,79.0,179,38.77,18.1,2.5,6.7,92.1,0.0,11,54,35,4,2,0,0,0,0
MS-UP-053,Kannauj · UP74,Uttar Pradesh,North,2024-01,131,106.0,284,38.77,12.8,3.3,4.5,89.5,1.0,30,44,60,4,4,2,1,2,5
MS-UP-053,Kannauj · UP74,Uttar Pradesh,North,2024-02,90,88.0,238,38.77,19.9,1.6,2.0,88.7,1.0,24,54,49,6,5,2,2,1,4
MS-UP-053,Kannauj · UP74,Uttar Pradesh,North,2024-03,76,91.0,176,38.77,25.2,1.5,5.6,88.6,1.0,24,34,31,3,5,0,0,0,3
MS-UP-053,Kannauj · UP74,Uttar Pradesh,North,2024-04,99,105.0,213,38.77,32.0,2.1,3.9,86.8,1.0,21,35,45,1,3,1,0,1,5
MS-UP-053,Kannauj · UP74,Uttar Pradesh,North,2024-05,83,101.0,150,38.77,38.9,5.1,3.8,87.4,0.0,14,22,23,4,2,1,0,0,1
MS-UP-059,Agra · UP80,Uttar Pradesh,North,2021-06,450,,1045,38.71,,,,,,233,101,96,47,22,40,15,2,18
MS-UP-059,Agra · UP80,Uttar Pradesh,North,2021-07,480,,1123,38.71,,,,,,193,119,101,76,30,37,16,6,39
MS-UP-059,Agra · UP80,Uttar Pradesh,North,2021-08,496,,1082,38.71,,,,,,207,100,88,59,34,26,9,5,30
MS-UP-059,Agra · UP80,Uttar Pradesh,North,2021-09,448,,1051,38.71,,,,,,179,125,125,61,27,35,6,8,26
MS-UP-059,Agra · UP80,Uttar Pradesh,North,2021-10,259,,774,38.71,,,,,,172,122,61,41,32,35,13,7,19
MS-UP-059,Agra · UP80,Uttar Pradesh,North,2021-11,493,,1267,38.71,,,,,,244,171,125,59,34,66,10,9,44
MS-UP-059,Agra · UP80,Uttar Pradesh,North,2021-12,679,,1472,38.71,,,,,,212,158,188,50,47,47,23,8,46
MS-UP-059,Agra · UP80,Uttar Pradesh,North,2022-01,554,,1304,38.71,,,,,,196,209,162,31,39,38,11,15,27
MS-UP-059,Agra · UP80,Uttar Pradesh,North,2022-02,497,,1248,38.71,,,,,,192,223,125,66,21,50,20,15,31
MS-UP-059,Agra · UP80,Uttar Pradesh,North,2022-03,492,,1268,38.71,,,,,,163,243,149,70,49,34,15,14,25
MS-UP-059,Agra · UP80,Uttar Pradesh,North,2022-04,623,582.0,1490,38.71,26.6,1.7,2.3,85.7,5.0,240,218,163,60,53,41,13,22,49
MS-UP-059,Agra · UP80,Uttar Pradesh,North,2022-05,564,559.0,1335,38.71,27.5,4.7,7.0,84.8,9.0,185,245,132,73,27,36,19,20,20
MS-UP-059,Agra · UP80,Uttar Pradesh,North,2022-06,480,466.0,1169,38.71,29.1,4.9,4.7,87.3,2.0,158,214,121,58,48,31,13,22,14
MS-UP-059,Agra · UP80,Uttar Pradesh,North,2022-07,467,454.0,1187,38.71,27.5,4.8,4.5,87.6,3.0,183,204,114,69,64,30,17,10,17
MS-UP-059,Agra · UP80,Uttar Pradesh,North,2022-08,455,380.0,1115,38.71,21.6,2.4,5.1,87.2,4.0,173,171,136,56,50,24,16,14,12
MS-UP-059,Agra · UP80,Uttar Pradesh,North,2022-09,393,327.0,989,38.71,15.6,2.4,5.0,88.0,2.0,158,169,106,47,46,19,15,14,11
MS-UP-059,Agra · UP80,Uttar Pradesh,North,2022-10,748,542.0,1839,38.71,9.1,1.5,3.1,86.2,5.0,290,268,248,80,60,49,27,26,30
MS-UP-059,Agra · UP80,Uttar Pradesh,North,2022-11,607,641.0,1398,38.71,16.8,3.3,1.4,88.8,4.0,196,221,183,46,48,22,19,22,23
MS-UP-059,Agra · UP80,Uttar Pradesh,North,2022-12,495,494.0,1178,38.71,19.0,2.0,4.4,86.8,7.0,174,152,180,61,36,19,9,19,16
MS-UP-059,Agra · UP80,Uttar Pradesh,North,2023-01,791,667.0,1783,38.71,15.7,2.5,2.0,86.9,8.0,240,286,234,62,46,50,12,34,20
MS-UP-059,Agra · UP80,Uttar Pradesh,North,2023-02,547,549.0,1307,38.71,19.6,3.0,2.4,87.1,3.0,183,210,170,53,47,31,20,26,13
MS-UP-059,Agra · UP80,Uttar Pradesh,North,2023-03,572,569.0,1360,38.71,20.8,2.6,1.7,84.6,1.0,170,219,182,64,64,23,18,28,11
MS-UP-059,Agra · UP80,Uttar Pradesh,North,2023-04,525,706.0,1349,38.71,40.3,4.6,2.6,85.5,2.0,203,225,171,83,45,23,17,33,16
MS-UP-059,Agra · UP80,Uttar Pradesh,North,2023-05,542,677.0,1294,38.71,47.7,11.9,5.8,86.3,3.0,173,204,177,63,57,18,11,27,13
MS-UP-059,Agra · UP80,Uttar Pradesh,North,2023-06,488,565.0,1258,38.71,47.2,15.9,8.2,87.0,5.0,185,206,165,60,66,20,18,17,17
MS-UP-059,Agra · UP80,Uttar Pradesh,North,2023-07,579,550.0,1389,38.71,37.8,6.7,5.0,85.7,6.0,174,244,184,76,48,17,15,26,9
MS-UP-059,Agra · UP80,Uttar Pradesh,North,2023-08,581,461.0,1324,38.71,26.8,1.6,2.2,86.7,3.0,199,156,177,63,65,25,11,20,13
MS-UP-059,Agra · UP80,Uttar Pradesh,North,2023-09,548,396.0,1363,38.71,16.7,1.9,6.3,88.3,7.0,209,168,186,93,74,30,11,25,4
MS-UP-059,Agra · UP80,Uttar Pradesh,North,2023-10,634,657.0,1496,38.71,23.8,2.7,5.3,84.9,3.0,224,230,176,82,50,31,15,24,16
MS-UP-059,Agra · UP80,Uttar Pradesh,North,2023-11,768,777.0,1806,38.71,29.3,0.1,1.5,84.7,9.0,276,252,260,83,56,32,17,34,18
MS-UP-059,Agra · UP80,Uttar Pradesh,North,2023-12,524,599.0,1294,38.71,33.5,4.7,0.0,85.6,2.0,164,227,150,80,63,28,16,19,12
MS-UP-059,Agra · UP80,Uttar Pradesh,North,2024-01,875,808.0,1939,38.71,29.6,1.5,0.0,85.9,5.0,257,237,282,92,64,41,17,39,18
MS-UP-059,Agra · UP80,Uttar Pradesh,North,2024-02,589,666.0,1535,38.71,32.0,2.7,2.0,87.8,3.0,244,231,204,90,85,24,21,21,14
MS-UP-059,Agra · UP80,Uttar Pradesh,North,2024-03,528,690.0,1350,38.71,41.8,3.5,0.1,85.3,4.0,194,253,168,64,61,18,16,22,12
MS-UP-059,Agra · UP80,Uttar Pradesh,North,2024-04,629,752.0,1549,38.71,50.8,20.6,5.8,84.7,1.0,240,224,213,91,60,26,17,22,19
MS-UP-059,Agra · UP80,Uttar Pradesh,North,2024-05,502,722.0,1361,38.71,58.3,25.6,9.8,83.5,7.0,223,230,193,81,61,18,20,15,13
MS-UP-065,Hathras · UP86,Uttar Pradesh,North,2021-06,112,,190,40.3,,,,,,18,17,21,3,2,2,2,0,9
MS-UP-065,Hathras · UP86,Uttar Pradesh,North,2021-07,92,,194,40.3,,,,,,27,22,27,6,3,3,2,1,9
MS-UP-065,Hathras · UP86,Uttar Pradesh,North,2021-08,55,,133,40.3,,,,,,20,21,25,3,4,1,1,1,2
MS-UP-065,Hathras · UP86,Uttar Pradesh,North,2021-09,44,,112,40.3,,,,,,18,16,24,0,4,2,1,0,3
MS-UP-065,Hathras · UP86,Uttar Pradesh,North,2021-10,47,,119,40.3,,,,,,21,25,20,0,3,1,0,0,2
MS-UP-065,Hathras · UP86,Uttar Pradesh,North,2021-11,93,,181,40.3,,,,,,16,27,25,3,5,3,2,0,5
MS-UP-065,Hathras · UP86,Uttar Pradesh,North,2021-12,97,,218,40.3,,,,,,31,26,28,10,4,5,1,0,15
MS-UP-065,Hathras · UP86,Uttar Pradesh,North,2022-01,112,,226,40.3,,,,,,21,26,32,7,6,5,0,1,15
MS-UP-065,Hathras · UP86,Uttar Pradesh,North,2022-02,91,,214,40.3,,,,,,21,27,44,6,4,8,2,0,10
MS-UP-065,Hathras · UP86,Uttar Pradesh,North,2022-03,77,,187,40.3,,,,,,22,43,27,3,4,1,0,1,7
MS-UP-065,Hathras · UP86,Uttar Pradesh,North,2022-04,93,98.0,217,40.3,30.1,2.1,4.1,79.9,0.0,16,51,43,3,3,1,1,1,4
MS-UP-065,Hathras · UP86,Uttar Pradesh,North,2022-05,81,94.0,189,40.3,32.6,2.1,5.7,79.1,3.0,25,40,24,9,3,2,0,0,5
MS-UP-065,Hathras · UP86,Uttar Pradesh,North,2022-06,79,78.0,197,40.3,31.2,4.5,4.2,79.7,1.0,19,42,40,2,6,3,1,0,5
MS-UP-065,Hathras · UP86,Uttar Pradesh,North,2022-07,69,76.0,178,40.3,35.7,5.2,2.7,80.4,0.0,19,34,37,7,5,2,1,1,2
MS-UP-065,Hathras · UP86,Uttar Pradesh,North,2022-08,59,64.0,159,40.3,34.9,1.9,7.7,79.7,0.0,15,30,39,4,6,4,0,0,2
MS-UP-065,Hathras · UP86,Uttar Pradesh,North,2022-09,48,55.0,125,40.3,39.1,3.5,9.1,79.3,0.0,14,25,29,2,5,0,1,0,1
MS-UP-065,Hathras · UP86,Uttar Pradesh,North,2022-10,130,91.0,291,40.3,14.2,0.5,6.0,79.4,1.0,27,45,58,9,4,3,2,0,13
MS-UP-065,Hathras · UP86,Uttar Pradesh,North,2022-11,71,108.0,213,40.3,36.3,1.3,3.1,80.1,0.0,20,38,65,8,2,3,0,2,3
MS-UP-065,Hathras · UP86,Uttar Pradesh,North,2022-12,67,83.0,181,40.3,37.6,0.0,6.5,79.6,1.0,14,29,54,8,2,2,0,2,3
MS-UP-065,Hathras · UP86,Uttar Pradesh,North,2023-01,129,112.0,353,40.3,32.6,2.3,8.1,78.7,0.0,23,67,99,9,6,8,1,1,10
MS-UP-065,Hathras · UP86,Uttar Pradesh,North,2023-02,93,93.0,215,40.3,28.8,3.7,8.5,78.2,3.0,17,31,58,6,5,2,0,0,3
MS-UP-065,Hathras · UP86,Uttar Pradesh,North,2023-03,73,96.0,224,40.3,31.3,5.5,4.6,81.2,1.0,14,53,72,2,1,3,1,0,4
MS-UP-065,Hathras · UP86,Uttar Pradesh,North,2023-04,74,104.0,239,40.3,51.5,22.4,6.8,79.8,1.0,23,53,68,7,3,3,2,1,5
MS-UP-065,Hathras · UP86,Uttar Pradesh,North,2023-05,89,100.0,237,40.3,50.9,20.7,10.7,78.6,2.0,14,52,62,7,6,1,1,0,5
MS-UP-065,Hathras · UP86,Uttar Pradesh,North,2023-06,90,83.0,219,40.3,41.5,6.2,0.0,77.8,0.0,19,38,56,5,3,1,1,0,5
MS-UP-065,Hathras · UP86,Uttar Pradesh,North,2023-07,65,81.0,192,40.3,41.6,6.7,0.7,78.2,1.0,19,51,50,2,3,0,0,0,1
MS-UP-065,Hathras · UP86,Uttar Pradesh,North,2023-08,75,68.0,210,40.3,34.2,0.5,5.4,77.3,0.0,16,42,62,3,6,0,3,0,3
MS-UP-065,Hathras · UP86,Uttar Pradesh,North,2023-09,76,58.0,201,40.3,23.4,2.6,3.1,78.0,4.0,22,31,54,5,6,4,1,0,1
MS-UP-065,Hathras · UP86,Uttar Pradesh,North,2023-10,84,97.0,228,40.3,28.9,3.7,2.4,79.4,2.0,25,36,68,6,4,2,1,1,0
MS-UP-065,Hathras · UP86,Uttar Pradesh,North,2023-11,132,114.0,310,40.3,17.8,3.1,0.8,77.3,5.0,24,59,74,4,7,1,1,2,5
MS-UP-065,Hathras · UP86,Uttar Pradesh,North,2023-12,88,88.0,202,40.3,20.1,3.9,0.8,78.6,2.0,12,36,56,2,3,2,0,1,1
MS-UP-065,Hathras · UP86,Uttar Pradesh,North,2024-01,132,119.0,330,40.3,16.7,2.9,3.2,78.2,1.0,24,62,88,9,7,3,1,1,3
MS-UP-065,Hathras · UP86,Uttar Pradesh,North,2024-02,79,98.0,235,40.3,30.2,6.9,2.1,78.7,1.0,18,50,68,4,8,0,1,1,4
MS-UP-065,Hathras · UP86,Uttar Pradesh,North,2024-03,95,102.0,250,40.3,31.7,4.2,2.1,80.1,0.0,19,43,72,12,3,1,1,2,0
MS-UP-065,Hathras · UP86,Uttar Pradesh,North,2024-04,98,113.0,247,40.3,41.6,6.8,0.5,79.1,3.0,22,47,62,7,6,0,0,1,3
MS-UP-065,Hathras · UP86,Uttar Pradesh,North,2024-05,86,108.0,216,40.3,46.9,17.4,2.3,77.5,0.0,19,31,58,9,8,2,1,1,0
MS-UP-071,Lalitpur · UP94,Uttar Pradesh,North,2021-06,17,,102,39.43,,,,,,11,16,48,4,1,0,1,0,1
MS-UP-071,Lalitpur · UP94,Uttar Pradesh,North,2021-07,33,,89,39.43,,,,,,11,10,23,4,0,1,0,0,4
MS-UP-071,Lalitpur · UP94,Uttar Pradesh,North,2021-08,24,,73,39.43,,,,,,10,9,19,1,2,1,0,0,2
MS-UP-071,Lalitpur · UP94,Uttar Pradesh,North,2021-09,19,,74,39.43,,,,,,11,18,17,2,1,1,0,0,5
MS-UP-071,Lalitpur · UP94,Uttar Pradesh,North,2021-10,26,,68,39.43,,,,,,7,17,10,0,2,0,0,1,0
MS-UP-071,Lalitpur · UP94,Uttar Pradesh,North,2021-11,27,,67,39.43,,,,,,2,17,11,3,0,1,1,0,5
MS-UP-071,Lalitpur · UP94,Uttar Pradesh,North,2021-12,45,,117,39.43,,,,,,24,23,14,3,1,2,0,0,4
MS-UP-071,Lalitpur · UP94,Uttar Pradesh,North,2022-01,39,,95,39.43,,,,,,10,22,19,2,0,0,0,0,2
MS-UP-071,Lalitpur · UP94,Uttar Pradesh,North,2022-02,37,,84,39.43,,,,,,7,22,12,2,1,0,0,0,3
MS-UP-071,Lalitpur · UP94,Uttar Pradesh,North,2022-03,30,,103,39.43,,,,,,8,25,31,4,2,0,1,0,2
MS-UP-071,Lalitpur · UP94,Uttar Pradesh,North,2022-04,29,34.0,93,39.43,35.4,2.2,11.0,82.9,1.0,5,26,22,3,3,2,0,0,2
MS-UP-071,Lalitpur · UP94,Uttar Pradesh,North,2022-05,32,33.0,86,39.43,35.9,2.5,11.1,82.5,0.0,5,20,23,0,1,0,1,0,4
MS-UP-071,Lalitpur · UP94,Uttar Pradesh,North,2022-06,34,27.0,102,39.43,22.7,5.4,7.5,83.9,1.0,4,25,30,2,1,1,1,0,2
MS-UP-071,Lalitpur · UP94,Uttar Pradesh,North,2022-07,24,26.0,82,39.43,26.9,1.0,8.3,81.4,0.0,10,21,20,3,3,0,0,1,0
MS-UP-071,Lalitpur · UP94,Uttar Pradesh,North,2022-08,18,22.0,76,39.43,31.1,2.1,9.9,79.1,1.0,6,22,23,4,0,1,0,0,2
MS-UP-071,Lalitpur · UP94,Uttar Pradesh,North,2022-09,15,19.0,55,39.43,40.6,4.9,13.0,80.7,0.0,4,14,21,1,0,0,0,0,0
MS-UP-071,Lalitpur · UP94,Uttar Pradesh,North,2022-10,50,32.0,129,39.43,12.3,3.3,10.0,82.3,1.0,10,27,32,1,3,1,1,0,3
MS-UP-071,Lalitpur · UP94,Uttar Pradesh,North,2022-11,20,37.0,99,39.43,40.4,4.9,10.5,83.9,0.0,9,23,36,4,0,1,0,0,4
MS-UP-071,Lalitpur · UP94,Uttar Pradesh,North,2022-12,29,29.0,95,39.43,29.8,3.7,12.7,83.8,1.0,4,19,35,2,2,0,1,0,3
MS-UP-071,Lalitpur · UP94,Uttar Pradesh,North,2023-01,39,39.0,129,39.43,30.3,3.9,15.4,82.3,0.0,10,36,36,3,1,0,0,1,2
MS-UP-071,Lalitpur · UP94,Uttar Pradesh,North,2023-02,27,32.0,99,39.43,30.4,2.6,10.4,81.3,1.0,8,24,32,5,0,1,0,0,2
MS-UP-071,Lalitpur · UP94,Uttar Pradesh,North,2023-03,45,33.0,149,39.43,17.3,3.0,12.1,81.2,0.0,8,37,50,6,0,0,0,0,2
MS-UP-071,Lalitpur · UP94,Uttar Pradesh,North,2023-04,38,38.0,135,39.43,24.9,2.0,10.5,82.5,0.0,12,43,37,3,1,0,0,0,1
MS-UP-071,Lalitpur · UP94,Uttar Pradesh,North,2023-05,35,36.0,102,39.43,25.3,4.8,7.9,81.9,0.0,9,18,34,1,1,1,2,0,1
MS-UP-071,Lalitpur · UP94,Uttar Pradesh,North,2023-06,35,30.0,101,39.43,23.7,3.9,9.8,80.9,1.0,5,23,33,3,1,0,1,0,0
MS-UP-071,Lalitpur · UP94,Uttar Pradesh,North,2023-07,34,30.0,104,39.43,22.6,3.2,13.5,81.9,2.0,13,29,24,2,1,0,1,0,0
MS-UP-071,Lalitpur · UP94,Uttar Pradesh,North,2023-08,25,25.0,99,39.43,25.1,2.0,10.9,80.3,0.0,13,23,37,1,0,0,0,0,0
MS-UP-071,Lalitpur · UP94,Uttar Pradesh,North,2023-09,28,21.0,94,39.43,18.6,0.0,11.6,83.0,0.0,5,19,36,2,2,0,0,0,2
MS-UP-071,Lalitpur · UP94,Uttar Pradesh,North,2023-10,42,35.0,96,39.43,17.5,5.3,10.6,82.7,0.0,6,21,21,0,0,0,3,0,1
MS-UP-071,Lalitpur · UP94,Uttar Pradesh,North,2023-11,56,42.0,201,39.43,12.8,2.4,7.8,82.1,3.0,13,38,73,7,6,1,2,1,4
MS-UP-071,Lalitpur · UP94,Uttar Pradesh,North,2023-12,16,32.0,96,39.43,27.9,5.3,9.3,84.6,1.0,7,26,41,3,2,0,1,0,0
MS-UP-071,Lalitpur · UP94,Uttar Pradesh,North,2024-01,38,43.0,132,39.43,36.7,3.8,10.9,82.4,0.0,16,26,43,2,3,0,0,0,4
MS-UP-071,Lalitpur · UP94,Uttar Pradesh,North,2024-02,36,36.0,114,39.43,42.9,5.8,12.5,79.7,1.0,11,26,32,4,4,0,0,0,1
MS-UP-071,Lalitpur · UP94,Uttar Pradesh,North,2024-03,32,37.0,109,39.43,40.4,4.2,6.4,80.9,0.0,8,18,41,3,4,0,0,0,2
MS-UP-071,Lalitpur · UP94,Uttar Pradesh,North,2024-04,34,43.0,117,39.43,46.5,14.0,11.6,83.6,0.0,9,27,42,0,1,1,1,0,2
MS-UP-071,Lalitpur · UP94,Uttar Pradesh,North,2024-05,25,42.0,119,39.43,69.0,36.7,20.9,82.5,2.0,10,30,44,6,0,1,0,0,3
MS-WB-004,Srirampur · WB17,West Bengal,East,2021-06,38,,119,35.44,,,,,,33,17,12,5,2,1,1,1,7
MS-WB-004,Srirampur · WB17,West Bengal,East,2021-07,97,,227,35.44,,,,,,30,49,22,5,5,2,1,0,13
MS-WB-004,Srirampur · WB17,West Bengal,East,2021-08,93,,196,35.44,,,,,,31,35,13,4,5,4,1,0,7
MS-WB-004,Srirampur · WB17,West Bengal,East,2021-09,100,,228,35.44,,,,,,44,37,20,2,2,6,1,1,12
MS-WB-004,Srirampur · WB17,West Bengal,East,2021-10,69,,171,35.44,,,,,,24,33,21,5,1,1,1,3,10
MS-WB-004,Srirampur · WB17,West Bengal,East,2021-11,79,,202,35.44,,,,,,32,43,21,8,5,5,0,1,6
MS-WB-004,Srirampur · WB17,West Bengal,East,2021-12,79,,202,35.44,,,,,,32,43,21,8,5,5,0,1,6
MS-WB-004,Srirampur · WB17,West Bengal,East,2022-01,73,,209,35.44,,,,,,27,59,24,3,4,5,4,0,7
MS-WB-004,Srirampur · WB17,West Bengal,East,2022-02,59,,157,35.44,,,,,,19,49,12,4,2,3,1,1,5
MS-WB-004,Srirampur · WB17,West Bengal,East,2022-03,86,,287,35.44,,,,,,53,92,30,7,4,2,2,1,5
MS-WB-004,Srirampur · WB17,West Bengal,East,2022-04,101,80.0,257,35.44,16.2,4.9,1.8,82.8,0.0,36,68,28,10,2,3,0,1,5
MS-WB-004,Srirampur · WB17,West Bengal,East,2022-05,68,80.0,188,35.44,26.0,3.6,0.0,84.0,0.0,29,50,14,6,6,2,0,4,7
MS-WB-004,Srirampur · WB17,West Bengal,East,2022-06,102,78.0,217,35.44,15.1,4.3,0.4,84.9,4.0,30,49,20,5,4,2,0,1,3
MS-WB-004,Srirampur · WB17,West Bengal,East,2022-07,72,74.0,210,35.44,20.2,5.0,1.7,85.0,0.0,41,52,23,11,1,3,0,1,2
MS-WB-004,Srirampur · WB17,West Bengal,East,2022-08,98,67.0,246,35.44,9.6,1.3,1.8,84.3,1.0,31,62,30,6,5,3,1,0,8
MS-WB-004,Srirampur · WB17,West Bengal,East,2022-09,106,79.0,278,35.44,6.7,3.4,3.5,85.6,3.0,42,58,33,13,4,5,3,0,10
MS-WB-004,Srirampur · WB17,West Bengal,East,2022-10,42,98.0,133,35.44,39.5,6.0,1.3,83.1,1.0,22,32,24,4,1,3,0,0,3
MS-WB-004,Srirampur · WB17,West Bengal,East,2022-11,93,107.0,261,35.44,47.9,16.4,7.6,81.6,1.0,49,53,34,10,3,3,0,4,11
MS-WB-004,Srirampur · WB17,West Bengal,East,2022-12,77,78.0,203,35.44,47.8,12.8,6.6,84.3,1.0,25,51,24,7,3,0,1,2,10
MS-WB-004,Srirampur · WB17,West Bengal,East,2023-01,95,102.0,239,35.44,38.8,2.5,5.3,82.8,0.0,25,69,25,4,3,5,1,4,6
MS-WB-004,Srirampur · WB17,West Bengal,East,2023-02,69,76.0,193,35.44,41.5,6.4,5.8,81.0,1.0,26,50,16,10,6,4,2,1,5
MS-WB-004,Srirampur · WB17,West Bengal,East,2023-03,76,82.0,215,35.44,41.0,6.2,3.8,83.0,0.0,30,64,32,4,4,2,0,2,1
MS-WB-004,Srirampur · WB17,West Bengal,East,2023-04,64,90.0,190,35.44,51.5,21.2,8.8,81.6,1.0,30,53,20,5,4,4,1,2,3
MS-WB-004,Srirampur · WB17,West Bengal,East,2023-05,78,90.0,202,35.44,48.5,13.4,6.9,83.5,0.0,35,41,30,6,5,1,1,1,2
MS-WB-004,Srirampur · WB17,West Bengal,East,2023-06,77,87.0,188,35.44,46.3,11.3,9.7,83.5,0.0,32,36,9,16,3,2,1,2,4
MS-WB-004,Srirampur · WB17,West Bengal,East,2023-07,62,83.0,146,35.44,50.7,19.3,11.6,83.7,1.0,20,24,19,6,8,2,0,2,2
MS-WB-004,Srirampur · WB17,West Bengal,East,2023-08,61,75.0,173,35.44,56.4,23.9,13.1,84.0,2.0,29,55,16,3,3,0,0,1,3
MS-WB-004,Srirampur · WB17,West Bengal,East,2023-09,59,88.0,166,35.44,68.7,38.2,16.2,81.3,1.0,28,45,17,2,6,2,0,2,2
MS-WB-004,Srirampur · WB17,West Bengal,East,2023-10,91,109.0,231,35.44,64.5,32.5,12.3,81.3,1.0,43,54,12,7,9,7,2,1,1
MS-WB-004,Srirampur · WB17,West Bengal,East,2023-11,84,119.0,246,35.44,68.5,31.0,14.0,80.3,1.0,53,72,12,7,2,5,0,1,7
MS-WB-004,Srirampur · WB17,West Bengal,East,2023-12,61,87.0,170,35.44,66.5,32.2,14.2,81.8,0.0,23,49,12,4,10,4,0,1,3
MS-WB-004,Srirampur · WB17,West Bengal,East,2024-01,94,114.0,233,35.44,68.6,30.8,15.4,82.4,3.0,38,53,20,8,5,3,0,1,7
MS-WB-004,Srirampur · WB17,West Bengal,East,2024-02,63,85.0,165,35.44,70.9,38.2,15.7,84.4,1.0,25,48,11,3,7,3,0,2,0
MS-WB-004,Srirampur · WB17,West Bengal,East,2024-03,53,92.0,153,35.44,77.9,41.3,17.7,84.8,0.0,28,47,13,4,4,0,0,1,1
MS-WB-004,Srirampur · WB17,West Bengal,East,2024-04,65,71.0,229,35.44,72.9,35.2,17.2,82.4,1.0,41,73,25,6,4,2,2,2,6
MS-WB-004,Srirampur · WB17,West Bengal,East,2024-05,58,71.0,182,35.44,67.5,35.7,12.5,82.7,0.0,28,58,17,1,10,5,0,0,3
MS-WB-010,Tamluk · WB29,West Bengal,East,2021-06,46,,116,37.03,,,,,,18,22,23,0,0,0,1,0,4
MS-WB-010,Tamluk · WB29,West Bengal,East,2021-07,75,,192,37.03,,,,,,20,30,42,3,8,4,2,1,2
MS-WB-010,Tamluk · WB29,West Bengal,East,2021-08,74,,177,37.03,,,,,,24,23,38,3,4,4,1,0,2
MS-WB-010,Tamluk · WB29,West Bengal,East,2021-09,70,,202,37.03,,,,,,27,46,33,4,7,1,0,2,7
MS-WB-010,Tamluk · WB29,West Bengal,East,2021-10,60,,173,37.03,,,,,,12,46,40,2,6,1,0,0,5
MS-WB-010,Tamluk · WB29,West Bengal,East,2021-11,69,,201,37.03,,,,,,16,54,38,5,9,1,1,0,7
MS-WB-010,Tamluk · WB29,West Bengal,East,2021-12,74,,196,37.03,,,,,,19,53,39,3,2,1,1,0,2
MS-WB-010,Tamluk · WB29,West Bengal,East,2022-01,68,,194,37.03,,,,,,15,64,36,1,4,3,0,0,2
MS-WB-010,Tamluk · WB29,West Bengal,East,2022-02,45,,152,37.03,,,,,,16,45,25,4,6,1,2,0,6
MS-WB-010,Tamluk · WB29,West Bengal,East,2022-03,63,,206,37.03,,,,,,14,56,57,2,5,0,1,3,4
MS-WB-010,Tamluk · WB29,West Bengal,East,2022-04,48,66.0,207,37.03,65.5,30.6,19.1,83.2,0.0,21,66,50,1,10,1,1,2,5
MS-WB-010,Tamluk · WB29,West Bengal,East,2022-05,60,66.0,159,37.03,51.6,17.4,8.7,86.5,1.0,11,44,27,2,8,2,0,1,4
MS-WB-010,Tamluk · WB29,West Bengal,East,2022-06,47,64.0,171,37.03,57.1,24.5,15.3,87.2,0.0,11,62,36,3,6,1,1,1,1
MS-WB-010,Tamluk · WB29,West Bengal,East,2022-07,44,61.0,164,37.03,63.1,29.3,16.6,88.0,0.0,12,58,32,1,9,1,0,1,2
MS-WB-010,Tamluk · WB29,West Bengal,East,2022-08,41,55.0,181,37.03,68.0,33.5,17.2,87.1,0.0,16,55,53,4,7,1,0,1,1
MS-WB-010,Tamluk · WB29,West Bengal,East,2022-09,71,65.0,262,37.03,46.0,12.4,5.1,89.7,0.0,19,93,56,5,7,4,1,0,5
MS-WB-010,Tamluk · WB29,West Bengal,East,2022-10,31,80.0,129,37.03,79.5,39.2,22.0,86.0,0.0,11,39,37,2,3,3,0,1,2
MS-WB-010,Tamluk · WB29,West Bengal,East,2022-11,45,88.0,186,37.03,94.3,46.0,28.0,83.5,0.0,12,77,35,3,8,2,0,1,2
MS-WB-010,Tamluk · WB29,West Bengal,East,2022-12,54,64.0,165,37.03,87.5,44.5,23.8,81.8,0.0,25,46,32,3,2,0,0,0,2
MS-WB-010,Tamluk · WB29,West Bengal,East,2023-01,56,84.0,176,37.03,72.1,38.7,18.6,84.9,1.0,17,62,28,2,1,3,0,2,4
MS-WB-010,Tamluk · WB29,West Bengal,East,2023-02,52,62.0,142,37.03,66.7,29.7,14.2,84.2,0.0,9,48,21,2,4,3,0,1,1
MS-WB-010,Tamluk · WB29,West Bengal,East,2023-03,43,68.0,155,37.03,74.2,36.6,20.7,83.4,1.0,19,50,33,4,2,1,0,0,2
MS-WB-010,Tamluk · WB29,West Bengal,East,2023-04,51,53.0,148,37.03,63.3,30.1,14.8,84.2,1.0,22,47,19,1,5,1,1,0,1
MS-WB-010,Tamluk · WB29,West Bengal,East,2023-05,42,53.0,171,37.03,62.7,28.4,15.6,86.4,0.0,34,51,32,3,6,0,0,1,1
MS-WB-010,Tamluk · WB29,West Bengal,East,2023-06,46,52.0,163,37.03,55.2,23.2,15.8,87.1,2.0,28,41,37,1,5,1,1,1,1
MS-WB-010,Tamluk · WB29,West Bengal,East,2023-07,34,49.0,154,37.03,66.7,33.4,18.2,85.4,0.0,34,58,20,0,4,0,0,0,1
MS-WB-010,Tamluk · WB29,West Bengal,East,2023-08,49,45.0,207,37.03,47.6,14.7,11.9,86.0,1.0,34,57,54,0,6,0,1,2,4
MS-WB-010,Tamluk · WB29,West Bengal,East,2023-09,45,52.0,187,37.03,46.8,17.0,8.5,87.6,1.0,23,68,33,5,5,1,2,1,1
MS-WB-010,Tamluk · WB29,West Bengal,East,2023-10,67,65.0,235,37.03,38.1,3.5,6.8,86.6,1.0,43,70,37,1,12,0,0,2,3
MS-WB-010,Tamluk · WB29,West Bengal,East,2023-11,65,71.0,203,37.03,39.6,3.3,7.3,89.1,0.0,30,59,30,2,10,1,0,1,2
MS-WB-010,Tamluk · WB29,West Bengal,East,2023-12,55,51.0,177,37.03,31.4,4.2,4.9,88.6,0.0,19,48,39,2,9,0,0,1,3
MS-WB-010,Tamluk · WB29,West Bengal,East,2024-01,80,68.0,234,37.03,24.2,3.5,4.0,85.6,1.0,28,71,38,5,6,2,0,1,1
MS-WB-010,Tamluk · WB29,West Bengal,East,2024-02,49,50.0,199,37.03,25.1,3.3,5.7,85.1,0.0,30,61,40,4,9,2,1,1,1
MS-WB-010,Tamluk · WB29,West Bengal,East,2024-03,64,55.0,184,37.03,19.1,1.0,6.5,84.2,2.0,17,47,34,3,16,1,1,0,1
MS-WB-010,Tamluk · WB29,West Bengal,East,2024-04,62,54.0,204,37.03,19.4,2.2,3.9,84.9,0.0,23,68,34,4,7,0,0,2,2
MS-WB-010,Tamluk · WB29,West Bengal,East,2024-05,52,54.0,146,37.03,22.6,2.6,4.4,85.9,1.0,17,37,19,4,12,1,0,2,1
MS-WB-016,Jhargram · WB49,West Bengal,East,2021-06,33,,66,37.25,,,,,,4,13,15,0,0,0,1,0,0
MS-WB-016,Jhargram · WB49,West Bengal,East,2021-07,43,,82,37.25,,,,,,3,18,16,1,0,0,0,0,1
MS-WB-016,Jhargram · WB49,West Bengal,East,2021-08,44,,93,37.25,,,,,,7,12,27,0,2,0,0,0,1
MS-WB-016,Jhargram · WB49,West Bengal,East,2021-09,50,,95,37.25,,,,,,3,14,22,0,1,0,0,0,4
MS-WB-016,Jhargram · WB49,West Bengal,East,2021-10,15,,34,37.25,,,,,,4,9,6,0,0,0,0,0,0
MS-WB-016,Jhargram · WB49,West Bengal,East,2021-11,70,,122,37.25,,,,,,7,21,19,0,0,1,0,0,3
MS-WB-016,Jhargram · WB49,West Bengal,East,2021-12,44,,86,37.25,,,,,,2,17,22,0,0,0,0,0,1
MS-WB-016,Jhargram · WB49,West Bengal,East,2022-01,29,,62,37.25,,,,,,5,8,19,0,0,1,0,0,0
MS-WB-016,Jhargram · WB49,West Bengal,East,2022-02,38,,76,37.25,,,,,,3,18,17,0,0,0,0,0,0
MS-WB-016,Jhargram · WB49,West Bengal,East,2022-03,39,,86,37.25,,,,,,2,22,21,0,1,1,0,0,0
MS-WB-016,Jhargram · WB49,West Bengal,East,2022-04,38,44.0,85,37.25,43.8,6.7,13.4,78.4,2.0,4,20,22,0,0,0,0,0,1
MS-WB-016,Jhargram · WB49,West Bengal,East,2022-05,33,44.0,68,37.25,51.6,19.4,15.8,78.6,0.0,0,17,15,1,0,0,0,0,2
MS-WB-016,Jhargram · WB49,West Bengal,East,2022-06,37,43.0,91,37.25,54.0,23.6,17.7,78.3,1.0,2,22,27,2,0,0,0,0,1
MS-WB-016,Jhargram · WB49,West Bengal,East,2022-07,22,40.0,64,37.25,73.2,35.6,27.4,77.8,0.0,2,22,14,0,2,0,0,0,2
MS-WB-016,Jhargram · WB49,West Bengal,East,2022-08,38,37.0,73,37.25,53.5,19.5,18.5,76.9,1.0,2,15,17,0,1,0,0,0,0
MS-WB-016,Jhargram · WB49,West Bengal,East,2022-09,44,43.0,98,37.25,49.2,14.9,15.9,76.6,0.0,3,28,20,0,2,0,0,0,1
MS-WB-016,Jhargram · WB49,West Bengal,East,2022-10,47,53.0,92,37.25,40.4,5.5,9.2,78.2,0.0,9,15,19,1,0,0,0,0,1
MS-WB-016,Jhargram · WB49,West Bengal,East,2022-11,32,58.0,62,37.25,63.0,30.1,15.5,75.6,2.0,0,11,17,0,0,0,0,1,1
MS-WB-016,Jhargram · WB49,West Bengal,East,2022-12,46,43.0,84,37.25,47.1,16.2,10.5,77.6,0.0,1,19,16,0,1,0,0,0,1
MS-WB-016,Jhargram · WB49,West Bengal,East,2023-01,31,56.0,77,37.25,67.4,33.8,19.4,75.5,0.0,1,20,25,0,0,0,0,0,0
MS-WB-016,Jhargram · WB49,West Bengal,East,2023-02,41,41.0,79,37.25,48.5,12.6,10.8,78.4,1.0,11,9,14,0,1,0,0,0,2
MS-WB-016,Jhargram · WB49,West Bengal,East,2023-03,40,45.0,90,37.25,45.8,14.1,12.3,79.4,0.0,0,25,19,0,1,0,0,1,2
MS-WB-016,Jhargram · WB49,West Bengal,East,2023-04,26,40.0,54,37.25,58.6,24.4,18.9,77.0,0.0,0,18,7,0,2,0,0,0,1
MS-WB-016,Jhargram · WB49,West Bengal,East,2023-05,25,40.0,58,37.25,69.1,35.8,24.7,75.8,0.0,3,19,9,0,1,0,0,0,1
MS-WB-016,Jhargram · WB49,West Bengal,East,2023-06,45,39.0,82,37.25,46.4,12.7,15.8,80.3,0.0,5,17,11,0,2,0,0,0,1
MS-WB-016,Jhargram · WB49,West Bengal,East,2023-07,33,37.0,68,37.25,45.8,14.9,15.7,80.1,1.0,3,17,14,0,1,0,0,0,0
MS-WB-016,Jhargram · WB49,West Bengal,East,2023-08,48,34.0,89,37.25,21.3,4.3,12.6,79.4,2.0,5,14,17,3,1,0,0,1,0
MS-WB-016,Jhargram · WB49,West Bengal,East,2023-09,33,40.0,74,37.25,32.8,5.3,12.2,78.8,1.0,4,19,12,3,2,0,0,0,1
MS-WB-016,Jhargram · WB49,West Bengal,East,2023-10,57,49.0,105,37.25,21.8,4.5,9.0,78.4,2.0,6,30,8,3,0,0,1,0,0
MS-WB-016,Jhargram · WB49,West Bengal,East,2023-11,38,54.0,79,37.25,40.4,0.0,8.7,79.6,0.0,7,18,12,1,0,0,0,2,1
MS-WB-016,Jhargram · WB49,West Bengal,East,2023-12,34,39.0,74,37.25,39.1,0.0,7.7,80.0,1.0,6,11,17,4,0,1,0,0,1
MS-WB-016,Jhargram · WB49,West Bengal,East,2024-01,48,51.0,93,37.25,46.4,13.6,7.6,78.9,1.0,3,18,16,2,6,0,0,0,0
MS-WB-016,Jhargram · WB49,West Bengal,East,2024-02,36,38.0,72,37.25,41.5,6.6,6.7,78.8,0.0,2,13,17,1,2,0,0,1,0
MS-WB-016,Jhargram · WB49,West Bengal,East,2024-03,35,41.0,68,37.25,42.2,6.5,9.7,78.0,0.0,3,14,10,0,4,0,0,0,2
MS-WB-016,Jhargram · WB49,West Bengal,East,2024-04,40,38.0,75,37.25,39.3,2.4,12.6,77.9,0.0,2,18,10,2,2,0,0,1,0
MS-WB-016,Jhargram · WB49,West Bengal,East,2024-05,31,38.0,74,37.25,42.4,8.2,14.0,76.0,0.0,2,21,20,0,0,0,0,0,0
MS-WB-022,Uttar Dinajpur · WB59,West Bengal,East,2021-06,33,,102,37.77,,,,,,18,31,14,1,0,0,0,0,5
MS-WB-022,Uttar Dinajpur · WB59,West Bengal,East,2021-07,34,,90,37.77,,,,,,14,16,23,1,0,1,0,0,1
MS-WB-022,Uttar Dinajpur · WB59,West Bengal,East,2021-08,34,,95,37.77,,,,,,8,24,20,0,1,0,0,1,4
MS-WB-022,Uttar Dinajpur · WB59,West Bengal,East,2021-09,31,,104,37.77,,,,,,27,15,19,1,5,1,0,0,5
MS-WB-022,Uttar Dinajpur · WB59,West Bengal,East,2021-10,22,,63,37.77,,,,,,12,17,10,0,1,0,0,0,1
MS-WB-022,Uttar Dinajpur · WB59,West Bengal,East,2021-11,25,,97,37.77,,,,,,18,33,14,1,2,1,1,1,1
MS-WB-022,Uttar Dinajpur · WB59,West Bengal,East,2021-12,26,,77,37.77,,,,,,14,20,10,0,3,0,1,0,1
MS-WB-022,Uttar Dinajpur · WB59,West Bengal,East,2022-01,29,,90,37.77,,,,,,13,34,9,0,3,0,0,0,2
MS-WB-022,Uttar Dinajpur · WB59,West Bengal,East,2022-02,23,,90,37.77,,,,,,11,46,6,1,2,0,0,0,1
MS-WB-022,Uttar Dinajpur · WB59,West Bengal,East,2022-03,26,,109,37.77,,,,,,13,47,20,0,1,0,0,0,2
MS-WB-022,Uttar Dinajpur · WB59,West Bengal,East,2022-04,15,28.0,85,37.77,86.7,43.2,27.7,71.5,1.0,7,44,17,0,1,0,0,0,1
MS-WB-022,Uttar Dinajpur · WB59,West Bengal,East,2022-05,28,28.0,95,37.77,46.0,13.5,8.8,75.3,1.0,12,43,10,0,0,0,0,0,2
MS-WB-022,Uttar Dinajpur · WB59,West Bengal,East,2022-06,36,27.0,115,37.77,26.2,1.6,5.5,73.9,0.0,6,45,21,0,3,0,1,0,3
MS-WB-022,Uttar Dinajpur · WB59,West Bengal,East,2022-07,32,25.0,118,37.77,12.4,1.6,2.3,73.6,0.0,5,49,26,0,2,1,0,0,3
MS-WB-022,Uttar Dinajpur · WB59,West Bengal,East,2022-08,27,23.0,92,37.77,13.5,3.4,4.7,76.0,0.0,13,37,13,0,0,0,0,0,2
MS-WB-022,Uttar Dinajpur · WB59,West Bengal,East,2022-09,25,27.0,111,37.77,22.5,1.2,5.6,75.9,0.0,10,44,27,0,1,2,0,0,2
MS-WB-022,Uttar Dinajpur · WB59,West Bengal,East,2022-10,37,34.0,85,37.77,26.8,4.6,4.4,75.6,0.0,5,25,16,0,1,0,0,0,1
MS-WB-022,Uttar Dinajpur · WB59,West Bengal,East,2022-11,25,37.0,122,37.77,42.6,7.9,4.9,73.3,0.0,11,54,25,2,1,0,2,0,2
MS-WB-022,Uttar Dinajpur · WB59,West Bengal,East,2022-12,34,27.0,92,37.77,30.1,3.4,2.9,73.9,0.0,7,27,22,1,0,0,0,0,1
MS-WB-022,Uttar Dinajpur · WB59,West Bengal,East,2023-01,21,35.0,132,37.77,53.2,22.0,10.2,75.2,0.0,8,67,31,1,1,1,0,0,1
MS-WB-022,Uttar Dinajpur · WB59,West Bengal,East,2023-02,20,26.0,91,37.77,59.9,26.8,10.9,75.7,0.0,10,36,23,1,0,0,0,0,0
MS-WB-022,Uttar Dinajpur · WB59,West Bengal,East,2023-03,21,28.0,95,37.77,73.5,36.2,19.3,74.5,1.0,7,47,16,0,1,0,0,0,3
MS-WB-022,Uttar Dinajpur · WB59,West Bengal,East,2023-04,18,29.0,91,37.77,81.4,40.6,23.6,72.4,2.0,8,51,12,0,0,0,0,0,2
MS-WB-022,Uttar Dinajpur · WB59,West Bengal,East,2023-05,15,29.0,99,37.77,94.0,45.5,30.4,70.9,0.0,22,45,16,1,0,0,0,0,0
MS-WB-022,Uttar Dinajpur · WB59,West Bengal,East,2023-06,21,28.0,74,37.77,81.4,39.6,27.7,71.5,0.0,5,18,23,0,1,1,1,0,3
MS-WB-022,Uttar Dinajpur · WB59,West Bengal,East,2023-07,17,27.0,92,37.77,87.0,46.0,27.7,73.4,0.0,13,27,30,1,0,0,0,0,3
MS-WB-022,Uttar Dinajpur · WB59,West Bengal,East,2023-08,30,24.0,102,37.77,42.5,7.1,9.6,76.9,0.0,11,41,14,1,1,0,1,0,3
MS-WB-022,Uttar Dinajpur · WB59,West Bengal,East,2023-09,20,28.0,79,37.77,50.7,17.4,9.4,75.9,0.0,3,33,19,1,2,0,0,0,1
MS-WB-022,Uttar Dinajpur · WB59,West Bengal,East,2023-10,34,35.0,127,37.77,39.7,3.7,8.5,76.8,1.0,20,55,14,0,0,0,0,0,4
MS-WB-022,Uttar Dinajpur · WB59,West Bengal,East,2023-11,17,38.0,119,37.77,74.4,38.9,24.1,74.2,1.0,17,62,16,0,4,1,0,0,2
MS-WB-022,Uttar Dinajpur · WB59,West Bengal,East,2023-12,25,28.0,117,37.77,62.0,29.6,14.7,76.6,0.0,6,56,24,2,1,0,1,1,1
MS-WB-022,Uttar Dinajpur · WB59,West Bengal,East,2024-01,22,37.0,148,37.77,86.2,46.0,24.4,74.4,1.0,6,82,28,1,5,0,0,1,3
MS-WB-022,Uttar Dinajpur · WB59,West Bengal,East,2024-02,21,27.0,111,37.77,69.6,33.8,16.0,75.3,1.0,10,56,19,0,0,1,0,0,4
MS-WB-022,Uttar Dinajpur · WB59,West Bengal,East,2024-03,13,30.0,73,37.77,96.4,48.2,24.9,72.4,1.0,6,43,10,0,1,0,0,0,0
MS-WB-022,Uttar Dinajpur · WB59,West Bengal,East,2024-04,22,21.0,95,37.77,68.6,32.8,16.5,75.9,0.0,9,43,17,0,2,0,0,0,2
MS-WB-022,Uttar Dinajpur · WB59,West Bengal,East,2024-05,32,21.0,125,37.77,35.2,3.6,5.3,75.3,0.0,14,53,23,1,0,0,0,0,2
